{
  "phase": "4_posthoc_calibration",
  "baseline": {
    "base_mae": 8.128,
    "base_rmse": 10.338,
    "base_r": 0.323,
    "base_r_p": 0.001181,
    "base_rho": 0.3,
    "base_ccc": 0.159,
    "base_r2": 0.098,
    "base_cal_slope": 0.085,
    "base_cal_intercept": 21.739,
    "base_n": 98
  },
  "experiments": {
    "E4.1_isotonic": {
      "total_mae": 8.419,
      "total_rmse": 10.607,
      "total_r": 0.288,
      "total_r_p": 0.004027,
      "total_rho": 0.125,
      "total_ccc": 0.221,
      "total_r2": 0.05,
      "total_cal_slope": 0.135,
      "total_cal_intercept": 21.053,
      "total_n": 98,
      "quartiles": [
        {
          "mae": 17.506,
          "rmse": 18.369,
          "r": 0.235,
          "r_p": 0.543348,
          "rho": 0.087,
          "ccc": 0.027,
          "r2": -15.02,
          "cal_slope": 0.225,
          "cal_intercept": 22.328,
          "n": 9,
          "label": "Q1 (<12)",
          "bias": 17.51
        },
        {
          "mae": 7.25,
          "rmse": 8.251,
          "r": 0.368,
          "r_p": 0.064641,
          "rho": -0.063,
          "ccc": 0.101,
          "r2": -9.527,
          "cal_slope": 0.591,
          "cal_intercept": 13.642,
          "n": 26,
          "label": "Q2 (12-20)",
          "bias": 7.25
        },
        {
          "mae": 4.759,
          "rmse": 5.802,
          "r": 0.253,
          "r_p": 0.090283,
          "rho": -0.015,
          "ccc": 0.217,
          "r2": -1.521,
          "cal_slope": 0.35,
          "cal_intercept": 15.387,
          "n": 46,
          "label": "Q3 (20-35)",
          "bias": -2.02
        },
        {
          "mae": 15.299,
          "rmse": 16.575,
          "r": 0.457,
          "r_p": 0.064822,
          "rho": 0.483,
          "ccc": 0.111,
          "r2": -6.576,
          "cal_slope": 0.472,
          "cal_intercept": 6.431,
          "n": 17,
          "label": "Q4 (>=35)",
          "bias": -15.3
        }
      ]
    },
    "E4.2_platt": {
      "total_mae": 8.323,
      "total_rmse": 10.533,
      "total_r": 0.26,
      "total_r_p": 0.00968,
      "total_rho": 0.264,
      "total_ccc": 0.153,
      "total_r2": 0.063,
      "total_cal_slope": 0.085,
      "total_cal_intercept": 22.344,
      "total_n": 98,
      "quartiles": [
        {
          "mae": 17.474,
          "rmse": 18.107,
          "r": 0.315,
          "r_p": 0.409458,
          "rho": 0.173,
          "ccc": 0.028,
          "r2": -14.567,
          "cal_slope": 0.228,
          "cal_intercept": 22.278,
          "n": 9,
          "label": "Q1 (<12)",
          "bias": 17.47
        },
        {
          "mae": 7.894,
          "rmse": 8.596,
          "r": 0.387,
          "r_p": 0.050753,
          "rho": 0.328,
          "ccc": 0.084,
          "r2": -10.424,
          "cal_slope": 0.525,
          "cal_intercept": 15.312,
          "n": 26,
          "label": "Q2 (12-20)",
          "bias": 7.89
        },
        {
          "mae": 3.856,
          "rmse": 4.718,
          "r": 0.215,
          "r_p": 0.1512,
          "rho": 0.224,
          "ccc": 0.185,
          "r2": -0.666,
          "cal_slope": 0.189,
          "cal_intercept": 19.797,
          "n": 46,
          "label": "Q3 (20-35)",
          "bias": -1.91
        },
        {
          "mae": 16.223,
          "rmse": 17.111,
          "r": 0.482,
          "r_p": 0.050107,
          "rho": 0.626,
          "ccc": 0.077,
          "r2": -7.074,
          "cal_slope": 0.338,
          "cal_intercept": 11.027,
          "n": 17,
          "label": "Q4 (>=35)",
          "bias": -16.22
        }
      ]
    },
    "E4.3_linear": {
      "total_mae": 22.012,
      "total_rmse": 26.71,
      "total_r": 0.346,
      "total_r_p": 0.000489,
      "total_rho": 0.296,
      "total_ccc": 0.228,
      "total_r2": -5.022,
      "total_cal_slope": 0.89,
      "total_cal_intercept": 7.245,
      "total_n": 98,
      "quartiles": [
        {
          "mae": 18.904,
          "rmse": 28.097,
          "r": 0.342,
          "r_p": 0.366997,
          "rho": 0.217,
          "ccc": 0.094,
          "r2": -36.483,
          "cal_slope": 1.935,
          "cal_intercept": 7.505,
          "n": 9,
          "label": "Q1 (<12)",
          "bias": 13.32
        },
        {
          "mae": 21.262,
          "rmse": 25.559,
          "r": 0.331,
          "r_p": 0.098384,
          "rho": 0.324,
          "ccc": 0.062,
          "r2": -100.011,
          "cal_slope": 3.348,
          "cal_intercept": -31.264,
          "n": 26,
          "label": "Q2 (12-20)",
          "bias": 5.4
        },
        {
          "mae": 21.886,
          "rmse": 26.576,
          "r": 0.231,
          "r_p": 0.122801,
          "rho": 0.227,
          "ccc": 0.06,
          "r2": -51.883,
          "cal_slope": 1.691,
          "cal_intercept": -13.951,
          "n": 46,
          "label": "Q3 (20-35)",
          "bias": 4.55
        },
        {
          "mae": 25.146,
          "rmse": 28.01,
          "r": 0.527,
          "r_p": 0.029872,
          "rho": 0.692,
          "ccc": 0.199,
          "r2": -20.635,
          "cal_slope": 2.683,
          "cal_intercept": -70.632,
          "n": 17,
          "label": "Q4 (>=35)",
          "bias": -1.35
        }
      ]
    },
    "E4.4_polynomial": {
      "total_mae": 8.499,
      "total_rmse": 10.603,
      "total_r": 0.245,
      "total_r_p": 0.014846,
      "total_rho": 0.219,
      "total_ccc": 0.15,
      "total_r2": 0.051,
      "total_cal_slope": 0.084,
      "total_cal_intercept": 22.378,
      "total_n": 98,
      "quartiles": [
        {
          "mae": 17.641,
          "rmse": 18.271,
          "r": 0.336,
          "r_p": 0.377002,
          "rho": 0.173,
          "ccc": 0.032,
          "r2": -14.85,
          "cal_slope": 0.258,
          "cal_intercept": 22.26,
          "n": 9,
          "label": "Q1 (<12)",
          "bias": 17.64
        },
        {
          "mae": 8.04,
          "rmse": 8.69,
          "r": 0.37,
          "r_p": 0.062732,
          "rho": 0.285,
          "ccc": 0.075,
          "r2": -10.677,
          "cal_slope": 0.472,
          "cal_intercept": 16.289,
          "n": 26,
          "label": "Q2 (12-20)",
          "bias": 8.04
        },
        {
          "mae": 4.208,
          "rmse": 5.103,
          "r": 0.196,
          "r_p": 0.191101,
          "rho": 0.205,
          "ccc": 0.169,
          "r2": -0.95,
          "cal_slope": 0.198,
          "cal_intercept": 19.369,
          "n": 46,
          "label": "Q3 (20-35)",
          "bias": -2.08
        },
        {
          "mae": 15.975,
          "rmse": 16.892,
          "r": 0.473,
          "r_p": 0.055449,
          "rho": 0.647,
          "ccc": 0.078,
          "r2": -6.869,
          "cal_slope": 0.334,
          "cal_intercept": 11.458,
          "n": 17,
          "label": "Q4 (>=35)",
          "bias": -15.98
        }
      ]
    }
  }
}