{
  "phase": "2_residual_modeling",
  "experiments": {
    "E2.0_control": {
      "total_mae": 8.128,
      "total_rmse": 10.338,
      "total_r": 0.323,
      "total_r_p": 0.001182,
      "total_rho": 0.3,
      "total_ccc": 0.159,
      "total_r2": 0.098,
      "total_cal_slope": 0.085,
      "total_cal_intercept": 21.739,
      "total_n": 98,
      "quartiles": [
        {
          "mae": 16.728,
          "rmse": 17.319,
          "r": 0.33,
          "r_p": 0.385901,
          "rho": 0.259,
          "ccc": 0.026,
          "r2": -13.241,
          "cal_slope": 0.192,
          "cal_intercept": 21.756,
          "n": 9,
          "label": "Q1 (<12)",
          "bias": 16.73
        },
        {
          "mae": 7.334,
          "rmse": 7.9,
          "r": 0.395,
          "r_p": 0.046095,
          "rho": 0.343,
          "ccc": 0.082,
          "r2": -8.651,
          "cal_slope": 0.432,
          "cal_intercept": 16.203,
          "n": 26,
          "label": "Q2 (12-20)",
          "bias": 7.33
        },
        {
          "mae": 3.769,
          "rmse": 4.706,
          "r": 0.234,
          "r_p": 0.117819,
          "rho": 0.226,
          "ccc": 0.166,
          "r2": -0.658,
          "cal_slope": 0.165,
          "cal_intercept": 19.792,
          "n": 46,
          "label": "Q3 (20-35)",
          "bias": -2.56
        },
        {
          "mae": 16.583,
          "rmse": 17.377,
          "r": 0.509,
          "r_p": 0.036799,
          "rho": 0.654,
          "ccc": 0.064,
          "r2": -7.327,
          "cal_slope": 0.287,
          "cal_intercept": 12.788,
          "n": 17,
          "label": "Q4 (>=35)",
          "bias": -16.58
        }
      ],
      "time_s": 593.4
    },
    "E2.1_residual": {
      "total_mae": 7.699,
      "total_rmse": 9.634,
      "total_r": 0.476,
      "total_r_p": 1e-06,
      "total_rho": 0.39,
      "total_ccc": 0.396,
      "total_r2": 0.217,
      "total_cal_slope": 0.256,
      "total_cal_intercept": 19.036,
      "total_n": 98,
      "obs_mae": 4.266,
      "obs_rmse": 5.373,
      "obs_r": 0.441,
      "obs_r_p": 6e-06,
      "obs_rho": 0.333,
      "obs_ccc": 0.363,
      "obs_r2": 0.177,
      "obs_cal_slope": 0.235,
      "obs_cal_intercept": 8.937,
      "obs_n": 98,
      "quartiles": [
        {
          "mae": 15.928,
          "rmse": 16.316,
          "r": 0.797,
          "r_p": 0.010087,
          "rho": 0.863,
          "ccc": 0.139,
          "r2": -11.64,
          "cal_slope": 1.018,
          "cal_intercept": 15.815,
          "n": 9,
          "label": "Q1 (<12)",
          "bias": 15.93
        },
        {
          "mae": 7.528,
          "rmse": 8.872,
          "r": 0.24,
          "r_p": 0.237066,
          "rho": 0.151,
          "ccc": 0.07,
          "r2": -11.169,
          "cal_slope": 0.459,
          "cal_intercept": 15.835,
          "n": 26,
          "label": "Q2 (12-20)",
          "bias": 7.39
        },
        {
          "mae": 4.799,
          "rmse": 6.12,
          "r": 0.088,
          "r_p": 0.56227,
          "rho": 0.087,
          "ccc": 0.08,
          "r2": -1.804,
          "cal_slope": 0.122,
          "cal_intercept": 22.251,
          "n": 46,
          "label": "Q3 (20-35)",
          "bias": -1.25
        },
        {
          "mae": 11.451,
          "rmse": 13.128,
          "r": 0.409,
          "r_p": 0.102694,
          "rho": 0.674,
          "ccc": 0.152,
          "r2": -3.752,
          "cal_slope": 0.426,
          "cal_intercept": 12.341,
          "n": 17,
          "label": "Q4 (>=35)",
          "bias": -11.3
        }
      ],
      "time_s": 1193.1
    },
    "E2.3_embedded_demo": {
      "total_mae": 8.128,
      "total_rmse": 10.338,
      "total_r": 0.323,
      "total_r_p": 0.001183,
      "total_rho": 0.3,
      "total_ccc": 0.159,
      "total_r2": 0.098,
      "total_cal_slope": 0.085,
      "total_cal_intercept": 21.739,
      "total_n": 98,
      "quartiles": [
        {
          "mae": 16.728,
          "rmse": 17.319,
          "r": 0.33,
          "r_p": 0.385901,
          "rho": 0.259,
          "ccc": 0.026,
          "r2": -13.241,
          "cal_slope": 0.192,
          "cal_intercept": 21.756,
          "n": 9,
          "label": "Q1 (<12)",
          "bias": 16.73
        },
        {
          "mae": 7.334,
          "rmse": 7.901,
          "r": 0.394,
          "r_p": 0.046143,
          "rho": 0.343,
          "ccc": 0.082,
          "r2": -8.652,
          "cal_slope": 0.432,
          "cal_intercept": 16.205,
          "n": 26,
          "label": "Q2 (12-20)",
          "bias": 7.33
        },
        {
          "mae": 3.769,
          "rmse": 4.706,
          "r": 0.234,
          "r_p": 0.117816,
          "rho": 0.226,
          "ccc": 0.166,
          "r2": -0.658,
          "cal_slope": 0.165,
          "cal_intercept": 19.792,
          "n": 46,
          "label": "Q3 (20-35)",
          "bias": -2.56
        },
        {
          "mae": 16.583,
          "rmse": 17.377,
          "r": 0.509,
          "r_p": 0.036799,
          "rho": 0.654,
          "ccc": 0.064,
          "r2": -7.327,
          "cal_slope": 0.287,
          "cal_intercept": 12.788,
          "n": 17,
          "label": "Q4 (>=35)",
          "bias": -16.58
        }
      ],
      "time_s": 592.6
    },
    "E2.4_twostage": {
      "total_mae": 7.865,
      "total_rmse": 9.861,
      "total_r": 0.436,
      "total_r_p": 7e-06,
      "total_rho": 0.353,
      "total_ccc": 0.364,
      "total_r2": 0.179,
      "total_cal_slope": 0.235,
      "total_cal_intercept": 18.663,
      "total_n": 98,
      "quartiles": [
        {
          "mae": 14.942,
          "rmse": 15.438,
          "r": 0.771,
          "r_p": 0.015022,
          "rho": 0.776,
          "ccc": 0.153,
          "r2": -10.316,
          "cal_slope": 1.023,
          "cal_intercept": 14.798,
          "n": 9,
          "label": "Q1 (<12)",
          "bias": 14.94
        },
        {
          "mae": 6.925,
          "rmse": 8.372,
          "r": 0.229,
          "r_p": 0.26074,
          "rho": 0.118,
          "ccc": 0.077,
          "r2": -9.838,
          "cal_slope": 0.453,
          "cal_intercept": 15.192,
          "n": 26,
          "label": "Q2 (12-20)",
          "bias": 6.65
        },
        {
          "mae": 5.209,
          "rmse": 6.643,
          "r": 0.015,
          "r_p": 0.921827,
          "rho": 0.017,
          "ccc": 0.013,
          "r2": -2.305,
          "cal_slope": 0.021,
          "cal_intercept": 24.171,
          "n": 46,
          "label": "Q3 (20-35)",
          "bias": -2.02
        },
        {
          "mae": 12.743,
          "rmse": 14.414,
          "r": 0.381,
          "r_p": 0.131103,
          "rho": 0.644,
          "ccc": 0.119,
          "r2": -4.729,
          "cal_slope": 0.385,
          "cal_intercept": 12.571,
          "n": 17,
          "label": "Q4 (>=35)",
          "bias": -12.74
        }
      ],
      "time_s": 3063.6
    }
  }
}