{
  "results": [
    {
      "config": "C0_stack_noHY",
      "n_raw": 1760,
      "n_sel": 150,
      "mean_mae": 7.109,
      "std_mae": 0.46,
      "ens_mae": 7.038,
      "ens_r": 0.843,
      "seed_maes": [
        6.731,
        6.97,
        7.066,
        7.996,
        6.781
      ],
      "top10": [
        "R_DorsalFoot_ay_loco",
        "cv_yrs",
        "Xiphoid_gm_trem",
        "Xiphoid_gm_loco",
        "R_LatShank_gm_loco",
        "ev_Turn_rms",
        "L_Wrist_ax_dom",
        "Forehead_gm_std",
        "fc_L_st_m",
        "R_LatShank_am_jerk"
      ],
      "ens_preds": [
        4.244340268615643,
        15.767955984579661,
        9.898216579685535,
        6.701524156048353,
        24.81308065062359,
        13.485115449073458,
        7.2617423671785915,
        29.62773020525549,
        20.108079356462998,
        32.51842981704524,
        29.156975330026956,
        26.85405750728731,
        18.011483788046693,
        22.18613478064961,
        9.647117138699716,
        20.98393677943026,
        23.416644051983063,
        5.952715790877114,
        20.126744463575196,
        20.33421093524855,
        31.136455377214283,
        24.60658392527634,
        10.805007204243658,
        8.55599730633301,
        15.178766478360458,
        12.768425892284801,
        2.260483322451413,
        16.99676274602607,
        23.261418454685227,
        19.117422136973836,
        8.500591990556392,
        9.540987597406671,
        12.956886758975704,
        31.796034358982354,
        29.924314654871086,
        30.375280901674707
      ]
    },
    {
      "config": "C1_stack_HY",
      "n_raw": 1764,
      "n_sel": 150,
      "mean_mae": 6.616,
      "std_mae": 0.314,
      "ens_mae": 6.564,
      "ens_r": 0.845,
      "seed_maes": [
        6.224,
        6.379,
        7.089,
        6.849,
        6.538
      ],
      "top10": [
        "hy",
        "LowerBack_g_stride_reg",
        "R_Wrist_ay_high_r",
        "hy_x_LowerBack_g_cadence",
        "L_LatShank_ay_se",
        "cv_yrs",
        "R_Ankle_az_zcr",
        "R_MidLatThigh_az_se",
        "L_LatShank_ro_iqr",
        "L_Wrist_ax_trem_r"
      ],
      "ens_preds": [
        3.402540841932023,
        22.76919071469785,
        9.904956446279988,
        4.843442413653935,
        25.00099592255267,
        9.990993138603162,
        3.7496191312911042,
        30.258824804943362,
        21.31578970681067,
        32.77951033656433,
        27.44164999903636,
        25.626855159989752,
        12.395037046891137,
        23.317087577674904,
        8.893152513024738,
        23.92799350680905,
        26.318509808351592,
        4.84433969853764,
        20.983168237069997,
        18.017692547089773,
        30.05518808143724,
        25.332020138603138,
        5.839304209511818,
        3.413169539252485,
        20.89717312539547,
        25.073181234549185,
        4.102203013056555,
        11.65562156512576,
        23.374257529529917,
        26.19930674198982,
        11.66350496086778,
        18.387399523372487,
        15.639687631674132,
        28.42464307631061,
        25.959141435365524,
        27.971739485832813
      ]
    },
    {
      "config": "C2_stack_HY_K160",
      "n_raw": 1764,
      "n_sel": 160,
      "mean_mae": 6.494,
      "std_mae": 0.3,
      "ens_mae": 6.425,
      "ens_r": 0.848,
      "seed_maes": [
        6.206,
        6.301,
        7.052,
        6.539,
        6.37
      ],
      "top10": [
        "hy",
        "LowerBack_g_stride_reg",
        "R_Wrist_ay_high_r",
        "hy_x_LowerBack_g_cadence",
        "L_LatShank_ay_se",
        "cv_yrs",
        "R_Ankle_az_zcr",
        "R_MidLatThigh_az_se",
        "L_LatShank_ro_iqr",
        "L_Wrist_ax_trem_r"
      ],
      "ens_preds": [
        2.79116718131282,
        22.081102875790975,
        9.604540560550012,
        4.6534247148459436,
        25.621553661658634,
        10.39424221670225,
        3.404797106113206,
        30.955522681583755,
        21.599224853185518,
        33.89398304660233,
        27.38919231764757,
        25.66855128447215,
        12.308465668072643,
        23.11750044663619,
        8.650704867519892,
        22.92292400575703,
        26.542228060734004,
        4.7850986683785575,
        20.796908096176423,
        18.508160649415217,
        29.81135878642882,
        25.8544382138861,
        5.6098054663433174,
        3.3109281100627257,
        20.316205455912364,
        25.077161366011197,
        3.862110293220063,
        11.244455590864494,
        23.19525232837189,
        26.09108824166676,
        11.914447256617873,
        17.885097498108028,
        15.170541656102628,
        29.0551511537029,
        26.884020199859897,
        28.0218893608591
      ]
    },
    {
      "config": "C3_lgb_HY",
      "n_raw": 1764,
      "n_sel": 150,
      "mean_mae": 6.796,
      "std_mae": 0.148,
      "ens_mae": 6.616,
      "ens_r": 0.836,
      "seed_maes": [
        7.023,
        6.779,
        6.81,
        6.814,
        6.556
      ],
      "top10": [
        "hy",
        "LowerBack_g_stride_reg",
        "R_Wrist_ay_high_r",
        "hy_x_LowerBack_g_cadence",
        "L_LatShank_ay_se",
        "cv_yrs",
        "R_Ankle_az_zcr",
        "R_MidLatThigh_az_se",
        "L_LatShank_ro_iqr",
        "L_Wrist_ax_trem_r"
      ]
    },
    {
      "config": "C4_stack_HY_K200",
      "n_raw": 1764,
      "n_sel": 200,
      "mean_mae": 6.545,
      "std_mae": 0.279,
      "ens_mae": 6.469,
      "ens_r": 0.849,
      "seed_maes": [
        6.196,
        6.305,
        6.923,
        6.8,
        6.5
      ],
      "top10": [
        "hy",
        "LowerBack_g_stride_reg",
        "R_Wrist_ay_high_r",
        "hy_x_LowerBack_g_cadence",
        "L_LatShank_ay_se",
        "cv_yrs",
        "R_Ankle_az_zcr",
        "R_MidLatThigh_az_se",
        "L_LatShank_ro_iqr",
        "L_Wrist_ax_trem_r"
      ],
      "ens_preds": [
        3.1815686806561585,
        23.293127383541453,
        9.099063248663885,
        4.772391150815827,
        24.8237131322945,
        11.050171882489622,
        3.5427817986225363,
        30.80421762780019,
        21.28508435421112,
        32.89916178627962,
        27.36775610256643,
        26.053955550287036,
        12.709756944146255,
        22.521413511813865,
        9.1002099836812,
        23.710036640292408,
        26.06183795578435,
        4.851790170245293,
        20.639235371449843,
        18.813116375403133,
        29.586826240624013,
        25.224583337796854,
        5.265564340274697,
        3.379055913591075,
        20.271451509340274,
        25.027982587365834,
        3.878144944066219,
        11.686912350707768,
        23.39487520622344,
        26.084666197732474,
        11.81259491642682,
        17.77707987448402,
        15.261595283492989,
        29.560386337248815,
        26.66658120580807,
        28.30092671837674
      ]
    }
  ],
  "best_mae": 6.425,
  "best_config": "C2_stack_HY_K160",
  "runtime_s": 118.5
}