{
  "preregistration": "preregistration_t3_iter19_compose_20260504_134846.json",
  "ts": "20260504_134846",
  "composite_ccc_mean": 0.29878876736177323,
  "composite_ccc_std": 0.020024829319900125,
  "composite_mae_mean": 7.9188231433147775,
  "iter5_ccc_mean": 0.40529302336246076,
  "iter5_ccc_std": 0.03638323657480886,
  "delta": -0.10650425600068752,
  "gate_pass": false,
  "seeds": [
    42,
    1337,
    7
  ],
  "seed_t3_cccs": [
    0.2750906590212951,
    0.32406504871222036,
    0.2972105943518043
  ],
  "iter5_seed_cccs": [
    0.39124842624391504,
    0.369447247270298,
    0.4551833965731694
  ]
}