{
  "mae": 1.162,
  "rmse": 1.517,
  "r": 0.847,
  "ccc": 0.831,
  "cal_slope": 0.707,
  "cal_intercept": 2.053,
  "quartiles": [
    {
      "label": "Q1 (<4)",
      "n": 12,
      "bias": 2.829,
      "mae": 2.829
    },
    {
      "label": "Q2 (4-6)",
      "n": 26,
      "bias": 0.448,
      "mae": 0.751
    },
    {
      "label": "Q3 (6-8)",
      "n": 27,
      "bias": -0.659,
      "mae": 0.973
    },
    {
      "label": "Q4 (>=8)",
      "n": 30,
      "bias": -0.296,
      "mae": 1.021
    }
  ],
  "n": 95,
  "eval_mode": "5split",
  "runtime_s": 44.5,
  "per_subject": {
    "y_true": [
      6.0,
      9.0,
      5.0,
      5.0,
      4.0,
      6.0,
      5.0,
      4.0,
      2.0,
      8.0,
      4.0,
      6.0,
      8.0,
      2.0,
      11.0,
      9.0,
      7.0,
      8.0,
      6.0,
      9.0,
      4.0,
      6.0,
      4.0,
      4.0,
      7.0,
      4.0,
      9.0,
      4.0,
      5.0,
      6.0,
      9.0,
      10.0,
      7.0,
      6.0,
      7.0,
      8.0,
      6.0,
      12.0,
      6.0,
      9.0,
      7.0,
      6.0,
      13.0,
      3.0,
      4.0,
      1.0,
      4.0,
      5.0,
      8.0,
      7.0,
      9.0,
      7.0,
      6.0,
      4.0,
      8.0,
      3.0,
      12.0,
      5.0,
      5.0,
      6.0,
      5.0,
      7.0,
      1.0,
      4.0,
      11.0,
      6.0,
      8.0,
      10.0,
      6.0,
      5.0,
      7.0,
      14.0,
      8.0,
      6.0,
      3.0,
      12.0,
      6.0,
      5.0,
      4.0,
      6.0,
      8.0,
      8.0,
      2.0,
      1.0,
      4.0,
      3.0,
      6.0,
      13.0,
      4.0,
      11.0,
      8.0,
      2.0,
      5.0,
      2.0,
      10.0
    ],
    "y_pred": [
      6.3474494865634385,
      7.270285128130325,
      5.437018154053092,
      3.6376902138846328,
      4.1080551785998765,
      4.933977550484271,
      5.336351763718258,
      4.373656644108838,
      6.137761965182928,
      9.029412851818247,
      4.431068610934183,
      3.966377458213227,
      7.609548643516123,
      4.913666155817934,
      12.301216127324619,
      8.314838393190795,
      6.387162923789799,
      9.642618746638792,
      4.512584058129926,
      7.311411024914119,
      4.03667986608819,
      5.328626361355431,
      4.246147721243828,
      4.635929415346107,
      6.119038153386505,
      4.781043404275136,
      10.453704673890492,
      6.85953943530547,
      4.665720824655254,
      6.371914224319973,
      9.260731556554834,
      9.204473233958755,
      6.331078659615481,
      6.388295917254287,
      5.850820521843242,
      10.054015183755975,
      4.811521495781818,
      9.470537650084191,
      5.472670806089469,
      7.500625738988954,
      6.762273268791875,
      5.380706391229937,
      11.642621287320447,
      4.92742284553462,
      5.099201974664453,
      5.630231327804005,
      5.943403725377847,
      5.02135988954965,
      7.861281827894767,
      9.853863665807665,
      9.65590799693475,
      5.881638122472902,
      5.180489744666801,
      5.140786782120655,
      7.6894110214921,
      4.084534047528849,
      10.807077423770282,
      5.342724255042872,
      4.124128862868533,
      4.961039829007424,
      4.918261005886047,
      5.395836451544419,
      4.225524136446031,
      5.136140960541344,
      11.759628279608616,
      5.119619258609423,
      7.6950916938473,
      10.517768035187869,
      5.441675640285559,
      4.223867698082419,
      4.749287628223065,
      13.183254652228573,
      8.64982397846076,
      5.55471025868709,
      6.360073268460718,
      12.203195935044633,
      6.288426591319381,
      4.596788384802605,
      4.551128129567582,
      3.928172343381914,
      5.506817958327032,
      6.850500046448714,
      4.867147362449631,
      4.896485564263577,
      5.668544074534959,
      3.8078660098774835,
      5.8962548878128604,
      12.40662174065693,
      5.440495137293237,
      11.356708003364288,
      6.7599069419812965,
      4.756836035909719,
      4.8861686040737755,
      4.336798753154143,
      9.164743779757078
    ]
  },
  "proposal": "P5_ranking",
  "target": "T2",
  "phase": 5
}