{
  "mae": 0.953,
  "rmse": 1.207,
  "r": 0.877,
  "ccc": 0.865,
  "cal_slope": 0.745,
  "cal_intercept": 1.013,
  "quartiles": [
    {
      "label": "Q1 (<2)",
      "n": 16,
      "bias": 1.651,
      "mae": 1.651
    },
    {
      "label": "Q2 (2-4)",
      "n": 31,
      "bias": 0.126,
      "mae": 0.636
    },
    {
      "label": "Q3 (4-5)",
      "n": 19,
      "bias": -0.737,
      "mae": 0.844
    },
    {
      "label": "Q4 (>=5)",
      "n": 29,
      "bias": -0.526,
      "mae": 0.978
    }
  ],
  "n": 95,
  "eval_mode": "5split",
  "runtime_s": 48.1,
  "per_subject": {
    "y_true": [
      5.0,
      3.0,
      4.0,
      9.0,
      3.0,
      7.0,
      1.0,
      1.0,
      5.0,
      3.0,
      4.0,
      3.0,
      7.0,
      6.0,
      1.0,
      4.0,
      1.0,
      2.0,
      4.0,
      2.0,
      4.0,
      4.0,
      4.0,
      3.0,
      7.0,
      0.0,
      6.0,
      1.0,
      1.0,
      4.0,
      5.0,
      9.0,
      4.0,
      5.0,
      5.0,
      5.0,
      3.0,
      8.0,
      4.0,
      3.0,
      4.0,
      7.0,
      3.0,
      4.0,
      1.0,
      6.0,
      0.0,
      3.0,
      3.0,
      3.0,
      1.0,
      2.0,
      8.0,
      1.0,
      4.0,
      3.0,
      8.0,
      5.0,
      9.0,
      3.0,
      7.0,
      6.0,
      3.0,
      3.0,
      4.0,
      2.0,
      2.0,
      4.0,
      1.0,
      0.0,
      4.0,
      11.0,
      5.0,
      3.0,
      3.0,
      4.0,
      2.0,
      2.0,
      1.0,
      0.0,
      4.0,
      5.0,
      10.0,
      2.0,
      3.0,
      2.0,
      2.0,
      7.0,
      2.0,
      11.0,
      9.0,
      3.0,
      1.0,
      3.0,
      4.0
    ],
    "y_pred": [
      3.3083239534709614,
      3.3439828870830346,
      3.811753028178644,
      9.219747081691576,
      2.091034424594194,
      8.20747047425018,
      2.2660547369935196,
      2.1482332401798607,
      4.693547540502157,
      1.7606758453819034,
      4.039532138193927,
      1.9129247584489277,
      5.755249987885764,
      5.333524088194804,
      1.9496799547184598,
      2.9002808665772273,
      2.831002986747836,
      2.2783248468778,
      2.7701534731467583,
      3.8397215712722357,
      3.2163438368389685,
      4.757160233230194,
      3.7304311440033926,
      3.357563339415774,
      5.646096015987712,
      2.4547960413821235,
      6.686767342162804,
      2.5183336616890886,
      2.1866033034209362,
      4.188651650388474,
      5.235562204742648,
      6.7642706975443,
      4.0222365711120664,
      3.9620110610470007,
      6.2005231843654,
      3.768443326121601,
      3.0657974792998024,
      5.4323538865996515,
      2.9093583465580375,
      2.4316690812500967,
      1.9370709291845074,
      8.298127855437858,
      2.5364221092608377,
      2.9800935975357064,
      2.5687604337427135,
      3.1340699865461388,
      2.96371698545263,
      2.8145322139122886,
      2.478404919887683,
      2.592762345706282,
      1.7068139237884214,
      2.8602743309072327,
      8.686596273592478,
      1.5615121570816857,
      2.2032504141532927,
      2.555686815295543,
      7.425475264908494,
      3.8261176263321923,
      8.798639191873495,
      2.47298003831098,
      7.541810389788436,
      5.884958977288091,
      3.0159107685135895,
      2.08292920468784,
      3.734530631562835,
      2.50365418157592,
      2.267229184546138,
      3.504795671680983,
      2.1170635315680735,
      1.9085265146962196,
      3.4162022632117868,
      9.453435973033242,
      3.40412797799751,
      2.6618356427756966,
      4.129094335796352,
      2.0713105603034427,
      3.999599740511779,
      2.6580893776421197,
      2.5695143924242645,
      3.8989033180045825,
      3.0150736019708537,
      5.169250869080253,
      9.262885584621383,
      2.2442386873430094,
      2.9764043921592656,
      2.4900272329597812,
      3.7219896893755133,
      6.758012672431015,
      2.7003683441922126,
      10.577807310816338,
      9.296555039638013,
      3.326565688542074,
      2.760762064332658,
      2.7236026406561438,
      2.7793782527325037
    ]
  },
  "proposal": "P5_ranking",
  "target": "T1",
  "phase": 5
}