{
  "mae": 4.464,
  "rmse": 5.806,
  "r": 0.877,
  "ccc": 0.807,
  "cal_slope": 0.581,
  "cal_intercept": 10.894,
  "quartiles": [
    {
      "label": "Q1 (<17)",
      "n": 23,
      "bias": 7.644,
      "mae": 7.644
    },
    {
      "label": "Q2 (17-25)",
      "n": 23,
      "bias": 0.246,
      "mae": 2.524
    },
    {
      "label": "Q3 (25-31)",
      "n": 24,
      "bias": -2.71,
      "mae": 3.564
    },
    {
      "label": "Q4 (>=31)",
      "n": 25,
      "bias": -3.729,
      "mae": 4.187
    }
  ],
  "n": 95,
  "eval_mode": "5split",
  "runtime_s": 43.8,
  "per_subject": {
    "y_true": [
      43.0,
      27.0,
      46.0,
      13.0,
      29.0,
      24.0,
      43.0,
      26.0,
      10.0,
      27.0,
      12.0,
      10.0,
      30.0,
      19.0,
      25.0,
      39.0,
      23.0,
      31.0,
      17.0,
      43.0,
      29.0,
      27.0,
      10.0,
      30.0,
      6.0,
      30.0,
      59.0,
      25.0,
      23.0,
      14.0,
      31.0,
      26.0,
      16.0,
      13.0,
      19.0,
      26.0,
      24.0,
      33.0,
      43.0,
      25.0,
      22.0,
      14.0,
      24.0,
      24.0,
      10.0,
      14.0,
      22.0,
      25.0,
      59.0,
      38.0,
      14.0,
      31.0,
      38.0,
      26.0,
      19.0,
      24.0,
      33.0,
      24.0,
      22.0,
      29.0,
      11.0,
      46.0,
      19.0,
      13.0,
      43.0,
      10.0,
      19.0,
      30.0,
      39.0,
      13.0,
      38.0,
      32.0,
      26.0,
      18.0,
      17.0,
      19.0,
      25.0,
      46.0,
      14.0,
      29.0,
      18.0,
      19.0,
      25.0,
      15.0,
      30.0,
      6.0,
      26.0,
      24.0,
      39.0,
      13.0,
      38.0,
      14.0,
      32.0,
      16.0,
      33.0
    ],
    "y_pred": [
      40.53153618187056,
      22.580391651910755,
      42.43563755186785,
      16.15884995249108,
      27.766093497554493,
      25.0538401868214,
      41.5190174879515,
      20.04135632274196,
      20.169384527254987,
      30.188607926961623,
      19.324571669048733,
      19.77994571823631,
      32.20030889952618,
      25.312294658211492,
      23.02087402242852,
      36.58671814254782,
      21.670328917275935,
      35.23106609846936,
      18.284009141527775,
      40.366907155742055,
      31.161092295669086,
      20.42663772803319,
      20.21592746148417,
      25.60562677843263,
      22.15170820819461,
      30.94227224397622,
      41.12422464105132,
      20.66526873007006,
      21.61555963340346,
      20.85887157605047,
      29.71867325080309,
      22.715718439987214,
      16.33785795364552,
      18.747161120899328,
      23.290158225573624,
      26.429433812974857,
      18.81778498756595,
      30.95169696345828,
      38.86176804736614,
      23.66567577175084,
      21.86643238694573,
      21.271121205461508,
      20.86424228809468,
      20.635736897701104,
      18.633389614095307,
      17.649235699659695,
      21.810589406914566,
      17.004675428080994,
      42.025439925230174,
      34.413277000083085,
      20.163039338750927,
      31.13533889530492,
      35.85356898606481,
      22.823487870340298,
      23.25655616672742,
      22.066429608778016,
      28.8843475937743,
      23.166368837783647,
      23.053140663669986,
      23.949118789254236,
      23.634705862694172,
      37.44448534243055,
      17.404779760678522,
      21.295831287243093,
      39.27170834277396,
      20.055670131661895,
      17.921712006066258,
      23.634199158031905,
      36.83857271107645,
      18.338377946344178,
      33.50488357338095,
      32.64238145992549,
      23.02665140976744,
      19.427827701045107,
      22.610494124292735,
      21.936801457527388,
      19.654016996263966,
      42.01106482545239,
      20.317447305756666,
      30.31558642023372,
      21.625615185310398,
      17.344325607218202,
      20.995545524946653,
      23.42172835847877,
      28.359956967751078,
      19.87394282671563,
      20.77557428892864,
      19.62232679237821,
      37.0108606334146,
      21.843746549973613,
      28.68960727863051,
      18.018766395467445,
      32.35609744225865,
      18.549054528937244,
      33.35458878615122
    ]
  },
  "proposal": "P5_ranking",
  "target": "T3",
  "phase": 5
}