{
  "item": 18,
  "variant": "coherence_plus_v2",
  "eval": "5split",
  "n_subjects": 93,
  "seeds": [
    42,
    1337,
    7
  ],
  "ccc_mean": 0.31273333333333336,
  "ccc_std": 0.03673747708025446,
  "mae_mean": 0.9962666666666667,
  "per_seed": [
    {
      "n": 93,
      "ccc": 0.2803,
      "cal_slope": 0.1838,
      "mae": 1.0283,
      "r": 0.3299,
      "pred_mean": 1.055,
      "pred_std": 0.755,
      "true_mean": 1.011,
      "true_std": 1.356,
      "label": ""
    },
    {
      "n": 93,
      "ccc": 0.2938,
      "cal_slope": 0.194,
      "mae": 1.0073,
      "r": 0.3425,
      "pred_mean": 1.01,
      "pred_std": 0.768,
      "true_mean": 1.011,
      "true_std": 1.356,
      "label": ""
    },
    {
      "n": 93,
      "ccc": 0.3641,
      "cal_slope": 0.2316,
      "mae": 0.9532,
      "r": 0.444,
      "pred_mean": 1.024,
      "pred_std": 0.707,
      "true_mean": 1.011,
      "true_std": 1.356,
      "label": ""
    }
  ],
  "null_tests": {
    "scrambled_label_ccc": -0.046948911805182104,
    "canary_feature_ccc": 0.26336665775403784,
    "sid_shuffle_caches_ccc": 0.33835122797996625
  }
}