{
  "item": 18,
  "variant": "coherence_only",
  "eval": "5split",
  "n_subjects": 93,
  "seeds": [
    42,
    1337,
    7
  ],
  "ccc_mean": 0.1419,
  "ccc_std": 0.07198430384465769,
  "mae_mean": 1.1434,
  "per_seed": [
    {
      "n": 93,
      "ccc": 0.0758,
      "cal_slope": 0.0527,
      "mae": 1.2145,
      "r": 0.0852,
      "pred_mean": 1.127,
      "pred_std": 0.839,
      "true_mean": 1.011,
      "true_std": 1.356,
      "label": ""
    },
    {
      "n": 93,
      "ccc": 0.242,
      "cal_slope": 0.1562,
      "mae": 1.0409,
      "r": 0.2904,
      "pred_mean": 1.06,
      "pred_std": 0.729,
      "true_mean": 1.011,
      "true_std": 1.356,
      "label": ""
    },
    {
      "n": 93,
      "ccc": 0.1079,
      "cal_slope": 0.0716,
      "mae": 1.1748,
      "r": 0.1253,
      "pred_mean": 1.029,
      "pred_std": 0.774,
      "true_mean": 1.011,
      "true_std": 1.356,
      "label": ""
    }
  ],
  "null_tests": {
    "scrambled_label_ccc": -0.068937028859729,
    "canary_feature_ccc": 0.0758150976153816,
    "sid_shuffle_caches_ccc": 0.17261069536478232
  }
}