{
  "item": 9,
  "variant": "coherence_plus_mahalanobis_plus_v2",
  "eval": "5split",
  "n_subjects": 94,
  "seeds": [
    42,
    1337,
    7
  ],
  "ccc_mean": 0.1455,
  "ccc_std": 0.048297066853657554,
  "mae_mean": 0.3903666666666667,
  "per_seed": [
    {
      "n": 94,
      "ccc": 0.1841,
      "cal_slope": 0.1169,
      "mae": 0.375,
      "r": 0.2253,
      "pred_mean": 0.256,
      "pred_std": 0.253,
      "true_mean": 0.266,
      "true_std": 0.488,
      "label": ""
    },
    {
      "n": 94,
      "ccc": 0.0774,
      "cal_slope": 0.051,
      "mae": 0.4077,
      "r": 0.0905,
      "pred_mean": 0.265,
      "pred_std": 0.275,
      "true_mean": 0.266,
      "true_std": 0.488,
      "label": ""
    },
    {
      "n": 94,
      "ccc": 0.175,
      "cal_slope": 0.1186,
      "mae": 0.3884,
      "r": 0.199,
      "pred_mean": 0.261,
      "pred_std": 0.291,
      "true_mean": 0.266,
      "true_std": 0.488,
      "label": ""
    }
  ],
  "null_tests": {
    "scrambled_label_ccc": -0.03007411161258313,
    "canary_feature_ccc": 0.18587878638716965,
    "sid_shuffle_caches_ccc": 0.20426646924247804
  }
}