{
  "item": 9,
  "variant": "coherence_only",
  "eval": "5split",
  "n_subjects": 94,
  "seeds": [
    42,
    1337,
    7
  ],
  "ccc_mean": 0.18313333333333334,
  "ccc_std": 0.0218940377474985,
  "mae_mean": 0.3818333333333333,
  "per_seed": [
    {
      "n": 94,
      "ccc": 0.201,
      "cal_slope": 0.1401,
      "mae": 0.3708,
      "r": 0.2231,
      "pred_mean": 0.264,
      "pred_std": 0.306,
      "true_mean": 0.266,
      "true_std": 0.488,
      "label": ""
    },
    {
      "n": 94,
      "ccc": 0.1961,
      "cal_slope": 0.1338,
      "mae": 0.3775,
      "r": 0.2219,
      "pred_mean": 0.281,
      "pred_std": 0.294,
      "true_mean": 0.266,
      "true_std": 0.488,
      "label": ""
    },
    {
      "n": 94,
      "ccc": 0.1523,
      "cal_slope": 0.0992,
      "mae": 0.3972,
      "r": 0.1805,
      "pred_mean": 0.277,
      "pred_std": 0.268,
      "true_mean": 0.266,
      "true_std": 0.488,
      "label": ""
    }
  ],
  "null_tests": {
    "scrambled_label_ccc": 0.023516947800091902,
    "canary_feature_ccc": 0.20095970302236685,
    "sid_shuffle_caches_ccc": 0.13040710797224345
  }
}