{
  "item": 14,
  "variant": "coherence_plus_v2",
  "eval": "5split",
  "n_subjects": 94,
  "seeds": [
    42,
    1337,
    7
  ],
  "ccc_mean": 0.29596666666666666,
  "ccc_std": 0.022384568096992383,
  "mae_mean": 0.5746666666666667,
  "per_seed": [
    {
      "n": 94,
      "ccc": 0.277,
      "cal_slope": 0.1779,
      "mae": 0.5827,
      "r": 0.3338,
      "pred_mean": 1.008,
      "pred_std": 0.393,
      "true_mean": 0.989,
      "true_std": 0.737,
      "label": ""
    },
    {
      "n": 94,
      "ccc": 0.3274,
      "cal_slope": 0.2129,
      "mae": 0.5626,
      "r": 0.3882,
      "pred_mean": 0.986,
      "pred_std": 0.404,
      "true_mean": 0.989,
      "true_std": 0.737,
      "label": ""
    },
    {
      "n": 94,
      "ccc": 0.2835,
      "cal_slope": 0.1855,
      "mae": 0.5787,
      "r": 0.3339,
      "pred_mean": 0.985,
      "pred_std": 0.409,
      "true_mean": 0.989,
      "true_std": 0.737,
      "label": ""
    }
  ],
  "null_tests": {
    "scrambled_label_ccc": -0.19725837944024782,
    "canary_feature_ccc": 0.2350625874019831,
    "sid_shuffle_caches_ccc": 0.2824777526571114
  }
}