{
  "item": 9,
  "variant": "mahalanobis_only",
  "eval": "5split",
  "n_subjects": 94,
  "seeds": [
    42,
    1337,
    7
  ],
  "ccc_mean": -0.035366666666666664,
  "ccc_std": 0.04962971779981112,
  "mae_mean": 0.4445666666666666,
  "per_seed": [
    {
      "n": 94,
      "ccc": 0.0325,
      "cal_slope": 0.0207,
      "mae": 0.4303,
      "r": 0.0396,
      "pred_mean": 0.281,
      "pred_std": 0.255,
      "true_mean": 0.266,
      "true_std": 0.488,
      "label": ""
    },
    {
      "n": 94,
      "ccc": -0.0538,
      "cal_slope": -0.0336,
      "mae": 0.4396,
      "r": -0.068,
      "pred_mean": 0.303,
      "pred_std": 0.241,
      "true_mean": 0.266,
      "true_std": 0.488,
      "label": ""
    },
    {
      "n": 94,
      "ccc": -0.0848,
      "cal_slope": -0.056,
      "mae": 0.4638,
      "r": -0.099,
      "pred_mean": 0.286,
      "pred_std": 0.276,
      "true_mean": 0.266,
      "true_std": 0.488,
      "label": ""
    }
  ],
  "null_tests": {
    "scrambled_label_ccc": 0.1532570537472971,
    "canary_feature_ccc": 0.032535267610356924,
    "sid_shuffle_caches_ccc": -0.0007762945844914929
  }
}