{
  "item": 12,
  "variant": "mahalanobis_only",
  "eval": "5split",
  "n_subjects": 94,
  "seeds": [
    42,
    1337,
    7
  ],
  "ccc_mean": 0.13806666666666667,
  "ccc_std": 0.030535807759998024,
  "mae_mean": 0.7653666666666666,
  "per_seed": [
    {
      "n": 94,
      "ccc": 0.1802,
      "cal_slope": 0.1173,
      "mae": 0.7468,
      "r": 0.2159,
      "pred_mean": 0.641,
      "pred_std": 0.517,
      "true_mean": 0.564,
      "true_std": 0.952,
      "label": ""
    },
    {
      "n": 94,
      "ccc": 0.1252,
      "cal_slope": 0.0825,
      "mae": 0.7416,
      "r": 0.1467,
      "pred_mean": 0.594,
      "pred_std": 0.535,
      "true_mean": 0.564,
      "true_std": 0.952,
      "label": ""
    },
    {
      "n": 94,
      "ccc": 0.1088,
      "cal_slope": 0.0737,
      "mae": 0.8077,
      "r": 0.1237,
      "pred_mean": 0.564,
      "pred_std": 0.567,
      "true_mean": 0.564,
      "true_std": 0.952,
      "label": ""
    }
  ],
  "null_tests": {
    "scrambled_label_ccc": -0.15813855541445634,
    "canary_feature_ccc": 0.18023523860613624,
    "sid_shuffle_caches_ccc": 0.04949388243369544
  }
}