{
  "item": 12,
  "variant": "coherence_plus_v2",
  "eval": "5split",
  "n_subjects": 94,
  "seeds": [
    42,
    1337,
    7
  ],
  "ccc_mean": 0.5856666666666667,
  "ccc_std": 0.03434203773155511,
  "mae_mean": 0.5246666666666667,
  "per_seed": [
    {
      "n": 94,
      "ccc": 0.5506,
      "cal_slope": 0.422,
      "mae": 0.5655,
      "r": 0.58,
      "pred_mean": 0.621,
      "pred_std": 0.692,
      "true_mean": 0.564,
      "true_std": 0.952,
      "label": ""
    },
    {
      "n": 94,
      "ccc": 0.5741,
      "cal_slope": 0.4152,
      "mae": 0.5206,
      "r": 0.6215,
      "pred_mean": 0.555,
      "pred_std": 0.636,
      "true_mean": 0.564,
      "true_std": 0.952,
      "label": ""
    },
    {
      "n": 94,
      "ccc": 0.6323,
      "cal_slope": 0.4724,
      "mae": 0.4879,
      "r": 0.6725,
      "pred_mean": 0.537,
      "pred_std": 0.669,
      "true_mean": 0.564,
      "true_std": 0.952,
      "label": ""
    }
  ],
  "null_tests": {
    "scrambled_label_ccc": -0.087801543888072,
    "canary_feature_ccc": 0.5403863418057394,
    "sid_shuffle_caches_ccc": 0.5516664670677557
  }
}