{
  "item": 7,
  "variant": "coherence_plus_v2",
  "eval": "5split",
  "n_subjects": 94,
  "seeds": [
    42,
    1337,
    7
  ],
  "ccc_mean": 0.27386666666666665,
  "ccc_std": 0.027114612706476596,
  "mae_mean": 0.6358333333333334,
  "per_seed": [
    {
      "n": 94,
      "ccc": 0.2411,
      "cal_slope": 0.1515,
      "mae": 0.6447,
      "r": 0.3005,
      "pred_mean": 1.742,
      "pred_std": 0.415,
      "true_mean": 1.702,
      "true_std": 0.823,
      "label": ""
    },
    {
      "n": 94,
      "ccc": 0.3075,
      "cal_slope": 0.1993,
      "mae": 0.6314,
      "r": 0.3662,
      "pred_mean": 1.71,
      "pred_std": 0.448,
      "true_mean": 1.702,
      "true_std": 0.823,
      "label": ""
    },
    {
      "n": 94,
      "ccc": 0.273,
      "cal_slope": 0.1725,
      "mae": 0.6314,
      "r": 0.337,
      "pred_mean": 1.737,
      "pred_std": 0.421,
      "true_mean": 1.702,
      "true_std": 0.823,
      "label": ""
    }
  ],
  "null_tests": {
    "scrambled_label_ccc": 0.03154299852767708,
    "canary_feature_ccc": 0.2771619645440615,
    "sid_shuffle_caches_ccc": 0.3293628982461271
  }
}