{
  "item": 8,
  "variant": "mahalanobis_only",
  "eval": "5split",
  "n_subjects": 94,
  "seeds": [
    42,
    1337,
    7
  ],
  "ccc_mean": 0.10273333333333334,
  "ccc_std": 0.07593845461219821,
  "mae_mean": 0.8392,
  "per_seed": [
    {
      "n": 94,
      "ccc": 0.0014,
      "cal_slope": 0.0009,
      "mae": 0.8896,
      "r": 0.0017,
      "pred_mean": 0.977,
      "pred_std": 0.512,
      "true_mean": 0.957,
      "true_std": 0.944,
      "label": ""
    },
    {
      "n": 94,
      "ccc": 0.1226,
      "cal_slope": 0.0804,
      "mae": 0.8373,
      "r": 0.144,
      "pred_mean": 0.937,
      "pred_std": 0.527,
      "true_mean": 0.957,
      "true_std": 0.944,
      "label": ""
    },
    {
      "n": 94,
      "ccc": 0.1842,
      "cal_slope": 0.1178,
      "mae": 0.7907,
      "r": 0.2232,
      "pred_mean": 0.971,
      "pred_std": 0.498,
      "true_mean": 0.957,
      "true_std": 0.944,
      "label": ""
    }
  ],
  "null_tests": {
    "scrambled_label_ccc": -0.06702967560717787,
    "canary_feature_ccc": 0.001414928526813649,
    "sid_shuffle_caches_ccc": 0.015138600059077694
  }
}