{
  "item": 11,
  "variant": "coherence_only",
  "eval": "5split",
  "n_subjects": 94,
  "seeds": [
    42,
    1337,
    7
  ],
  "ccc_mean": 0.20686666666666667,
  "ccc_std": 0.14083343195262818,
  "mae_mean": 0.42440000000000005,
  "per_seed": [
    {
      "n": 94,
      "ccc": 0.3072,
      "cal_slope": 0.2142,
      "mae": 0.4017,
      "r": 0.3414,
      "pred_mean": 0.234,
      "pred_std": 0.387,
      "true_mean": 0.213,
      "true_std": 0.617,
      "label": ""
    },
    {
      "n": 94,
      "ccc": 0.3057,
      "cal_slope": 0.2213,
      "mae": 0.407,
      "r": 0.3317,
      "pred_mean": 0.244,
      "pred_std": 0.412,
      "true_mean": 0.213,
      "true_std": 0.617,
      "label": ""
    },
    {
      "n": 94,
      "ccc": 0.0077,
      "cal_slope": 0.0051,
      "mae": 0.4645,
      "r": 0.009,
      "pred_mean": 0.206,
      "pred_std": 0.35,
      "true_mean": 0.213,
      "true_std": 0.617,
      "label": ""
    }
  ],
  "null_tests": {
    "scrambled_label_ccc": 0.05999288615149851,
    "canary_feature_ccc": 0.30715517543159976,
    "sid_shuffle_caches_ccc": 0.19828723578268456
  }
}