{
  "item": 9,
  "variant": "coherence_plus_v2",
  "eval": "5split",
  "n_subjects": 94,
  "seeds": [
    42,
    1337,
    7
  ],
  "ccc_mean": 0.1929,
  "ccc_std": 0.004618080409289848,
  "mae_mean": 0.37203333333333327,
  "per_seed": [
    {
      "n": 94,
      "ccc": 0.1984,
      "cal_slope": 0.1275,
      "mae": 0.366,
      "r": 0.2391,
      "pred_mean": 0.247,
      "pred_std": 0.26,
      "true_mean": 0.266,
      "true_std": 0.488,
      "label": ""
    },
    {
      "n": 94,
      "ccc": 0.1871,
      "cal_slope": 0.123,
      "mae": 0.3771,
      "r": 0.2194,
      "pred_mean": 0.257,
      "pred_std": 0.273,
      "true_mean": 0.266,
      "true_std": 0.488,
      "label": ""
    },
    {
      "n": 94,
      "ccc": 0.1932,
      "cal_slope": 0.1316,
      "mae": 0.373,
      "r": 0.2188,
      "pred_mean": 0.257,
      "pred_std": 0.293,
      "true_mean": 0.266,
      "true_std": 0.488,
      "label": ""
    }
  ],
  "null_tests": {
    "scrambled_label_ccc": 0.01991010690719158,
    "canary_feature_ccc": 0.18260879247531334,
    "sid_shuffle_caches_ccc": 0.21680398113693866
  }
}