{
  "item": 11,
  "variant": "coherence_plus_v2",
  "eval": "5split",
  "n_subjects": 94,
  "seeds": [
    42,
    1337,
    7
  ],
  "ccc_mean": 0.13746666666666665,
  "ccc_std": 0.05372338617606137,
  "mae_mean": 0.4041333333333334,
  "per_seed": [
    {
      "n": 94,
      "ccc": 0.1765,
      "cal_slope": 0.1217,
      "mae": 0.412,
      "r": 0.1982,
      "pred_mean": 0.236,
      "pred_std": 0.379,
      "true_mean": 0.213,
      "true_std": 0.617,
      "label": ""
    },
    {
      "n": 94,
      "ccc": 0.1744,
      "cal_slope": 0.1219,
      "mae": 0.3944,
      "r": 0.1937,
      "pred_mean": 0.243,
      "pred_std": 0.388,
      "true_mean": 0.213,
      "true_std": 0.617,
      "label": ""
    },
    {
      "n": 94,
      "ccc": 0.0615,
      "cal_slope": 0.0407,
      "mae": 0.406,
      "r": 0.0714,
      "pred_mean": 0.219,
      "pred_std": 0.352,
      "true_mean": 0.213,
      "true_std": 0.617,
      "label": ""
    }
  ],
  "null_tests": {
    "scrambled_label_ccc": -0.1021466493507103,
    "canary_feature_ccc": 0.15521661859280395,
    "sid_shuffle_caches_ccc": 0.25709587137955947
  }
}