{
  "item": 18,
  "variant": "coherence_plus_mahalanobis_plus_v2",
  "eval": "5split",
  "n_subjects": 93,
  "seeds": [
    42,
    1337,
    7
  ],
  "ccc_mean": 0.29373333333333335,
  "ccc_std": 0.0499952886669223,
  "mae_mean": 0.9866,
  "per_seed": [
    {
      "n": 93,
      "ccc": 0.2314,
      "cal_slope": 0.1496,
      "mae": 1.0412,
      "r": 0.2764,
      "pred_mean": 1.019,
      "pred_std": 0.734,
      "true_mean": 1.011,
      "true_std": 1.356,
      "label": ""
    },
    {
      "n": 93,
      "ccc": 0.296,
      "cal_slope": 0.1845,
      "mae": 0.9655,
      "r": 0.372,
      "pred_mean": 0.977,
      "pred_std": 0.672,
      "true_mean": 1.011,
      "true_std": 1.356,
      "label": ""
    },
    {
      "n": 93,
      "ccc": 0.3538,
      "cal_slope": 0.2268,
      "mae": 0.9531,
      "r": 0.4273,
      "pred_mean": 1.037,
      "pred_std": 0.72,
      "true_mean": 1.011,
      "true_std": 1.356,
      "label": ""
    }
  ],
  "null_tests": {
    "scrambled_label_ccc": -0.06698491331804544,
    "canary_feature_ccc": 0.20996242194849318,
    "sid_shuffle_caches_ccc": 0.2598856178448707
  }
}