{
  "item": 10,
  "variant": "coherence_plus_mahalanobis_plus_v2",
  "eval": "5split",
  "n_subjects": 94,
  "seeds": [
    42,
    1337,
    7
  ],
  "ccc_mean": 0.5177999999999999,
  "ccc_std": 0.009165515079179487,
  "mae_mean": 0.48523333333333335,
  "per_seed": [
    {
      "n": 94,
      "ccc": 0.5059,
      "cal_slope": 0.3506,
      "mae": 0.4796,
      "r": 0.5648,
      "pred_mean": 1.063,
      "pred_std": 0.47,
      "true_mean": 1.043,
      "true_std": 0.757,
      "label": ""
    },
    {
      "n": 94,
      "ccc": 0.5193,
      "cal_slope": 0.3654,
      "mae": 0.4886,
      "r": 0.574,
      "pred_mean": 1.009,
      "pred_std": 0.482,
      "true_mean": 1.043,
      "true_std": 0.757,
      "label": ""
    },
    {
      "n": 94,
      "ccc": 0.5282,
      "cal_slope": 0.3565,
      "mae": 0.4875,
      "r": 0.606,
      "pred_mean": 0.996,
      "pred_std": 0.445,
      "true_mean": 1.043,
      "true_std": 0.757,
      "label": ""
    }
  ],
  "null_tests": {
    "scrambled_label_ccc": 0.04511306057251725,
    "canary_feature_ccc": 0.521197747058832,
    "sid_shuffle_caches_ccc": 0.4989836066363152
  }
}