{
  "baseline_mae": 8.76,
  "best_mae": 7.794,
  "best_config": "stacking_K150",
  "results": [
    {
      "config": "G0_baseline_K150",
      "n_raw": 2072,
      "n_sel": 150,
      "mean_mae": 8.902,
      "std_mae": 0.549,
      "ens_mae": 8.76,
      "ens_r": 0.756,
      "seed_maes": [
        9.867,
        9.129,
        8.402,
        8.694,
        8.42
      ],
      "top10": [
        "years_since_dx",
        "LowerBack_gyr_mag_mean",
        "R_DorsalFoot_acc_y_psd_locomotor",
        "Xiphoid_gyr_mag_std",
        "L_Wrist_acc_y_psd_locomotor_rel",
        "R_DorsalFoot_acc_y_p95",
        "Xiphoid_acc_mag_jerk_rms",
        "R_DorsalFoot_acc_z_psd_freeze",
        "R_DorsalFoot_gait_stride_regularity",
        "R_Ankle_gyr_mag_psd_freeze_rel"
      ],
      "ens_preds": [
        6.409809813960935,
        13.528808962651505,
        10.298962791841884,
        10.306324878287734,
        22.29977670874655,
        12.806586063849076,
        9.819938484045135,
        26.17167287160718,
        15.789521156265362,
        28.89982737468133,
        23.682367680172092,
        19.841208020981686,
        14.87601855265712,
        14.79565118406163,
        12.327539978070522,
        22.417485410355102,
        18.38384449397295,
        8.566138720176008,
        15.078838182426088,
        16.068831374816316,
        29.40619952763144,
        18.4809342051291,
        9.119044714442854,
        5.688425813536442,
        13.59270999435238,
        9.816833895988857,
        4.693957890806621,
        17.023242650456247,
        21.524328541037974,
        14.327768195625287,
        10.008564969723773,
        8.91550603384635,
        10.365068899919843,
        26.85440947610997,
        21.4003539219835,
        23.479320712518206
      ]
    },
    {
      "config": "G1_extcov_K150",
      "n_raw": 2080,
      "n_sel": 150,
      "mean_mae": 8.079,
      "std_mae": 0.63,
      "ens_mae": 7.914,
      "ens_r": 0.79,
      "seed_maes": [
        9.243,
        8.226,
        7.578,
        7.55,
        7.801
      ],
      "top10": [
        "Xiphoid_acc_x_range",
        "years_since_dx",
        "R_DorsalFoot_acc_y_p95",
        "LowerBack_gyr_mag_mean",
        "R_DorsalFoot_acc_y_psd_locomotor",
        "LowerBack_gait_stride_regularity",
        "LowerBack_roll_skew",
        "Xiphoid_gyr_mag_psd_total",
        "R_DorsalFoot_gait_stride_regularity",
        "Xiphoid_acc_mag_range"
      ],
      "ens_preds": [
        4.044699964436856,
        12.214338627611735,
        7.668129397937918,
        7.887384774482767,
        25.662701097563172,
        10.014974944072325,
        11.384570667607807,
        27.51126807022813,
        16.657146312249232,
        27.503503082599487,
        25.567926249840475,
        20.381079911355222,
        14.25739542178224,
        18.134403629179545,
        12.134086612157347,
        23.63116483350734,
        19.61713130732155,
        3.6854135623717115,
        17.820158274042534,
        15.604620708515252,
        30.365313568152025,
        21.992218730142415,
        9.210817376412864,
        8.397913134047982,
        13.270294555435637,
        10.255333086536094,
        4.208826252884101,
        20.32913865916745,
        18.721508280379602,
        17.55020861719217,
        5.65450922565837,
        9.138948800130958,
        9.465517692420699,
        29.69986770476145,
        22.277299559709782,
        24.313839383787794
      ]
    },
    {
      "config": "G1_extcov_K160",
      "n_raw": 2080,
      "n_sel": 160,
      "mean_mae": 8.057,
      "std_mae": 0.459,
      "ens_mae": 7.87,
      "ens_r": 0.791,
      "seed_maes": [
        8.881,
        7.841,
        7.609,
        8.218,
        7.737
      ],
      "top10": [
        "Xiphoid_acc_x_range",
        "years_since_dx",
        "R_DorsalFoot_acc_y_p95",
        "LowerBack_gyr_mag_mean",
        "R_DorsalFoot_acc_y_psd_locomotor",
        "LowerBack_gait_stride_regularity",
        "LowerBack_roll_skew",
        "Xiphoid_gyr_mag_psd_total",
        "R_DorsalFoot_gait_stride_regularity",
        "Xiphoid_acc_mag_range"
      ],
      "ens_preds": [
        3.5806784979590263,
        12.377568268611194,
        7.975125669868246,
        8.466946527090206,
        26.431810461275393,
        10.15913905751518,
        11.106308761342607,
        27.439385912844624,
        16.570212721336244,
        27.75436491386232,
        25.879920398895546,
        21.292609245008705,
        14.237508357803478,
        18.21164993531688,
        11.435289107640068,
        23.59523103818037,
        19.130463193218343,
        3.486013621556899,
        18.78377350781404,
        14.724206347059322,
        29.744441189874955,
        22.445187612872974,
        9.463160392848362,
        8.881120351096058,
        12.653567846239337,
        9.998597171596506,
        4.331828738124121,
        20.626713020843017,
        19.616889361617503,
        17.019540607682064,
        5.901837669651772,
        9.804665531582106,
        10.571066729307583,
        29.840978141297022,
        22.1410964906999,
        24.033033245763573
      ]
    },
    {
      "config": "G1_extcov_K170",
      "n_raw": 2080,
      "n_sel": 170,
      "mean_mae": 8.28,
      "std_mae": 0.513,
      "ens_mae": 8.109,
      "ens_r": 0.767,
      "seed_maes": [
        9.038,
        8.222,
        7.848,
        8.656,
        7.638
      ],
      "top10": [
        "Xiphoid_acc_x_range",
        "years_since_dx",
        "R_DorsalFoot_acc_y_p95",
        "LowerBack_gyr_mag_mean",
        "R_DorsalFoot_acc_y_psd_locomotor",
        "LowerBack_gait_stride_regularity",
        "LowerBack_roll_skew",
        "Xiphoid_gyr_mag_psd_total",
        "R_DorsalFoot_gait_stride_regularity",
        "Xiphoid_acc_mag_range"
      ],
      "ens_preds": [
        3.6045581926835375,
        11.857418281831205,
        7.8638893300073365,
        8.463769139451339,
        26.983794528892986,
        9.555271896623399,
        10.821982624845777,
        27.752474423658224,
        15.609997232034527,
        29.312012041441896,
        27.027698007799614,
        20.11429309752325,
        15.251500549311734,
        18.628675964082984,
        11.261048938724919,
        24.26275669080799,
        18.41919644114028,
        4.122421887198463,
        19.391831164335112,
        13.860311647651372,
        28.5998639533395,
        22.50686364573786,
        10.01460441661635,
        8.42074290089024,
        13.709006218521825,
        9.363028395135348,
        4.891021582688199,
        19.847848087320173,
        19.195801789392867,
        15.756628450583975,
        6.178941125531358,
        9.756577965162561,
        10.142586225675254,
        28.498396466405563,
        20.375923423653116,
        23.588065373514905
      ]
    },
    {
      "config": "G1_extcov_K180",
      "n_raw": 2080,
      "n_sel": 180,
      "mean_mae": 8.394,
      "std_mae": 0.433,
      "ens_mae": 8.218,
      "ens_r": 0.76,
      "seed_maes": [
        9.11,
        8.467,
        8.05,
        8.492,
        7.853
      ],
      "top10": [
        "Xiphoid_acc_x_range",
        "years_since_dx",
        "R_DorsalFoot_acc_y_p95",
        "LowerBack_gyr_mag_mean",
        "R_DorsalFoot_acc_y_psd_locomotor",
        "LowerBack_gait_stride_regularity",
        "LowerBack_roll_skew",
        "Xiphoid_gyr_mag_psd_total",
        "R_DorsalFoot_gait_stride_regularity",
        "Xiphoid_acc_mag_range"
      ],