{
  "item": 14,
  "variant": "cccv2_plus_interactions",
  "eval": "5split",
  "n_subjects": 94,
  "seeds": [
    42,
    1337,
    7
  ],
  "ccc_mean": 0.23886666666666664,
  "ccc_std": 0.04260362530218395,
  "mae_mean": 0.6144,
  "per_seed": [
    {
      "n": 94,
      "ccc": 0.2516,
      "cal_slope": 0.1704,
      "mae": 0.605,
      "r": 0.2873,
      "pred_mean": 1.028,
      "pred_std": 0.437,
      "true_mean": 0.989,
      "true_std": 0.737,
      "label": ""
    },
    {
      "n": 94,
      "ccc": 0.2835,
      "cal_slope": 0.1927,
      "mae": 0.5925,
      "r": 0.3217,
      "pred_mean": 0.968,
      "pred_std": 0.441,
      "true_mean": 0.989,
      "true_std": 0.737,
      "label": ""
    },
    {
      "n": 94,
      "ccc": 0.1815,
      "cal_slope": 0.1309,
      "mae": 0.6457,
      "r": 0.1984,
      "pred_mean": 0.928,
      "pred_std": 0.486,
      "true_mean": 0.989,
      "true_std": 0.737,
      "label": ""
    }
  ],
  "null_tests": {
    "scrambled_label_ccc": -0.15014007783281078,
    "canary_feature_ccc": 0.2516217502696745,
    "sid_shuffle_cache_ccc": 0.2843921681646998
  }
}