{
  "item": 9,
  "variant": "v2_plus_interactions",
  "eval": "5split",
  "n_subjects": 94,
  "seeds": [
    42,
    1337,
    7
  ],
  "ccc_mean": 0.20783333333333334,
  "ccc_std": 0.018693017115727704,
  "mae_mean": 0.37423333333333336,
  "per_seed": [
    {
      "n": 94,
      "ccc": 0.2281,
      "cal_slope": 0.1502,
      "mae": 0.3702,
      "r": 0.2672,
      "pred_mean": 0.25,
      "pred_std": 0.274,
      "true_mean": 0.266,
      "true_std": 0.488,
      "label": ""
    },
    {
      "n": 94,
      "ccc": 0.183,
      "cal_slope": 0.1236,
      "mae": 0.3792,
      "r": 0.2088,
      "pred_mean": 0.266,
      "pred_std": 0.289,
      "true_mean": 0.266,
      "true_std": 0.488,
      "label": ""
    },
    {
      "n": 94,
      "ccc": 0.2124,
      "cal_slope": 0.1387,
      "mae": 0.3733,
      "r": 0.2509,
      "pred_mean": 0.271,
      "pred_std": 0.27,
      "true_mean": 0.266,
      "true_std": 0.488,
      "label": ""
    }
  ],
  "null_tests": {
    "scrambled_label_ccc": -0.000450925316147371,
    "canary_feature_ccc": 0.22812002899177458,
    "sid_shuffle_cache_ccc": 0.17612428344542472
  }
}