{
  "item": 18,
  "variant": "v2_plus_interactions_plus_self_norm",
  "eval": "loocv",
  "n_subjects": 93,
  "seeds": [
    42,
    1337,
    7
  ],
  "ccc_mean": 0.48866666666666664,
  "ccc_std": 0.020904598111951875,
  "mae_mean": 0.8777333333333334,
  "per_seed": [
    {
      "n": 93,
      "ccc": 0.5063,
      "cal_slope": 0.3469,
      "mae": 0.8467,
      "r": 0.5708,
      "pred_mean": 0.968,
      "pred_std": 0.824,
      "true_mean": 1.011,
      "true_std": 1.356,
      "label": ""
    },
    {
      "n": 93,
      "ccc": 0.5004,
      "cal_slope": 0.3511,
      "mae": 0.8867,
      "r": 0.5532,
      "pred_mean": 0.979,
      "pred_std": 0.861,
      "true_mean": 1.011,
      "true_std": 1.356,
      "label": ""
    },
    {
      "n": 93,
      "ccc": 0.4593,
      "cal_slope": 0.3148,
      "mae": 0.8998,
      "r": 0.5174,
      "pred_mean": 0.977,
      "pred_std": 0.825,
      "true_mean": 1.011,
      "true_std": 1.356,
      "label": ""
    }
  ]
}