{
  "item": 18,
  "variant": "v2_plus_interactions_plus_self_norm",
  "eval": "5split",
  "n_subjects": 93,
  "seeds": [
    42,
    1337,
    7
  ],
  "ccc_mean": 0.45503333333333335,
  "ccc_std": 0.04432315672672946,
  "mae_mean": 0.9035000000000001,
  "per_seed": [
    {
      "n": 93,
      "ccc": 0.3951,
      "cal_slope": 0.2573,
      "mae": 0.936,
      "r": 0.4678,
      "pred_mean": 1.015,
      "pred_std": 0.746,
      "true_mean": 1.011,
      "true_std": 1.356,
      "label": ""
    },
    {
      "n": 93,
      "ccc": 0.4691,
      "cal_slope": 0.3364,
      "mae": 0.904,
      "r": 0.5105,
      "pred_mean": 0.998,
      "pred_std": 0.893,
      "true_mean": 1.011,
      "true_std": 1.356,
      "label": ""
    },
    {
      "n": 93,
      "ccc": 0.5009,
      "cal_slope": 0.3511,
      "mae": 0.8705,
      "r": 0.556,
      "pred_mean": 1.085,
      "pred_std": 0.856,
      "true_mean": 1.011,
      "true_std": 1.356,
      "label": ""
    }
  ],
  "null_tests": {
    "scrambled_label_ccc": -0.10807811338728443,
    "canary_feature_ccc": 0.39505288415790374,
    "sid_shuffle_cache_ccc": 0.21169724822305525
  }
}