{
  "item": 18,
  "variant": "v2_plus_interactions",
  "eval": "5split",
  "n_subjects": 93,
  "seeds": [
    42,
    1337,
    7
  ],
  "ccc_mean": 0.31906666666666667,
  "ccc_std": 0.05687795901948505,
  "mae_mean": 0.9820000000000001,
  "per_seed": [
    {
      "n": 93,
      "ccc": 0.2402,
      "cal_slope": 0.155,
      "mae": 1.0337,
      "r": 0.2888,
      "pred_mean": 1.073,
      "pred_std": 0.728,
      "true_mean": 1.011,
      "true_std": 1.356,
      "label": ""
    },
    {
      "n": 93,
      "ccc": 0.3448,
      "cal_slope": 0.2265,
      "mae": 0.9752,
      "r": 0.4045,
      "pred_mean": 1.034,
      "pred_std": 0.759,
      "true_mean": 1.011,
      "true_std": 1.356,
      "label": ""
    },
    {
      "n": 93,
      "ccc": 0.3722,
      "cal_slope": 0.241,
      "mae": 0.9371,
      "r": 0.4444,
      "pred_mean": 1.051,
      "pred_std": 0.735,
      "true_mean": 1.011,
      "true_std": 1.356,
      "label": ""
    }
  ],
  "null_tests": {
    "scrambled_label_ccc": -0.15106960632237074,
    "canary_feature_ccc": 0.24023313932758433,
    "sid_shuffle_cache_ccc": 0.23630197344124373
  }
}