{
  "item": 18,
  "variant": "v2_plus_self_norm",
  "eval": "loocv",
  "n_subjects": 93,
  "seeds": [
    42,
    1337,
    7
  ],
  "ccc_mean": 0.4945666666666666,
  "ccc_std": 0.021402543981706688,
  "mae_mean": 0.8754666666666666,
  "per_seed": [
    {
      "n": 93,
      "ccc": 0.5142,
      "cal_slope": 0.3574,
      "mae": 0.8477,
      "r": 0.5727,
      "pred_mean": 0.978,
      "pred_std": 0.846,
      "true_mean": 1.011,
      "true_std": 1.356,
      "label": ""
    },
    {
      "n": 93,
      "ccc": 0.5047,
      "cal_slope": 0.3578,
      "mae": 0.8928,
      "r": 0.555,
      "pred_mean": 0.945,
      "pred_std": 0.874,
      "true_mean": 1.011,
      "true_std": 1.356,
      "label": ""
    },
    {
      "n": 93,
      "ccc": 0.4648,
      "cal_slope": 0.3228,
      "mae": 0.8859,
      "r": 0.5178,
      "pred_mean": 1.03,
      "pred_std": 0.845,
      "true_mean": 1.011,
      "true_std": 1.356,
      "label": ""
    }
  ]
}