{
  "item": 18,
  "variant": "cccv2_plus_interactions",
  "eval": "5split",
  "n_subjects": 93,
  "seeds": [
    42,
    1337,
    7
  ],
  "ccc_mean": 0.3479666666666666,
  "ccc_std": 0.03416912186300503,
  "mae_mean": 0.9861666666666666,
  "per_seed": [
    {
      "n": 93,
      "ccc": 0.3293,
      "cal_slope": 0.2313,
      "mae": 1.0041,
      "r": 0.3639,
      "pred_mean": 1.047,
      "pred_std": 0.862,
      "true_mean": 1.011,
      "true_std": 1.356,
      "label": ""
    },
    {
      "n": 93,
      "ccc": 0.3959,
      "cal_slope": 0.2748,
      "mae": 0.9236,
      "r": 0.4418,
      "pred_mean": 0.959,
      "pred_std": 0.843,
      "true_mean": 1.011,
      "true_std": 1.356,
      "label": ""
    },
    {
      "n": 93,
      "ccc": 0.3187,
      "cal_slope": 0.2249,
      "mae": 1.0308,
      "r": 0.3559,
      "pred_mean": 1.159,
      "pred_std": 0.857,
      "true_mean": 1.011,
      "true_std": 1.356,
      "label": ""
    }
  ],
  "null_tests": {
    "scrambled_label_ccc": -0.057090812758758956,
    "canary_feature_ccc": 0.32934190273368164,
    "sid_shuffle_cache_ccc": 0.3631003500100413
  }
}