{
  "item": 10,
  "variant": "interactions_only",
  "eval": "5split",
  "n_subjects": 94,
  "seeds": [
    42,
    1337,
    7
  ],
  "ccc_mean": 0.18543333333333334,
  "ccc_std": 0.044178300354611004,
  "mae_mean": 0.6312666666666668,
  "per_seed": [
    {
      "n": 94,
      "ccc": 0.1926,
      "cal_slope": 0.1288,
      "mae": 0.6216,
      "r": 0.2217,
      "pred_mean": 1.033,
      "pred_std": 0.439,
      "true_mean": 1.043,
      "true_std": 0.757,
      "label": ""
    },
    {
      "n": 94,
      "ccc": 0.1281,
      "cal_slope": 0.0858,
      "mae": 0.635,
      "r": 0.1492,
      "pred_mean": 0.971,
      "pred_std": 0.435,
      "true_mean": 1.043,
      "true_std": 0.757,
      "label": ""
    },
    {
      "n": 94,
      "ccc": 0.2356,
      "cal_slope": 0.1718,
      "mae": 0.6372,
      "r": 0.254,
      "pred_mean": 1.018,
      "pred_std": 0.512,
      "true_mean": 1.043,
      "true_std": 0.757,
      "label": ""
    }
  ]
}