{
  "item": 10,
  "variant": "v2_plus_interactions_plus_self_norm",
  "eval": "5split",
  "n_subjects": 94,
  "seeds": [
    42,
    1337,
    7
  ],
  "ccc_mean": 0.5278666666666667,
  "ccc_std": 0.04898328513097322,
  "mae_mean": 0.4898666666666667,
  "per_seed": [
    {
      "n": 94,
      "ccc": 0.5633,
      "cal_slope": 0.4142,
      "mae": 0.4781,
      "r": 0.6041,
      "pred_mean": 1.024,
      "pred_std": 0.519,
      "true_mean": 1.043,
      "true_std": 0.757,
      "label": ""
    },
    {
      "n": 94,
      "ccc": 0.4586,
      "cal_slope": 0.3088,
      "mae": 0.5152,
      "r": 0.5245,
      "pred_mean": 1.04,
      "pred_std": 0.446,
      "true_mean": 1.043,
      "true_std": 0.757,
      "label": ""
    },
    {
      "n": 94,
      "ccc": 0.5617,
      "cal_slope": 0.4022,
      "mae": 0.4763,
      "r": 0.6124,
      "pred_mean": 1.024,
      "pred_std": 0.497,
      "true_mean": 1.043,
      "true_std": 0.757,
      "label": ""
    }
  ],
  "null_tests": {
    "scrambled_label_ccc": 0.024995259458057383,
    "canary_feature_ccc": 0.563253161672057,
    "sid_shuffle_cache_ccc": 0.5262089986689251
  }
}