{
  "item": 9,
  "variant": "v2_baseline_pearson",
  "eval": "5split",
  "n_subjects": 94,
  "seeds": [
    42,
    1337,
    7
  ],
  "ccc_mean": 0.18910000000000002,
  "ccc_std": 0.045618490403197993,
  "mae_mean": 0.3776,
  "per_seed": [
    {
      "n": 94,
      "ccc": 0.1799,
      "cal_slope": 0.1196,
      "mae": 0.3769,
      "r": 0.2083,
      "pred_mean": 0.261,
      "pred_std": 0.28,
      "true_mean": 0.266,
      "true_std": 0.488,
      "label": ""
    },
    {
      "n": 94,
      "ccc": 0.1384,
      "cal_slope": 0.0941,
      "mae": 0.3971,
      "r": 0.1571,
      "pred_mean": 0.277,
      "pred_std": 0.292,
      "true_mean": 0.266,
      "true_std": 0.488,
      "label": ""
    },
    {
      "n": 94,
      "ccc": 0.249,
      "cal_slope": 0.1578,
      "mae": 0.3588,
      "r": 0.3053,
      "pred_mean": 0.264,
      "pred_std": 0.252,
      "true_mean": 0.266,
      "true_std": 0.488,
      "label": ""
    }
  ]
}