{
  "item": 11,
  "variant": "v2_plus_self_norm",
  "eval": "loocv",
  "n_subjects": 94,
  "seeds": [
    42,
    1337,
    7
  ],
  "ccc_mean": 0.07296666666666667,
  "ccc_std": 0.020195103917093924,
  "mae_mean": 0.41986666666666667,
  "per_seed": [
    {
      "n": 94,
      "ccc": 0.0892,
      "cal_slope": 0.0601,
      "mae": 0.4181,
      "r": 0.1026,
      "pred_mean": 0.254,
      "pred_std": 0.361,
      "true_mean": 0.213,
      "true_std": 0.617,
      "label": ""
    },
    {
      "n": 94,
      "ccc": 0.0445,
      "cal_slope": 0.0301,
      "mae": 0.4297,
      "r": 0.051,
      "pred_mean": 0.248,
      "pred_std": 0.364,
      "true_mean": 0.213,
      "true_std": 0.617,
      "label": ""
    },
    {
      "n": 94,
      "ccc": 0.0852,
      "cal_slope": 0.0558,
      "mae": 0.4118,
      "r": 0.1005,
      "pred_mean": 0.239,
      "pred_std": 0.342,
      "true_mean": 0.213,
      "true_std": 0.617,
      "label": ""
    }
  ]
}