{
  "item": 9,
  "variant": "v2_plus_self_norm",
  "eval": "5split",
  "n_subjects": 94,
  "seeds": [
    42,
    1337,
    7
  ],
  "ccc_mean": 0.19923333333333335,
  "ccc_std": 0.054550058559903386,
  "mae_mean": 0.37410000000000004,
  "per_seed": [
    {
      "n": 94,
      "ccc": 0.2092,
      "cal_slope": 0.1415,
      "mae": 0.3742,
      "r": 0.2387,
      "pred_mean": 0.249,
      "pred_std": 0.289,
      "true_mean": 0.266,
      "true_std": 0.488,
      "label": ""
    },
    {
      "n": 94,
      "ccc": 0.128,
      "cal_slope": 0.0864,
      "mae": 0.3943,
      "r": 0.146,
      "pred_mean": 0.269,
      "pred_std": 0.288,
      "true_mean": 0.266,
      "true_std": 0.488,
      "label": ""
    },
    {
      "n": 94,
      "ccc": 0.2605,
      "cal_slope": 0.1765,
      "mae": 0.3538,
      "r": 0.2968,
      "pred_mean": 0.249,
      "pred_std": 0.29,
      "true_mean": 0.266,
      "true_std": 0.488,
      "label": ""
    }
  ],
  "null_tests": {
    "scrambled_label_ccc": -0.0579891860661058,
    "canary_feature_ccc": 0.20921846343935194,
    "sid_shuffle_cache_ccc": 0.17285830023808244
  }
}