{
  "n": 89,
  "ccc": 0.1545,
  "cal_slope": 0.087,
  "mae": 8.2419,
  "r": 0.2458,
  "pred_mean": 25.554,
  "pred_std": 3.642,
  "true_mean": 25.315,
  "true_std": 10.292,
  "label": "subscore_shrink",
  "variant": "subscore_shrink",
  "ccc_mean_across_seeds": 0.15150012910477959,
  "ccc_std_across_seeds": 0.027106658694626695,
  "per_seed": [
    {
      "seed": 42,
      "ccc": 0.11422718985798716,
      "mae": 8.627141462647105,
      "r": 0.17182466350011655,
      "pred_std": 3.9267543253995454,
      "true_std": 10.291914035215664,
      "ratio": 0.38153780841575613
    },
    {
      "seed": 1337,
      "ccc": 0.17789562046478427,
      "mae": 7.980388531075984,
      "r": 0.2709731941113846,
      "pred_std": 3.8514683412498125,
      "true_std": 10.291914035215664,
      "ratio": 0.37422274691289786
    },
    {
      "seed": 7,
      "ccc": 0.16237757699156727,
      "mae": 8.31171971905225,
      "r": 0.23718559244716278,
      "pred_std": 4.077551577554376,
      "true_std": 10.291914035215664,
      "ratio": 0.3961898208246093
    }
  ],
  "target": "t3",
  "eval_mode": "5split"
}