{
  "n": 98,
  "ccc": 0.2715,
  "cal_slope": 0.1663,
  "mae": 7.9364,
  "r": 0.3507,
  "pred_mean": 24.475,
  "pred_std": 5.161,
  "true_mean": 24.418,
  "true_std": 10.884,
  "label": "v2_plus_velinc_hy",
  "variant": "v2_plus_velinc_hy",
  "ccc_mean_across_seeds": 0.2597110868879294,
  "ccc_std_across_seeds": 0.04994338731733908,
  "per_seed": [
    {
      "seed": 42,
      "ccc": 0.31726540830410926,
      "mae": 8.020348318120703,
      "r": 0.3787683397392878,
      "pred_std": 5.898046014271821,
      "true_std": 10.884292623127722
    },
    {
      "seed": 1337,
      "ccc": 0.19547778468309854,
      "mae": 8.770407526068356,
      "r": 0.2355892542571183,
      "pred_std": 5.797051133640629,
      "true_std": 10.884292623127722
    },
    {
      "seed": 7,
      "ccc": 0.2663900676765804,
      "mae": 8.186238758540574,
      "r": 0.3281939641846317,
      "pred_std": 5.577918297317985,
      "true_std": 10.884292623127722
    }
  ],
  "target": "t3",
  "eval_mode": "5split",
  "iter": 3
}