{
  "timestamp": "2026-05-06T05:23:15.698547",
  "n": 94,
  "seed": 42,
  "P0_baseline": {
    "ccc": 0.7049185493678503,
    "expected_iter30b_seed42": 0.7049
  },
  "P1_perm_distribution": {
    "perm_cccs": [
      0.184869360928141,
      0.005309715309248783,
      -0.02057480417005102,
      -0.07811125736935629,
      0.1410343418731012,
      0.08002536904860234,
      -0.15156323070251773,
      -0.01906502904209629,
      -0.07656170002099363,
      -0.07947636915143606
    ],
    "perm_mean": -0.0014113603297357682,
    "perm_std": 0.10125090916984554,
    "perm_min": -0.15156323070251773,
    "perm_max": 0.184869360928141,
    "z_score_baseline_above_null": 6.975852030572075
  },
  "P2_noisy_test_x": {
    "ccc": 0.5529502640671813
  },
  "P3_stage1_only": {
    "ccc": 0.5724059961407503
  },
  "stage2_contribution": 0.13251255322709998,
  "P4_pure_noise_X": {
    "ccc": 0.6027223581797638
  },
  "verdict": {
    "P1_pass": 