{
  "mode": "5fold_gate",
  "preregistration": "preregistration_t3_iter21_nested_20260504_152155.json",
  "ts": "20260504_152155",
  "n_subjects": 98,
  "seeds": [
    42,
    1337,
    7
  ],
  "cv": "5fold",
  "n_inner_splits": 5,
  "hybrid_ccc_mean": 0.3389354406877105,
  "hybrid_ccc_std": 0.0429117792703997,
  "hybrid_per_seed_ccc": [
    0.2786444359745005,
    0.3750707062475673,
    0.3630911798410636
  ],
  "iter5_ccc_mean": 0.48562396443046313,
  "iter5_ccc_std": 0.03002025103906338,
  "iter5_per_seed_ccc": [
    0.4850351993450772,
    0.44915473418240537,
    0.5226819597639069
  ],
  "delta": -0.14668852374275265,
  "gate_pass": false,
  "gate_message": "FAIL (\u0394 < 0; F56 negative)",
  "hybrid_3seed_ccc": 0.3716939946351109,
  "iter5_3seed_ccc": 0.5052469909226522,
  "hybrid_3seed_mae": 7.6946358377634025,
  "iter5_3seed_mae": 7.663141069858788,
  "bootstrap": {
    "ccc_a": 0.3716939946351109,
    "ccc_b": 0.5052469909226522,
    "delta_point": -0.13355299628754136,
    "delta_mean_boot": -0.13229014001759498,
    "delta_ci_low": -0.25417164672684195,
    "delta_ci_high": -0.019726133451370913,
    "frac_above_zero": 0.0135,
    "n_boot": 2000
  },
  "meta_coefs_per_seed_per_fold": {
    "42": [
      [
        14.420640412466108,
        0.44778132158205625,
        2.39090387644478,
        -2.83512491035483,
        -0.35788533538894357,
        2.977063777858557,
        1.1425279122908303,
        -4.663913871257507,
        -0.0003692223660565652,
        -0.7155458219324224,
        3.5712664639090876,
        2.538867571406041,
        -0.4393849664673785,
        -3.200406873404169,
        -0.3615754698977319,
        4.881918520921437,
        -0.2729866693720134,
        -1.3182526807416095,
        1.185770444958102,
        -2.236276041801364
      ],
      [
        29.839029323088692,
        0.35687373948728657,
        -1.199761385301601,
        -1.4708110266161385,
        -0.7671718414561665,
        1.5013675783477571,
        -0.886719668943741,
        -2.2351817912027,
        -4.8541802766409745,
        3.4033209068782897,
        1.3332063142034596,
        4.209986472906197,
        4.5875719863771005,
        1.8163867637892326,
        -2.4766591630787422,
        -1.8563066989001997,
        -0.07604571827559856,
        -1.2795890396156318,
        -0.08864612889518199,
        -0.5443723517443199
      ],
      [
        2.711131981921074,
        0.2713236292503855,
        -0.6380838341159935,
        3.780840177489644,
        -0.5075642435097435,
        0.37301309773026037,
        0.9491297342549833,
        1.3682277475338511,
        1.908096807485937,
        2.9106783710109188,
        2.3343893367711184,
        -0.8072792607974539,
        2.648140093405459,
        -0.570846605908832,
        4.038788516057002,
        -3.7998970404357393,
        1.1426758668351886,
        1.379208923552757,
        -1.4883047848571955,
        0.9859733325611277
      ],
      [
        6.736866090599527,
        0.41196589802532824,
        5.649163151317028,
        -0.7211318514079815,
        1.2968738311157488,
        -0.4264307866933247,
        3.6668829077630196,
        -3.4377662064326775,
        2.002220282741162,
        -1.975768245206968,
        2.6422378204415717,
        0.9231047968901753,
        3.785752812149938,
        -3.1696823520810056,
        1.4357923270401662,
        -5.503373762814812,
        1.1507020249182307,
        -1.010882807933928,
        0.17954945556182655,
        -1.1644686773970176
      ],
      [
        7.573269497873486,
        0.3568314668454925,
        4.885139325956636,
        -0.2879061447602048,
        0.8477548184253196,
        2.457929990927062,
        0.7718586427780205,
        -3.502126424107026,
        1.0696245270232914,
        4.963047767707356,
        2.249032357839304,
        -2.206170334572187,
        4.623893690206951,
        0.2831427446133665,
        -4.28402840980364,
        -1.4877506407087036,
        1.1049087490501686,
        -3.728185084715291,
        -0.28692009432553306,
        2.2918804850126677
      ]
    ],
    "1337": [
      [
        9.771304889685288,
        0.5838724019943305,
        6.474603244073862,
        -3.853579473643281,
        -0.2516082322531721,
        0.9971374616001129,
        -2.693740264628699,
        1.075352882313642,
        0.2650949298635156,
        1.725662847548782,
        0.5343734055521412,
        -2.6770029605623753,
        7.965749039210366,
        1.2038071619397035,
        5.504155222283745,
        -5.132411299382279,
        -0.9838880459717481,
        -3.265186898120985,
        2.569577133397137,
        0.8351582063529258
      ],
      [
        3.402041047171675,
        0.2471675532746999,
        3.426313978869429,
        1.6725266299756874,
        2.075875020480185,
        -1.7919051661687562,
        1.7618781568982185,
        -3.040261265112777,
        4.0748535762152605,
        -0.19208684629606904,
        4.353126685785728,
        4.7956039475446754,
        2.4716208606774686,
        -5.186229618549921,
        -1.608019007263595,
        -2.6369330667086155,
        1.4730283104515138,
        -1.106820610147309,
        2.4826888966708704,
        -1.9129248891725599
      ],
      [
        11.006183755077284,
        0.5055473513893588,
        2.91689395821186,
        -2.1862431528575295,
        1.0935864236274289,
        3.033074329569347,
        -0.213322570274005,
        -2.550292034802899,
        -4.543804639663941,
        6.335042961912816,
        -2.514401186295822,
        0.0017145752721029668,
        7.627716136433846,
        -1.384690480127141,
        2.3397443636767874,
        -0.5104074131265276,
        0.04074916396450754,
        -6.343287193715795,
        1.181649648372526,
        -0.9928682647986861
      ],
      [
        4.555752347520819,
        0.5517149236799759,
        -1.2649318830188976,
        -0.25274203865373734,
        0.19972942007559832,
        -0.24791157790394305,
        1.9376018486553699,
        -3.7261606111783308,
        2.920615752892929,
        1.0107004107210449,
        -0.21418777157033164,
        3.2747112188369547,
        5.135016556488277,
        0.9504478436075352,
        0.8186911783572414,
        -0.779287612032704,
        -1.0118413028092714,
        -1.3525584579910321,
        -0.33652408002024303,
        2.992231653953509
      ],
      [
        23.60152194792412,
        0.6615443635299342,
        -1.4090392004652714,
        -4.313299721592625,
        0.3988679168471986,
        2.7367892760587518,
        -1.2187084551086946,
        -5.332810512546665,
        -1.2189172691473549,
        -1.2536068121545698,
        1.3417965446154994,
        3.4200429959581946,
        9.470867721529427,
        -0.1731899971033991,
        -0.7170214031855496,
        -1.8072003320129966,
        -0.5663510591095454,
        -1.6446822606428073,
        1.9959874842004646,
        -3.6330243556055004
      ]
    ],