{
  "n": 98,
  "ccc": 0.298,
  "cal_slope": 0.1847,
  "mae": 7.9406,
  "r": 0.3776,
  "pred_mean": 24.535,
  "pred_std": 5.324,
  "true_mean": 24.418,
  "true_std": 10.884,
  "label": "v2_plus_hy",
  "variant": "v2_plus_hy",
  "ccc_mean_across_seeds": 0.2856420911694458,
  "ccc_std_across_seeds": 0.03555623007955429,
  "per_seed": [
    {
      "seed": 42,
      "ccc": 0.33289500313083153,
      "mae": 7.965215773475426,
      "r": 0.3910047913760224,
      "pred_std": 6.083427606595106,
      "true_std": 10.884292623127722
    },
    {
      "seed": 1337,
      "ccc": 0.24712469903341175,
      "mae": 8.28877091705329,
      "r": 0.2868205304708521,
      "pred_std": 6.2257485192049105,
      "true_std": 10.884292623127722
    },
    {
      "seed": 7,
      "ccc": 0.276906571344094,
      "mae": 8.064941553823958,
      "r": 0.35137740341414286,
      "pred_std": 5.310901189296072,
      "true_std": 10.884292623127722
    }
  ],
  "target": "t3",
  "eval_mode": "5split",
  "iter": 3
}