{
  "per_item_ccc_5fold": {
    "1": {
      "ccc_mean": 0.20842185274845967,
      "ccc_std": 0.06165503476621553,
      "ccc_per_seed": [
        0.283263121781069,
        0.13225714377906847,
        0.2097452926852416
      ],
      "mean_target": 0.8876404494382022,
      "std_target": 0.7257418095260738
    },
    "2": {
      "ccc_mean": 0.16368643226262722,
      "ccc_std": 0.0859983225684178,
      "ccc_per_seed": [
        0.10836138049935161,
        0.09755172357727142,
        0.2851461927112586
      ],
      "mean_target": 1.3932584269662922,
      "std_target": 0.9786252399063674
    },
    "3": {
      "ccc_mean": -0.012453519389696738,
      "ccc_std": 0.028227875278383094,
      "ccc_per_seed": [
        -0.02518836980118214,
        0.02667954487353643,
        -0.0388517332414445
      ],
      "mean_target": 4.404494382022472,
      "std_target": 3.2001372903259524
    },
    "4": {
      "ccc_mean": 0.05922380710975849,
      "ccc_std": 0.01257133497086752,
      "ccc_per_seed": [
        0.05879551628668054,
        0.07483016222792456,
        0.044045742814670365
      ],
      "mean_target": 2.449438202247191,
      "std_target": 1.4379388803802224
    },
    "5": {
      "ccc_mean": 0.11462209187189276,
      "ccc_std": 0.051595987727640326,
      "ccc_per_seed": [
        0.08927683489582612,
        0.06803738000449773,
        0.1865520607153544
      ],
      "mean_target": 1.9213483146067416,
      "std_target": 1.602138452272452
    },
    "6": {
      "ccc_mean": 0.02786680878651232,
      "ccc_std": 0.05140091489681825,
      "ccc_per_seed": [
        -0.03866392785844259,
        0.03576828763094109,
        0.08649606658703847
      ],
      "mean_target": 1.9550561797752808,
      "std_target": 1.5133125534681466
    },
    "7": {
      "ccc_mean": 0.20293081834618296,
      "ccc_std": 0.04171790206220219,
      "ccc_per_seed": [
        0.25928881112507285,
        0.18986497901137714,
        0.15963866490209894
      ],
      "mean_target": 1.696629213483146,
      "std_target": 0.8128807751768954
    },
    "8": {
      "ccc_mean": 0.19201718341507454,
      "ccc_std": 0.05772739724642716,
      "ccc_per_seed": [
        0.11428479238529941,
        0.2524920607006258,
        0.20927469715929833
      ],
      "mean_target": 0.9438202247191011,
      "std_target": 0.9284462139376897
    },
    "9": {
      "ccc_mean": 0.23716471787053317,
      "ccc_std": 0.012546059981097795,
      "ccc_per_seed": [
        0.22265612075727959,
        0.2532638391460121,
        0.2355741937083078
      ],
      "mean_target": 0.2808988764044944,
      "std_target": 0.49692908735946023
    },
    "10": {
      "ccc_mean": 0.4264113840696348,
      "ccc_std": 0.03527978961861182,
      "ccc_per_seed": [
        0.43143313139584094,
        0.4668898331930571,
        0.3809111876200063
      ],
      "mean_target": 1.0561797752808988,
      "std_target": 0.7549023385276775
    },
    "11": {
      "ccc_mean": 0.21454077798116233,
      "ccc_std": 0.04007534333622061,
      "ccc_per_seed": [
        0.1704573792438811,
        0.26742952229905775,
        0.20573543240054817
      ],
      "mean_target": 0.2247191011235955,
      "std_target": 0.6316165987665255
    },
    "12": {
      "ccc_mean": 0.5420685946694385,
      "ccc_std": 0.004256270159786701,
      "ccc_per_seed": [
        0.5434638427712246,
        0.5464418399286817,
        0.536300101308409
      ],
      "mean_target": 0.5617977528089888,
      "std_target": 0.9356252032164516
    },
    "13": {
      "ccc_mean": 0.1537944909656432,
      "ccc_std": 0.0539965167437048,
      "ccc_per_seed": [
        0.1415274735123578,
        0.09465491226124445,
        0.22520108712332737
      ],
      "mean_target": 1.0224719101123596,
      "std_target": 0.7340441784746552
    },
    "14": {
      "ccc_mean": 0.28929314301728676,
      "ccc_std": 0.021074554727105833,
      "ccc_per_seed": [
        0.26602821763996004,
        0.2847929456398224,
        0.31705826577207785
      ],
      "mean_target": 0.9775280898876404,
      "std_target": 0.7491947450862765
    },
    "15": {
      "ccc_mean": -0.09066257777413907,
      "ccc_std": 0.03657603747475354,
      "ccc_per_seed": [
        -0.1360547340725469,
        -0.04648688403322708,
        -0.08944611521664324
      ],
      "mean_target": 0.7415730337078652,
      "std_target": 1.9747171032642885
    },
    "16": {
      "ccc_mean": 0.15374299283353457,
      "ccc_std": 0.012534220896886574,
      "ccc_per_seed": [
        0.15941854792905605,
        0.16544829253944326,
        0.1363621380321044
      ],
      "mean_target": 1.1235955056179776,
      "std_target": 1.025738700317052
    },
    "17": {
      "ccc_mean": 0.1370516234619553,
      "ccc_std": 0.04684456076346743,
      "ccc_per_seed": [
        0.12303565855197361,
        0.08798569170173455,
        0.20013352013215774
      ],
      "mean_target": 1.1910112359550562,
      "std_target": 1.701792871474623
    },
    "18": {
      "ccc_mean": 0.2479923521328531,
      "ccc_std": 0.038924128803780114,
      "ccc_per_seed": [
        0.21158187138235376,
        0.23044372036342395,
        0.3019514646527815
      ],
      "mean_target": 1.0112359550561798,
      "std_target": 1.3365592419517214
    }
  },
  "per_item_mae_5fold": {
    "1": {
      "mae_mean": 0.557138439468346,
      "mae_std": 0.02211743579295312
    },
    "2": {
      "mae_mean": 0.7891354679566379,
      "mae_std": 0.03964195349913609
    },
    "3": {
      "mae_mean": 2.8704823991049775,
      "mae_std": 0.047634324003862166
    },
    "4": {
      "mae_mean": 1.2332444538392513,
      "mae_std": 0.0037645735915862494
    },
    "5": {
      "mae_mean": 1.36156451681781,
      "mae_std": 0.023140747270863175
    },
    "6": {
      "mae_mean": 1.381300853240295,
      "mae_std": 0.05815763580449798
    },
    "7": {
      "mae_mean": 0.6518636846915212,
      "mae_std": 0.021080760729736258
    },
    "8": {
      "mae_mean": 0.7705045660393184,
      "mae_std": 0.01664097065864608
    },
    "9": {
      "mae_mean": 0.37358711030934333,
      "mae_std": 0.0013509696434976244
    },
    "10": {
      "mae_mean": 0.5309122942985719,
      "mae_std": 0.010540312910132636
    },
    "11": {
      "mae_mean": 0.38589217323742453,
      "mae_std": 0.004121102431865421
    },
    "12": {
      "mae_mean": 0.5219764952061768,
      "mae_std": 0.007850355669392151
    },
    "13": {
      "mae_mean": 0.6043597029553948,
      "mae_std": 0.02350414977708698
    },
    "14": {
      "mae_mean": 0.5836717077572597,
      "mae_std": 0.011506336914429878
    },
    "15": {
      "mae_mean": 1.1785600321206324,
      "mae_std": 0.049504953469693344
    },
    "16": {
      "mae_mean": 0.8578566230599384,
      "mae_std": 0.006639521442858878
    },
    "17": {
      "mae_mean": 1.2781158034807836,
      "mae_std": 0.009032327412215074
    },
    "18": {
      "mae_mean": 1.0337931095808588,
      "mae_std": 0.04347167331185875
    }
  },
  "n_pd": 89
}