{
  "n": 89,
  "ccc": 0.0553,
  "cal_slope": 0.0284,
  "mae": 7.9684,
  "r": 0.3231,
  "pred_mean": 23.888,
  "pred_std": 0.905,
  "true_mean": 25.315,
  "true_std": 10.292,
  "label": "per_item_weighted",
  "variant": "per_item_weighted",
  "ccc_mean_across_seeds": 0.05517027354306583,
  "ccc_std_across_seeds": 0.017324770109724157,
  "per_seed": [
    {
      "seed": 42,
      "ccc": 0.0348661030846793,
      "mae": 8.073293938612832,
      "r": 0.20857518775968403,
      "pred_std": 0.8819861286984917,
      "true_std": 10.291914035215664,
      "ratio": 0.08569699724274951
    },
    {
      "seed": 1337,
      "ccc": 0.05344688044379689,
      "mae": 7.970770573304577,
      "r": 0.26084599660069796,
      "pred_std": 1.0870751675110655,
      "true_std": 10.291914035215664,
      "ratio": 0.10562419816094841
    },
    {
      "seed": 7,
      "ccc": 0.07719783710072128,
      "mae": 7.900172092646281,
      "r": 0.3768042395527822,
      "pred_std": 1.0869572426196887,
      "true_std": 10.291914035215664,
      "ratio": 0.10561274014731041
    }
  ],
  "target": "t3",
  "eval_mode": "5split"
}