{
  "item": 18,
  "variant": "self_norm_hy_residual_item",
  "eval": "5split",
  "n_subjects": 93,
  "seeds": [
    42,
    1337,
    7
  ],
  "ccc_mean": 0.4486666666666667,
  "ccc_std": 0.0758197130625597,
  "mae_mean": 0.9485333333333333,
  "per_seed": [
    {
      "n": 93,
      "ccc": 0.3451,
      "cal_slope": 0.2358,
      "mae": 0.9785,
      "r": 0.3896,
      "pred_mean": 1.035,
      "pred_std": 0.821,
      "true_mean": 1.011,
      "true_std": 1.356,
      "label": ""
    },
    {
      "n": 93,
      "ccc": 0.4764,
      "cal_slope": 0.3675,
      "mae": 0.9643,
      "r": 0.4988,
      "pred_mean": 1.017,
      "pred_std": 0.999,
      "true_mean": 1.011,
      "true_std": 1.356,
      "label": ""
    },
    {
      "n": 93,
      "ccc": 0.5245,
      "cal_slope": 0.3898,
      "mae": 0.9028,
      "r": 0.5619,
      "pred_mean": 1.109,
      "pred_std": 0.941,
      "true_mean": 1.011,
      "true_std": 1.356,
      "label": ""
    }
  ],
  "null_tests": {
    "scrambled_label_ccc": -0.20355169632847087,
    "canary_feature_ccc": 0.3450741524711561,
    "sid_shuffle_selfnorm_ccc": 0.28586276786793224
  }
}