{
  "n": 98,
  "ccc": 0.32,
  "cal_slope": 0.1944,
  "mae": 7.7934,
  "r": 0.42,
  "pred_mean": 24.699,
  "pred_std": 5.036,
  "true_mean": 24.418,
  "true_std": 10.884,
  "label": "obs_subscore_aux",
  "variant": "obs_subscore_aux",
  "ccc_mean_across_seeds": 0.3099044199862629,
  "ccc_std_across_seeds": 0.03685799535654204,
  "per_seed": [
    {
      "seed": 42,
      "ccc": 0.3618838687261135,
      "mae": 7.6898766666254526,
      "r": 0.43643059929334316,
      "pred_std": 5.790415240131703,
      "true_std": 10.884292623127722
    },
    {
      "seed": 1337,
      "ccc": 0.2872867000766326,
      "mae": 8.276089758223453,
      "r": 0.3594971642359773,
      "pred_std": 5.4584004018048145,
      "true_std": 10.884292623127722
    },
    {
      "seed": 7,
      "ccc": 0.28054269115604274,
      "mae": 8.067682129349274,
      "r": 0.366797146896333,
      "pred_std": 5.0632336711401855,
      "true_std": 10.884292623127722
    }
  ],
  "target": "t3",
  "eval_mode": "5split",
  "iter": 3
}