{
  "item": 14,
  "variant": "self_norm_hy_residual_cccv2_item",
  "eval": "5split",
  "n_subjects": 94,
  "seeds": [
    42,
    1337,
    7
  ],
  "ccc_mean": 0.20456666666666665,
  "ccc_std": 0.08021244015460167,
  "mae_mean": 0.6334666666666666,
  "per_seed": [
    {
      "n": 94,
      "ccc": 0.1293,
      "cal_slope": 0.0889,
      "mae": 0.656,
      "r": 0.1452,
      "pred_mean": 0.987,
      "pred_std": 0.451,
      "true_mean": 0.989,
      "true_std": 0.737,
      "label": ""
    },
    {
      "n": 94,
      "ccc": 0.3157,
      "cal_slope": 0.2189,
      "mae": 0.5828,
      "r": 0.3523,
      "pred_mean": 0.97,
      "pred_std": 0.458,
      "true_mean": 0.989,
      "true_std": 0.737,
      "label": ""
    },
    {
      "n": 94,
      "ccc": 0.1687,
      "cal_slope": 0.1224,
      "mae": 0.6616,
      "r": 0.1823,
      "pred_mean": 0.973,
      "pred_std": 0.495,
      "true_mean": 0.989,
      "true_std": 0.737,
      "label": ""
    }
  ],
  "null_tests": {
    "scrambled_label_ccc": -0.08390641918087925,
    "canary_feature_ccc": 0.12934413018595567,
    "sid_shuffle_selfnorm_ccc": 0.13179945542727536
  }
}