{
  "n_NLS": 64,
  "n_WPD": 25,
  "by_site_existing_T3_LOOCV": {
    "NLS": {
      "n": 68,
      "ccc": 0.21317435099187448,
      "mae": 8.342718578187132
    },
    "WPD": {
      "n": 26,
      "ccc": 0.14145931649604193,
      "mae": 5.053270834683254
    }
  },
  "leave_site_out": {
    "NLS_to_WPD": {
      "n_train": 64,
      "n_test": 25,
      "ccc": 0.0004545112517153149,
      "mae": 6.347183045158139,
      "r": 0.0006180604859486959
    },
    "WPD_to_NLS": {
      "n_train": 25,
      "n_test": 64,
      "ccc": -0.08045991205186692,
      "mae": 10.239548949724085,
      "r": -0.2507711815151639
    }
  }
}