{
  "item": 14,
  "variant": "self_norm_hy_residual_item",
  "eval": "5split",
  "n_subjects": 94,
  "seeds": [
    42,
    1337,
    7
  ],
  "ccc_mean": 0.2665,
  "ccc_std": 0.06733830014684561,
  "mae_mean": 0.5921,
  "per_seed": [
    {
      "n": 94,
      "ccc": 0.1792,
      "cal_slope": 0.1208,
      "mae": 0.6197,
      "r": 0.2046,
      "pred_mean": 0.98,
      "pred_std": 0.435,
      "true_mean": 0.989,
      "true_std": 0.737,
      "label": ""
    },
    {
      "n": 94,
      "ccc": 0.3431,
      "cal_slope": 0.2358,
      "mae": 0.5709,
      "r": 0.3854,
      "pred_mean": 0.978,
      "pred_std": 0.451,
      "true_mean": 0.989,
      "true_std": 0.737,
      "label": ""
    },
    {
      "n": 94,
      "ccc": 0.2772,
      "cal_slope": 0.1905,
      "mae": 0.5857,
      "r": 0.3119,
      "pred_mean": 0.963,
      "pred_std": 0.45,
      "true_mean": 0.989,
      "true_std": 0.737,
      "label": ""
    }
  ],
  "null_tests": {
    "scrambled_label_ccc": -0.023647750748677795,
    "canary_feature_ccc": 0.1791660956262666,
    "sid_shuffle_selfnorm_ccc": 0.17222937107197123
  }
}