{
  "experiment": "T1 iter34 LOSO transportability",
  "iso_datetime": "2026-05-06T14:32:12.418267",
  "n_subjects_total": 93,
  "n_nls": 68,
  "n_wpd": 25,
  "seeds": [
    42,
    1337,
    7
  ],
  "bases": [
    "lgb",
    "xgb",
    "et"
  ],
  "feature_set": "A3_tier1",
  "item_order_chain": [
    9,
    10,
    11,
    12,
    13,
    14,
    15,
    18
  ],
  "auxiliary_items_used": [
    15,
    18
  ],
  "iter34_loocv_ccc_within_cohort": 0.7366,
  "wall_time_total_s": 30.19771909713745,
  "notes": "Descriptive transportability, NOT a within-cohort lift claim. No formula_sha256 lockbox. iter34 LOOCV CCC=0.7366 is the within-cohort comparator; LOOCV\u2192LOSO gap quantifies cohort shift.",
  "headline_two_way_mean_ccc": 0.4564,
  "ccc_NLS_to_WPD": 0.6293,
  "ccc_WPD_to_NLS": 0.2835,
  "mae_NLS_to_WPD": 1.5101,
  "mae_WPD_to_NLS": 2.8101,
  "r_NLS_to_WPD": 0.6408,
  "r_WPD_to_NLS": 0.3324,
  "cal_slope_NLS_to_WPD": 0.6414,
  "cal_slope_WPD_to_NLS": 0.3285,
  "loocv_minus_loso_gap": 0.28020000000000006,
  "per_direction": {
    "NLS_to_WPD": {
      "n_train": 68,
      "n_test": 25,
      "ccc_meanofseed_preds": 0.6293,
      "mae_meanofseed_preds": 1.5101,
      "r_meanofseed_preds": 0.6408,
      "cal_slope_meanofseed_preds": 0.6414,
      "per_seed": [
        {
          "seed": 7,
          "ccc": 0.6307,
          "mae": 1.5079,
          "r": 0.641,
          "cal_slope": 0.6447,
          "wall_s": 29.67121934890747
        },
        {
          "seed": 42,
          "ccc": 0.6285,
          "mae": 1.5143,
          "r": 0.6412,
          "cal_slope": 0.6439,
          "wall_s": 29.67022705078125
        },
        {
          "seed": 1337,
          "ccc": 0.6283,
          "mae": 1.5115,
          "r": 0.64,
          "cal_slope": 0.6354,
          "wall_s": 29.743714809417725
        }
      ],
      "ccc_seed_mean": 0.6291666666666665,
      "ccc_seed_std": 0.0010873004286867096,
      "test_sids": [
        "WPD022",
        "WPD020",
        "WPD018",
        "WPD024",
        "WPD012",
        "WPD010",
        "WPD023",
        "WPD005",
        "WPD027",
        "WPD025",
        "WPD003",
        "WPD015",
        "WPD016",
        "WPD021",
        "WPD004",
        "WPD009",
        "WPD029",
        "WPD019",
        "WPD026",
        "WPD006",
        "WPD008",
        "WPD007",
        "WPD001",
        "WPD011",
        "WPD014"
      ],
      "y_true": [
        4.0,
        2.0,
        5.0,
        3.0,
        3.0,
        4.0,
        0.0,
        3.0,
        2.0,
        7.0,
        6.0,
        1.0,
        1.0,
        1.0,
        2.0,
        8.0,
        4.0,
        0.0,
        2.0,
        6.0,
        0.0,
        2.0,
        3.0,
        3.0,
        4.0
      ],
      "y_pred_meanofseed": [
        1.5013648754103885,
        3.061343177082622,
        2.875534379085567,
        1.614243019471789,
        1.805418704948325,
        5.410877416734523,
        2.9576527660226426,
        2.3297103306388602,
        2.0091984825109317,
        9.403282596821498,
        3.0628467139094213,
        2.699299140706471,
        0.6658192794485734,
        -1.202004764296943,
        2.572755123061412,
        7.483392413162996,
        3.9264904312234514,
        2.2141443494053825,
        2.4796414293380495,
        2.3048757983991752,
        1.0160242632817913,
        1.8432044118697555,
        0.9079377016633058,
        2.0185704320569804,
        0.9333565060436002
      ]
    },
    "WPD_to_NLS": {
      "n_train": 25,
      "n_test": 68,
      "ccc_meanofseed_preds": 0.2835,
      "mae_meanofseed_preds": 2.8101,
      "r_meanofseed_preds": 0.3324,
      "cal_slope_meanofseed_preds": 0.3285,
      "per_seed": [
        {
          "seed": 7,
          "ccc": 0.2814,
          "mae": 2.8216,
          "r": 0.3309,
          "cal_slope": 0.3269,
          "wall_s": 9.398139238357544
        },
        {
          "seed": 42,
          "ccc": 0.2846,
          "mae": 2.8041,
          "r": 0.3333,
          "cal_slope": 0.3295,
          "wall_s": 8.86780595779419
        },
        {
          "seed": 1337,
          "ccc": 0.2844,
          "mae": 2.8045,
          "r": 0.333,
          "cal_slope": 0.3292,
          "wall_s": 9.110142469406128
        }
      ],
      "ccc_seed_mean": 0.2834666666666667,
      "ccc_seed_std": 0.0014636332266733533,
      "test_sids": [
        "NLS142",
        "NLS179",
        "NLS146",
        "NLS157",
        "NLS130",
        "NLS175",
        "NLS121",
        "NLS150",
        "NLS197",
        "NLS184",
        "NLS036",
        "NLS143",
        "NLS102",
        "NLS183",
        "NLS192",
        "NLS163",
        "NLS189",
        "NLS144",
        "NLS176",
        "NLS160",
        "NLS135",
        "NLS190",
        "NLS069",
        "NLS198",
        "NLS149",
        "NLS185",
        "NLS172",
        "NLS164",
        "NLS182",
        "NLS170",
        "NLS127",
        "NLS167",
        "NLS186",
        "NLS169",
        "NLS035",
        "NLS153",
        "NLS155",
        "NLS166",
        "NLS191",
        "NLS211",
        "NLS201",
        "NLS152",
        "NLS174",
        "NLS165",
        "NLS148",
        "NLS161",
        "NLS159",
        "NLS208",
        "NLS154",
        "NLS173",
        "NLS177",
        "NLS101",
        "NLS033",
        "NLS022",
        "NLS124",
        "NLS056",
        "NLS209",
        "NLS162",
        "NLS195",
        "NLS139",
        "NLS002",
        "NLS210",
        "NLS141",
        "NLS147",
        "NLS158",
        "NLS196",
        "NLS140",
        "NLS187"
      ],
      "y_true": [
        4.0,
        5.0,
        2.0,
        3.0,
        3.0,
        3.0,
        2.0,
        9.0,
        3.0,
        4.0,
        11.0,
        7.0,
        1.0,
        1.0,
        0.0,
        5.0,
        2.0,
        7.0,
        1.0,
        6.0,
        4.0,
        5.0,
        10.0,
        3.0,
        4.0,
        7.0,
        3.0,
        3.0,
        0.0,
        3.0,
        5.0,
        2.0,
        3.0,
        3.0,
        2.0,
        4.0,
        1.0,
        5.0,
        9.0,
        2.0,
        12.0,
        4.0,
        4.0,
        7.0,
        5.0,
        7.0,
        4.0,
        5.0,
        0.0,
        1.0,
        4.0,
        4.0,
        11.0,
        5.0,
        9.0,
        8.0,
        5.0,
        3.0,
        1.0,
        3.0,
        2.0,
        5.0,
        5.0,
        3.0,
        4.0,
        14.0,
        8.0,
        6.0
      ],