{
  "n": 98,
  "ccc": 0.4092,
  "cal_slope": 0.3039,
  "mae": 8.0663,
  "r": 0.4369,
  "pred_mean": 24.848,
  "pred_std": 7.572,
  "true_mean": 24.418,
  "true_std": 10.884,
  "label": "hy_residual_loocv",
  "variant": "hy_residual",
  "eval_mode": "loocv",
  "n_seeds": 3,
  "per_seed_ccc": [
    0.4195080122470311,
    0.379200608147638,
    0.41235603472682236
  ],
  "per_seed_mae": [
    8.236067744678666,
    8.28621739725066,
    7.9721847347887165
  ],
  "per_subject": {
    "sids": [
      "NLS142",
      "NLS179",
      "NLS146",
      "NLS157",
      "NLS130",
      "NLS175",
      "WPD022",
      "NLS121",
      "NLS150",
      "WPD020",
      "NLS197",
      "NLS184",
      "NLS036",
      "NLS143",
      "NLS102",
      "NLS188",
      "NLS183",
      "WPD013",
      "NLS192",
      "WPD018",
      "WPD002",
      "NLS163",
      "NLS189",
      "NLS144",
      "WPD024",
      "WPD012",
      "WPD010",
      "NLS176",
      "NLS151",
      "NLS160",
      "NLS135",
      "NLS190",
      "NLS069",
      "WPD023",
      "WPD005",
      "NLS198",
      "WPD027",
      "NLS149",
      "NLS185",
      "NLS172",
      "NLS164",
      "NLS182",
      "WPD025",
      "WPD003",
      "NLS170",
      "NLS127",
      "WPD015",
      "NLS167",
      "NLS186",
      "WPD016",
      "NLS169",
      "NLS035",
      "NLS153",
      "WPD021",
      "NLS155",
      "NLS166",
      "NLS191",
      "WPD004",
      "WPD009",
      "WPD017",
      "WPD029",
      "NLS211",
      "NLS201",
      "NLS152",
      "NLS174",
      "NLS165",
      "NLS148",
      "NLS161",
      "NLS159",
      "WPD019",
      "NLS208",
      "WPD026",
      "NLS154",
      "NLS173",
      "WPD006",
      "NLS177",
      "WPD008",
      "NLS101",
      "NLS033",
      "NLS022",
      "NLS124",
      "NLS056",
      "NLS209",
      "NLS162",
      "NLS195",
      "NLS139",
      "NLS002",
      "NLS210",
      "NLS141",
      "WPD007",
      "WPD001",
      "NLS147",
      "WPD011",
      "WPD014",
      "NLS158",
      "NLS196",
      "NLS140",
      "NLS187"
    ],
    "y_true": [
      24.0,
      43.0,
      10.0,
      25.0,
      22.0,
      29.0,
      27.0,
      11.0,
      35.0,
      13.0,
      23.0,
      21.0,
      46.0,
      36.0,
      14.0,
      0.0,
      14.0,
      0.0,
      18.0,
      26.0,
      19.0,
      25.0,
      13.0,
      29.0,
      18.0,
      19.0,
      24.0,
      9.0,
      0.0,
      37.0,
      43.0,
      34.0,
      25.0,
      13.0,
      15.0,
      24.0,
      26.0,
      29.0,
      40.0,
      10.0,
      13.0,
      14.0,
      30.0,
      30.0,
      27.0,
      19.0,
      22.0,
      12.0,
      17.0,
      10.0,
      22.0,
      20.0,
      30.0,
      25.0,
      6.0,
      26.0,
      36.0,
      30.0,
      19.0,
      27.0,
      25.0,
      24.0,
      59.0,
      19.0,
      27.0,
      33.0,
      38.0,
      39.0,
      39.0,
      25.0,
      22.0,
      28.0,
      13.0,
      38.0,
      34.0,
      25.0,
      23.0,
      14.0,
      31.0,
      32.0,
      41.0,
      32.0,
      26.0,
      38.0,
      16.0,
      33.0,
      18.0,
      26.0,
      17.0,
      12.0,
      13.0,
      19.0,
      26.0,
      24.0,
      15.0,
      52.0,
      40.0,
      33.0
    ],
    "y_pred": [
      22.5498902838211,
      34.32847890976161,
      19.06657612856792,
      26.71936286248537,
      28.918090788353066,
      29.601346965878367,
      24.612637838758673,
      36.127708661048274,
      25.429474768964727,
      22.805273524310394,
      20.02965821142367,
      23.121061427585442,
      33.30211663158453,
      25.685377701473517,
      21.246304937247093,
      11.445858655540524,
      29.16811929199359,
      9.4393563162521,
      30.126103023990307,
      14.537505472774848,
      20.760113649786607,
      25.144038290164044,
      18.85327129271908,
      27.59903530229981,
      21.259918860653993,
      21.597113656243867,
      25.927710656286532,
      25.566993688462258,
      9.36465117045388,
      20.853459167487383,
      35.72347476323481,
      23.24558879767996,
      8.479479079770458,
      28.34083417139459,
      17.650952492822345,
      21.29950408700444,
      20.88158373729852,
      30.244589099104985,
      34.19106990506012,
      27.01414406569688,
      22.096548537656663,
      15.596563057801859,
      32.01349627232727,
      21.23602030264831,
      21.382738440074878,
      28.273873959121897,
      26.236958413663952,
      22.782872546904656,
      16.77027096196891,
      23.852825885056934,
      22.01079394135026,
      16.486736114832052,
      23.386452839028447,
      22.43314213307542,
      23.98232176478399,
      40.199612528305146,
      21.8867632290641,
      25.306548954131458,
      36.35865557620624,
      14.218269347739747,
      18.82673265394297,
      17.326436989691878,
      29.674375045221794,
      23.230744953553042,
      23.72258876070761,
      24.489079250065487,
      27.986089975511575,
      29.514990229889644,
      24.689062569722882,
      4.729052617794746,
      28.556666472591118,
      25.310258018781116,
      19.76349065854971,
      18.984632515012514,
      25.2889716971487,
      24.6703334815525,
      25.777468864849936,
      29.54345805240602,
      52.93611096030634,
      31.59581148371305,
      36.92212485123847,
      32.41015554747158,
      26.90326244863714,
      18.200916254727144,
      19.93659379135173,
      25.41439018165129,
      20.006534378523614,
      24.492670220203863,
      34.158850893758704,
      23.946281325795297,
      24.02022021352947,
      24.72292760978496,
      24.464932437483487,
      17.637248700194807,
      20.083614152855336,
      42.53916319748876,
      39.481091805246145,
      44.39888113572977
    ]
  },
  "preregistration_file": "preregistration_t3_20260429_052049.json",
  "is_lockbox_headline": true
}