{
  "n": 89,
  "ccc": 0.2168,
  "cal_slope": 0.12,
  "mae": 7.7187,
  "r": 0.3694,
  "pred_mean": 24.894,
  "pred_std": 3.344,
  "true_mean": 25.315,
  "true_std": 10.292,
  "label": "cqr_quantile",
  "variant": "cqr_quantile",
  "ccc_mean_across_seeds": 0.2103699931559663,
  "ccc_std_across_seeds": 0.028639570410806395,
  "per_seed": [
    {
      "seed": 42,
      "ccc": 0.24467070232819402,
      "mae": 7.552464206888437,
      "r": 0.3940074534120953,
      "pred_std": 3.58416099151455,
      "true_std": 10.291914035215664,
      "ratio": 0.34825018740447
    },
    {
      "seed": 1337,
      "ccc": 0.2118726142757552,
      "mae": 7.805295842948555,
      "r": 0.30966386183130656,
      "pred_std": 4.075444485817141,
      "true_std": 10.291914035215664,
      "ratio": 0.39598508808684796
    },
    {
      "seed": 7,
      "ccc": 0.17456666286394976,
      "mae": 7.984646859975581,
      "r": 0.2662961363049317,
      "pred_std": 3.871017007171866,
      "true_std": 10.291914035215664,
      "ratio": 0.3761221667734956
    }
  ],
  "target": "t3",
  "eval_mode": "5split",
  "extras_summary": {
    "pred_lo_q0.1": {
      "mean": 18.166884501127537,
      "std": 2.2340573413885365
    },
    "pred_hi_q0.9": {
      "mean": 31.148269592472193,
      "std": 3.929247978804707
    }
  }
}