{
  "n": 98,
  "ccc": 0.3015,
  "cal_slope": 0.1862,
  "mae": 8.2814,
  "r": 0.3839,
  "pred_mean": 24.349,
  "pred_std": 5.28,
  "true_mean": 24.418,
  "true_std": 10.884,
  "label": "hy_only",
  "variant": "hy_only",
  "ccc_mean_across_seeds": 0.2991181773910222,
  "ccc_std_across_seeds": 0.03630445784644627,
  "per_seed": [
    {
      "seed": 42,
      "ccc": 0.32283474759377934,
      "mae": 8.041691265661148,
      "r": 0.41451040688546653,
      "pred_std": 5.210075892058264,
      "true_std": 10.884292623127722
    },
    {
      "seed": 1337,
      "ccc": 0.24782432823066433,
      "mae": 8.609057300028768,
      "r": 0.3122555591586465,
      "pred_std": 5.370963784946791,
      "true_std": 10.884292623127722
    },
    {
      "seed": 7,
      "ccc": 0.32669545634862296,
      "mae": 8.280985723899695,
      "r": 0.4027110064001765,
      "pred_std": 5.572915850161911,
      "true_std": 10.884292623127722
    }
  ],
  "target": "t3",
  "eval_mode": "5split",
  "iter": 3
}