{
  "n": 89,
  "var_T3": 105.92349450826917,
  "var_T1": 8.108319656609014,
  "var_partially_observable": 23.210958212346924,
  "var_not_observable": 22.1247317257922,
  "cov_T1_partobs": 5.848825331971398,
  "cov_T1_notobs": 4.0953779366700696,
  "cov_partobs_notobs": 9.028983656792647,
  "pct_var_T1": 0.07654883077876569,
  "pct_var_partobs": 0.2191294605611308,
  "pct_var_notobs": 0.20887463946032273,
  "decomp_sum": 91.39038344561637,
  "pearson_T1_T3": 0.6826529677800216,
  "pearson_partobs_T3": 0.8280003296116616,
  "pearson_notobs_T3": 0.752678910529787,
  "item_variances": {
    "1": 0.5326864147088866,
    "2": 0.9685903983656793,
    "3": 10.357252298263534,
    "4": 2.091164453524004,
    "5": 2.596016343207354,
    "6": 2.3161389172625126,
    "7": 0.6682839632277834,
    "8": 0.8718079673135851,
    "9": 0.24974463738508684,
    "10": 0.5763534218590398,
    "11": 0.4034729315628191,
    "12": 0.8853421859039835,
    "13": 0.5449438202247192,
    "14": 0.5676710929519918,
    "15": 3.943820224719099,
    "16": 1.0640960163432072,
    "17": 2.929009193054137,
    "18": 1.8066905005107252
  },
  "T1_items": [
    9,
    10,
    11,
    12,
    13,
    14
  ],
  "partially_observable_items": [
    5,
    6,
    7,
    8,
    15,
    16,
    17
  ],
  "not_observable_items": [
    1,
    2,
    3,
    4,
    18
  ]
}