{"seed42_pred": [2.928436625719154, 9.971466108094504, 6.146307938586501, 1.2200759705732476, 6.8701880228463565, 4.830483277959374, 1.3697184547141985, 6.105851879056901, 7.50491760407297, 1.0397870830374338, 0.8643987694746471, 0.720341082732014, 10.447253744943975, 8.008701549666778, 0.5044554616517329, 2.132935690963733, 3.9831560350485, 1.4885499100937247, 1.3501147124928967, 1.5201342882238857, 1.3730995378936752, 3.9133688464424408, 0.3126198584069777, 2.3042099788434296, 5.818406636688079, 2.1927255925752434, 0.7292176658805474, 6.217741407639769, 3.2248747576219983, 6.004811800701128, 2.789197034725452, 1.4114066262848932, 4.055600544799095, 1.935808477598839, 7.490182046357056, 6.088736377561492, 4.800141597978125, 2.8566806291525664, 1.7673098791080069, 10.337738337187272, 3.6123667398050414, 2.64346784023108, 5.149167072989884, 2.3274563502641046, 5.417681437509135, 5.414531331993886, 0.9090530124123695, 1.585736788414727, 1.3239120236267925, 5.433860855615808, -1.4745339896805252, 4.4345775653965225, 5.650977881929882, 4.887283219955679, 1.8245397647333963, 8.133183562243891, 3.111756058708848, 3.6978157049590292, 10.656580436148216, 3.702763441590996, 7.83337326885373, 5.481253087550844, 3.088532585872353, 8.866540545444234, 2.5043682415582187, 2.417950378022372, 9.361122953757564, 2.901858424240682, 0.8191972535344196, 0.448815005372905, 1.5259389759860023, 0.8574736072308724, -0.05312033931180027, 6.219624542799351, 15.560620314220426, 2.809357084861301, 14.018963733149103, 4.259878039483183, 4.147902625303741, 2.749506254714412, 1.8824822631741216, 2.2158958468756054, 1.3538983610273951, 4.002170763455982, 6.600644875974201, 1.0356806034488688, 0.2184491780497373, 2.4670047532484656, 1.9182470298389913, 0.7188812217577571, 1.6832846355983095, 16.031811275818296, 7.684291566067706, 8.704106292852538], "seed42_iter5": [2.9586426685519633, 8.823530822433874, 7.467380739373021, 2.276029115602399, 5.486469456064779, 3.195276411766234, 2.9453618292409294, 6.784517218729708, 5.94095635470036, 3.0257235067740664, 1.6976039302533066, 3.4802869845308746, 9.026032033851429, 6.85469784873431, 1.2232078645854445, 4.256122663472963, 3.610756321452265, 2.39957265806382, 2.5821442372881043, 3.1415524640810863, 1.5863103503462317, 3.166047558435353, 1.3072364703523591, 3.4246343360904046, 4.62825578271108, 1.313585730291149, 2.4090497520107896, 5.552464901183839, 2.540429329984727, 3.7511080211733874, 3.6814724207424128, 2.8748154812986026, 3.0624509970197944, 3.941266789560333, 6.462516940214894, 5.551701679150854, 3.3792526199185886, 3.4488396528821514, 1.6481621419425045, 7.201663874669416, 3.107384311298209, 2.6812783929341943, 4.476052090351683, 2.7300693443369743, 1.8155444265045955, 4.879349196221297, 2.510761179025594, 3.0686380456671087, 1.8843076407389616, 4.894164583850876, -0.05007040480824876, 3.8457475592631316, 6.006659240938934, 3.8084651512723955, 2.7828333924646174, 5.555865618325106, 3.1292252233173117, 3.9568461438749902, 7.286308913340806, 4.029699040208071, 6.07852956812755, 5.016561102992863, 2.1938930513344803, 9.263612362540332, 3.590675664695161, 3.385296213503096, 6.236092342256622, 2.6786417080640215, 1.414787693596354, 2.694742470288495, 3.116781109349971, 2.5236814450365896, 0.9837062620872752, 6.0879936330875895, 12.583038391240184, 3.510372971628204, 10.271597383761073, 3.457936391250458, 3.285665316175402, 3.525403425156375, 3.170794182836238, 2.680579276760189, 3.11578654138125, 3.1535639334068613, 7.090569967046515, 1.7367337938366942, 1.9591669217650525, 1.9267572794683652, 2.7816228976226243, 1.3549904327068876, 3.371049162729064, 13.618292231029006, 7.4316963959143525, 10.290314673312851], "seed42_y": [4.0, 5.0, 2.0, 3.0, 3.0, 3.0, 4.0, 2.0, 9.0, 2.0, 3.0, 4.0, 11.0, 7.0, 1.0, 1.0, 0.0, 5.0, 4.0, 5.0, 2.0, 7.0, 3.0, 3.0, 4.0, 1.0, 6.0, 4.0, 5.0, 10.0, 0.0, 3.0, 3.0, 2.0, 4.0, 7.0, 3.0, 3.0, 0.0, 7.0, 6.0, 3.0, 5.0, 1.0, 2.0, 3.0, 1.0, 3.0, 2.0, 4.0, 1.0, 1.0, 5.0, 9.0, 2.0, 8.0, 4.0, 2.0, 12.0, 4.0, 4.0, 7.0, 5.0, 7.0, 4.0, 0.0, 5.0, 2.0, 0.0, 1.0, 6.0, 4.0, 0.0, 4.0, 11.0, 5.0, 9.0, 8.0, 5.0, 3.0, 1.0, 3.0, 2.0, 5.0, 5.0, 2.0, 3.0, 3.0, 3.0, 4.0, 4.0, 14.0, 8.0, 6.0], "seed1337_pred": [4.572855114379822, 9.858964992460248, 4.6070128253899405, 0.5741479772163953, 6.040981293324425, 5.117549283443303, 3.253431579401097, 6.123987337179252, 6.267819747415877, 2.2309837850796286, 1.9192390745957053, 1.1356440881057197, 8.104166108060554, 10.84185304868317, 1.1678545887089005, 2.261379827298878, 4.834307576061814, 3.450006891385245, 1.251547463854016, 3.016518325551039, 1.6973607369278922, 4.395480971297419, 0.08235940621840276, 2.340453553293323, 6.729986586879997, 1.418939130056864, 0.772010727900529, 7.220654790584646, 3.2059136555874357, 4.843672487771748, 1.802468334603136, 1.1906510781361912, 2.960532336137514, 3.2322183016295885, 6.716496409296566, 6.366841587981066, 3.895197807828099, 3.981873622106964, -0.13125954725804156, 11.314478761251422, 4.458112321167215, 1.700733857525199, 6.700033905948565, 2.184025981657507, 4.6529121850124575, 4.0215264917672195, 0.2939653615870004, 1.5667533870545078, 0.39847888866461023, 6.410410694469418, -1.3934950498627994, 2.5853941981367563, 6.564741387117912, 4.373034704246028, 2.4078605181666024, 7.702692308299534, 2.99658352273961, 2.816700278660102, 10.828391550994017, 2.338738526608795, 7.244861532775936, 6.328033100765212, 1.6089334086155018, 8.97853938219381, 4.274964725112536, 1.8317531374890605, 9.70772839241242, 1.937363117003505, 1.5428757125790535, 1.5170416783224208, 3.023444526556633, 1.3036750080618478, 0.5490718085516582, 5.5843293308412, 16.409118388440668, 2.136433587334819, 12.663940294808167, 3.5018946849582147, 2.8880740470212425, 2.9133967044297693, 1.4396261133260642, 1.1410733657606755, 1.7978089793485528, 2.470932966277419, 8.800133867217593, 1.053647613013176, 0.8370878440528324, 1.947024381322462, 2.598126252523414, 1.2074921017010793, 3.4493392337972075, 15.19313435131297, 7.915784566068137, 8.161778356209767], "seed1337_iter5": [5.205487016084538, 10.743428199714673, 4.78695321810478, 1.630596783603821, 5.947504127394491, 2.3025392218445857, 2.7310034135422696, 5.525431524488404, 6.161917685205919, 2.344129470930234, 2.6814784718935263, 3.391716045651238, 8.34265372318908, 8.429047158146227, 2.5357994201074314, 2.9370020768460354, 3.5641272326143834, 2.376888033038016, 3.2045914609936923, 3.547764902481379, 1.6429695787643468, 4.691751778095046, 1.2919669141060308, 1.8881457936486097, 6.622747577077115, 1.7031737884805997, 2.401474442031765, 6.306376700518939, 3.189575639099456, 3.1261960347886957, 3.5830840947198426, 2.906213721706653, 4.194927187120686, 3.607026498314499, 6.15279995378314, 4.982066793813501, 3.310265883071552, 4.4015271906970455, 0.7049796097593095, 9.772235778670211, 4.929954124357977, 2.7507906504085646, 6.962903685720744, 3.3220214252717515, 2.618415267777673, 3.444552891830008, 2.2071902983907794, 2.588396772856017, 1.6683823601381451, 4.320363657275795, -0.12883153626015065, 3.3472110014932066, 5.565917220484091, 3.80501000992002, 2.331788804982881, 6.0182612575781445, 2.3924958729586416, 2.7648015976138893, 7.698606906490598, 2.8060551477382134, 5.348086498329975, 6.000597202406331, 2.5671268267765557, 8.325587007777893, 3.5330105074948355, 3.86073909298751, 5.738435424025856, 4.381755757192497, 0.009864279955480226, 3.4107700978103725, 2.861787434504178, 2.1421484172983685, 0.9272146672038452, 4.638995903394634, 12.032491123699895, 3.9896810028670346, 8.788981232200268, 2.2193883198247115, 3.7154799736835233, 3.2387482590148258, 2.4889088319786072, 2.9863526361152046, 1.8656957926485909, 2.9548940893140787, 7.799962151777249, 1.468667081175588, 1.4497693962641816, 2.2065277994543777, 2.548646496959445, 1.8721717174129726, 3.550440605243286, 13.041261689174602, 7.006074194085772, 9.0311389527153],