{
  "n": 89,
  "ccc": 0.2791,
  "cal_slope": 0.178,
  "mae": 8.0666,
  "r": 0.3402,
  "pred_mean": 25.752,
  "pred_std": 5.385,
  "true_mean": 25.315,
  "true_std": 10.292,
  "label": "item_stack_ridge",
  "variant": "item_stack_ridge",
  "ccc_mean_across_seeds": 0.24695976289933672,
  "ccc_std_across_seeds": 0.02560761450759416,
  "per_seed": [
    {
      "seed": 42,
      "ccc": 0.21352923878551935,
      "mae": 9.169574780709612,
      "r": 0.22216635413208782,
      "pred_std": 8.246917810135308,
      "true_std": 10.291914035215664,
      "ratio": 0.8013006892514816
    },
    {
      "seed": 1337,
      "ccc": 0.2516157992654754,
      "mae": 8.594450386084535,
      "r": 0.2877070468100995,
      "pred_std": 6.061749490455383,
      "true_std": 10.291914035215664,
      "ratio": 0.5889817452530209
    },
    {
      "seed": 7,
      "ccc": 0.2757342506470154,
      "mae": 8.345381141924314,
      "r": 0.31429605006417566,
      "pred_std": 6.107551038532755,
      "true_std": 10.291914035215664,
      "ratio": 0.5934319911373777
    }
  ],
  "target": "t3",
  "eval_mode": "5split"
}