{
  "n": 98,
  "ccc": 0.4191,
  "cal_slope": 0.2971,
  "mae": 7.8379,
  "r": 0.4597,
  "pred_mean": 24.509,
  "pred_std": 7.035,
  "true_mean": 24.418,
  "true_std": 10.884,
  "label": "hy_residual",
  "variant": "hy_residual",
  "ccc_mean_across_seeds": 0.4022208964268985,
  "ccc_std_across_seeds": 0.05391601352996326,
  "per_seed": [
    {
      "seed": 42,
      "ccc": 0.44518032842609784,
      "mae": 7.765069438464452,
      "r": 0.4751260012675501,
      "pred_std": 7.5578064233645375,
      "true_std": 10.884292623127722
    },
    {
      "seed": 1337,
      "ccc": 0.3261859774291026,
      "mae": 8.666146956836878,
      "r": 0.3607958845884669,
      "pred_std": 6.9363041194249355,
      "true_std": 10.884292623127722
    },
    {
      "seed": 7,
      "ccc": 0.43529638342549504,
      "mae": 7.929414884765199,
      "r": 0.45905808991966046,
      "pred_std": 7.857924835374949,
      "true_std": 10.884292623127722
    }
  ],
  "target": "t3",
  "eval_mode": "5split",
  "iter": 3
}