{
  "n": 98,
  "ccc": 0.2925,
  "cal_slope": 0.1789,
  "mae": 7.9295,
  "r": 0.3788,
  "pred_mean": 24.629,
  "pred_std": 5.142,
  "true_mean": 24.418,
  "true_std": 10.884,
  "label": "v2_plus_velinc",
  "variant": "v2_plus_velinc",
  "ccc_mean_across_seeds": 0.2801928197753869,
  "ccc_std_across_seeds": 0.03981363359813342,
  "per_seed": [
    {
      "seed": 42,
      "ccc": 0.3288514529551623,
      "mae": 7.952284506142552,
      "r": 0.39415858044709384,
      "pred_std": 5.857479285111838,
      "true_std": 10.884292623127722
    },
    {
      "seed": 1337,
      "ccc": 0.23132901331436734,
      "mae": 8.61487562611535,
      "r": 0.27896295406200106,
      "pred_std": 5.791580648672417,
      "true_std": 10.884292623127722
    },
    {
      "seed": 7,
      "ccc": 0.28039799305663105,
      "mae": 8.00302049397575,
      "r": 0.34788820072951426,
      "pred_std": 5.514540904795002,
      "true_std": 10.884292623127722
    }
  ],
  "target": "t3",
  "eval_mode": "5split",
  "iter": 3
}