{
  "n": 89,
  "ccc": 0.2731,
  "cal_slope": 0.1639,
  "mae": 7.6269,
  "r": 0.367,
  "pred_mean": 25.568,
  "pred_std": 4.596,
  "true_mean": 25.315,
  "true_std": 10.292,
  "label": "ipw_site",
  "variant": "ipw_site",
  "ccc_mean_across_seeds": 0.25893282090145814,
  "ccc_std_across_seeds": 0.020465625268889554,
  "per_seed": [
    {
      "seed": 42,
      "ccc": 0.24747692149741476,
      "mae": 8.250712450986716,
      "r": 0.3112676323517073,
      "pred_std": 5.122122607178047,
      "true_std": 10.291914035215664,
      "ratio": 0.49768416153222506
    },
    {
      "seed": 1337,
      "ccc": 0.2876789048263756,
      "mae": 7.982416312742394,
      "r": 0.3439952235473153,
      "pred_std": 5.5651729605198765,
      "true_std": 10.291914035215664,
      "ratio": 0.5407325538745874
    },
    {
      "seed": 7,
      "ccc": 0.24164263638058409,
      "mae": 7.704587636552246,
      "r": 0.30337448440505294,
      "pred_std": 5.111346414160464,
      "true_std": 10.291914035215664,
      "ratio": 0.49663710721553433
    }
  ],
  "target": "t3",
  "eval_mode": "5split"
}