{
  "n": 89,
  "ccc": 0.3045,
  "cal_slope": 0.1823,
  "mae": 7.4337,
  "r": 0.411,
  "pred_mean": 25.593,
  "pred_std": 4.564,
  "true_mean": 25.315,
  "true_std": 10.292,
  "label": "subscore_shrink_aug",
  "variant": "subscore_shrink_aug",
  "ccc_mean_across_seeds": 0.2893195567410525,
  "ccc_std_across_seeds": 0.010257989981000422,
  "per_seed": [
    {
      "seed": 42,
      "ccc": 0.30380805333756083,
      "mae": 7.920165006377051,
      "r": 0.38676418727385414,
      "pred_std": 5.0097481096905225,
      "true_std": 10.291914035215664,
      "ratio": 0.48676544445948094
    },
    {
      "seed": 1337,
      "ccc": 0.28270945153010696,
      "mae": 7.67606664562287,
      "r": 0.3419993589310856,
      "pred_std": 5.449389336329422,
      "true_std": 10.291914035215664,
      "ratio": 0.5294825935859299
    },
    {
      "seed": 7,
      "ccc": 0.2814411653554896,
      "mae": 7.514511417446325,
      "r": 0.3472681110273712,
      "pred_std": 5.2599849950315205,
      "true_std": 10.291914035215664,
      "ratio": 0.511079375229284
    }
  ],
  "target": "t3",
  "eval_mode": "5split"
}