{
  "n": 89,
  "ccc": 0.219,
  "cal_slope": 0.1348,
  "mae": 8.2794,
  "r": 0.2817,
  "pred_mean": 25.808,
  "pred_std": 4.926,
  "true_mean": 25.315,
  "true_std": 10.292,
  "label": "item_stack_lgb",
  "variant": "item_stack_lgb",
  "ccc_mean_across_seeds": 0.19464741653346163,
  "ccc_std_across_seeds": 0.0584527012178017,
  "per_seed": [
    {
      "seed": 42,
      "ccc": 0.14778037909762765,
      "mae": 9.179746769806263,
      "r": 0.16001694150255394,
      "pred_std": 6.948997907257301,
      "true_std": 10.291914035215664,
      "ratio": 0.6751900456494326
    },
    {
      "seed": 1337,
      "ccc": 0.2770528609531691,
      "mae": 8.49778329397366,
      "r": 0.3142561582579914,
      "pred_std": 6.164776748564875,
      "true_std": 10.291914035215664,
      "ratio": 0.5989922503696558
    },
    {
      "seed": 7,
      "ccc": 0.15910900954958815,
      "mae": 8.97031034960369,
      "r": 0.18153299569830098,
      "pred_std": 6.138118810391401,
      "true_std": 10.291914035215664,
      "ratio": 0.5964020676220873
    }
  ],
  "target": "t3",
  "eval_mode": "5split"
}