{
  "item": 18,
  "variant": "self_norm_hy_residual_cccv2_item",
  "eval": "5split",
  "n_subjects": 93,
  "seeds": [
    42,
    1337,
    7
  ],
  "ccc_mean": 0.46349999999999997,
  "ccc_std": 0.07186742423843132,
  "mae_mean": 0.9467666666666666,
  "per_seed": [
    {
      "n": 93,
      "ccc": 0.387,
      "cal_slope": 0.2666,
      "mae": 0.9994,
      "r": 0.434,
      "pred_mean": 1.034,
      "pred_std": 0.833,
      "true_mean": 1.011,
      "true_std": 1.356,
      "label": ""
    },
    {
      "n": 93,
      "ccc": 0.4438,
      "cal_slope": 0.3509,
      "mae": 0.9919,
      "r": 0.4602,
      "pred_mean": 1.01,
      "pred_std": 1.034,
      "true_mean": 1.011,
      "true_std": 1.356,
      "label": ""
    },
    {
      "n": 93,
      "ccc": 0.5597,
      "cal_slope": 0.432,
      "mae": 0.849,
      "r": 0.5864,
      "pred_mean": 1.054,
      "pred_std": 0.999,
      "true_mean": 1.011,
      "true_std": 1.356,
      "label": ""
    }
  ],
  "null_tests": {
    "scrambled_label_ccc": -0.10593575029261729,
    "canary_feature_ccc": 0.38704408848552074,
    "sid_shuffle_selfnorm_ccc": 0.3588456830518324
  }
}