{
  "n": 89,
  "ccc": 0.3167,
  "cal_slope": 0.1935,
  "mae": 7.6456,
  "r": 0.4192,
  "pred_mean": 24.336,
  "pred_std": 4.751,
  "true_mean": 25.315,
  "true_std": 10.292,
  "label": "per_item_sum",
  "variant": "per_item_sum",
  "ccc_mean_across_seeds": 0.30990183836493657,
  "ccc_std_across_seeds": 0.024661843608443885,
  "per_seed": [
    {
      "seed": 42,
      "ccc": 0.2982480818809441,
      "mae": 7.813684894174271,
      "r": 0.386508169942342,
      "pred_std": 4.888478667186107,
      "true_std": 10.291914035215664,
      "ratio": 0.47498246200456834
    },
    {
      "seed": 1337,
      "ccc": 0.3441971599277375,
      "mae": 7.5891334682643485,
      "r": 0.4424000580263793,
      "pred_std": 4.984807126595648,
      "true_std": 10.291914035215664,
      "ratio": 0.4843420873453878
    },
    {
      "seed": 7,
      "ccc": 0.2872602732861281,
      "mae": 7.856804524382305,
      "r": 0.3582817857471719,
      "pred_std": 5.247287127723696,
      "true_std": 10.291914035215664,
      "ratio": 0.5098456040119598
    }
  ],
  "target": "t3",
  "eval_mode": "5split",
  "extras_summary": {
    "1": {
      "mean": 0.8878006882360877,
      "std": 0.301444894127703
    },
    "2": {
      "mean": 1.4325408644381925,
      "std": 0.505508933835238
    },
    "3": {
      "mean": 4.568189906031988,
      "std": 1.4823792989984383
    },
    "4": {
      "mean": 2.4720377497192625,
      "std": 0.659647853017148
    },
    "5": {
      "mean": 1.940550037441598,
      "std": 0.8127717206953846
    },
    "6": {
      "mean": 1.8665966527248097,
      "std": 0.6209314396895425
    },
    "7": {
      "mean": 1.6680265073271778,
      "std": 0.4203414211677133
    },
    "8": {
      "mean": 0.9375313565701698,
      "std": 0.46606096092064164
    },
    "9": {
      "mean": 0.2712114487955882,
      "std": 0.2765788014111677
    },
    "10": {
      "mean": 0.9977161966232841,
      "std": 0.47431946859980584
    },
    "11": {
      "mean": 0.2678521762731686,
      "std": 0.38966178537274904
    },
    "12": {
      "mean": 0.5372366626189243,
      "std": 0.584576543661266
    },
    "13": {
      "mean": 1.0396554908460427,
      "std": 0.36742540408195484
    },
    "14": {
      "mean": 0.981184299590386,
      "std": 0.3833398255555765
    },
    "15": {
      "mean": 0.8790389684673683,
      "std": 0.9544350804846526
    },
    "16": {
      "mean": 1.1398717201672384,
      "std": 0.5234851141985752
    },
    "17": {
      "mean": 1.247048469736218,
      "std": 0.8076720431069756
    },
    "18": {
      "mean": 1.0599471309821211,
      "std": 0.7285119499309162
    }
  }
}