{
  "n": 89,
  "ccc": 0.2662,
  "cal_slope": 0.1593,
  "mae": 7.6005,
  "r": 0.3596,
  "pred_mean": 25.592,
  "pred_std": 4.56,
  "true_mean": 25.315,
  "true_std": 10.292,
  "label": "base_lgb",
  "variant": "base_lgb",
  "ccc_mean_across_seeds": 0.25200515177565475,
  "ccc_std_across_seeds": 0.028114807373669223,
  "per_seed": [
    {
      "seed": 42,
      "ccc": 0.22118189153604964,
      "mae": 8.414149176317963,
      "r": 0.28015900175850966,
      "pred_std": 5.05716750554192,
      "true_std": 10.291914035215664,
      "ratio": 0.4913728863492153
    },
    {
      "seed": 1337,
      "ccc": 0.28916784075793506,
      "mae": 7.826651370240271,
      "r": 0.3465241771898818,
      "pred_std": 5.547924660662324,
      "true_std": 10.291914035215664,
      "ratio": 0.539056645992095
    },
    {
      "seed": 7,
      "ccc": 0.24566572303297954,
      "mae": 7.624950231368809,
      "r": 0.30729821142841246,
      "pred_std": 5.141293131100216,
      "true_std": 10.291914035215664,
      "ratio": 0.49954683973343955
    }
  ],
  "target": "t3",
  "eval_mode": "5split"
}