{
  "n": 89,
  "ccc": 0.0348,
  "cal_slope": 0.0572,
  "mae": 9.9725,
  "r": 0.0379,
  "pred_mean": 26.441,
  "pred_std": 15.51,
  "true_mean": 25.315,
  "true_std": 10.292,
  "label": "kendall_mtl",
  "variant": "kendall_mtl",
  "ccc_mean_across_seeds": 0.10134068651225188,
  "ccc_std_across_seeds": 0.1521358521312841,
  "per_seed": [
    {
      "seed": 42,
      "ccc": -0.00777886466545438,
      "mae": 13.068268371880242,
      "r": -0.012658380828486854,
      "pred_std": 28.64113072629001,
      "true_std": 10.291914035215664,
      "ratio": 2.7828769875349866
    },
    {
      "seed": 1337,
      "ccc": 0.31648585657597583,
      "mae": 8.06821744358792,
      "r": 0.3451674882833708,
      "pred_std": 6.789479496342898,
      "true_std": 10.291914035215664,
      "ratio": 0.6596906535666208
    },
    {
      "seed": 7,
      "ccc": -0.004684932373765829,
      "mae": 13.468646499939316,
      "r": -0.007447248105218007,
      "pred_std": 28.95740782870555,
      "true_std": 10.291914035215664,
      "ratio": 2.8136076272715154
    }
  ],
  "target": "t3",
  "eval_mode": "5split"
}