{"seed42_pred": [28.276854359054607, 37.06059087253213, 28.692061611191075, 23.94108045893566, 36.42479880779283, 33.35086040944124, 18.37363467746065, 39.71163970144988, 25.32198204252286, 24.058426997130567, 17.348315429383987, 13.760218028816379, 40.283226374103265, 24.08965131297863, 13.615074091018052, 4.03153670091482, 14.631429810407074, 3.93223069599674, 30.396124397703943, 24.52297183019989, 18.33416396414772, 26.226727917818934, 16.124938260428834, 22.354746644217148, 16.0010205009763, 26.47578215315614, 32.21345717278716, 19.583130140802822, 6.9239263027717755, 14.166969174570143, 33.104184138314636, 28.311733290153942, 13.62578561543457, 21.72496161176226, 17.43132464552178, 31.92031557234054, 21.078213198458055, 23.466671962378506, 42.50110776943359, 23.427567644427977, 23.50865800747602, 14.056790846960588, 35.73271454714529, 22.409243845782008, 26.148523279756173, 27.99206248258906, 27.526685124020535, 25.129405812919035, 21.73199330590552, 23.19451759463405, 23.47670677400776, 12.928705009129565, 33.637367231415325, 11.539905967914276, 20.916542213455703, 38.19959729168933, 27.066090189006864, 18.02340542394839, 29.274295328694354, 11.306703164979417, 22.195935785131034, 19.006949222692114, 50.82033213934673, 17.654555315689738, 23.66018493848447, 26.913753186883582, 23.099446604029453, 33.96393183032443, 25.221304846581116, -0.4429802023537128, 47.87954977309849, 19.484198807531403, 9.759591978956554, 14.507943859891661, 17.643910055105174, 12.748938292059435, 15.993641747143247, 26.268190472516125, 59.291985907211654, 25.984335252199035, 54.72116698599185, 22.969795284569802, 24.42037836335776, 26.19000949010308, 12.577309229860504, 30.392583181991423, 24.904046114957968, 23.820204500475928, 30.18566208349714, 25.167811516126076, 18.066456395062545, 31.71418665011699, 19.424628799900738, 18.047405237843684, 24.703418239440317, 43.99023186982802, 46.69599038037413, 26.336854961627132], "seed42_iter5": [31.19910553607131, 45.164517485247615, 28.525956541109927, 19.69409976340348, 34.51666240930227, 18.811136011810525, 22.188092024713832, 37.86530842581227, 24.308149188312573, 22.721718965385055, 20.525826881795943, 23.639469517359753, 42.431816073492286, 19.64825497344445, 16.974572956052903, 1.1629228536030416, 24.17431251279995, 6.624207570804858, 27.134209319435783, 16.94868960850551, 19.438475040284423, 21.338356103443537, 12.049387946030246, 26.203860019172822, 8.947160957645652, 23.235514460238385, 30.57676613530977, 20.516125938722457, 4.509085735383171, 22.6595510770825, 31.315826514350405, 23.814073820439614, 15.047762694970537, 27.440161986082845, 17.75136533670016, 23.696937870105437, 20.934768981640147, 27.474529488974756, 39.26108753349413, 24.60317911065149, 22.75253726330853, 19.009918292110132, 32.75350125136267, 21.789447922412496, 28.283669366676058, 31.09491595316917, 27.53787204194718, 24.34575357891405, 21.414085510145505, 22.910456178867758, 24.202019390510713, 16.864022869562724, 27.03195825204322, 14.556409142525267, 20.67258439071261, 36.857288348904284, 22.403836880646562, 22.172556730240988, 26.322817699864174, 14.406970999040045, 19.15017487106556, 20.489777788897296, 33.2765312718405, 24.98587690275962, 23.45560716953824, 32.930957923408045, 23.186709824798445, 30.809769733974964, 18.937690996216425, 4.161781786591361, 31.893491604048993, 25.51466335962941, 15.754726215429631, 21.141031175759842, 23.131770436827054, 17.222977796421954, 22.265577279730213, 25.547288938099676, 50.09500292060676, 22.392084944484996, 42.27975872364553, 16.090801717872967, 26.039064846512332, 28.75279644370074, 18.808880440690647, 26.36451229973205, 19.641471746017018, 26.342965829879983, 32.79878964836073, 24.868710279838034, 17.47674933490374, 27.64331003307117, 21.940083622821895, 18.7084584929295, 18.10054135641505, 37.25831160452146, 41.6188052099002, 26.220777560569903], "seed42_y": [24.0, 43.0, 10.0, 25.0, 22.0, 29.0, 27.0, 11.0, 35.0, 13.0, 23.0, 21.0, 46.0, 36.0, 14.0, 0.0, 14.0, 0.0, 18.0, 26.0, 19.0, 25.0, 13.0, 29.0, 18.0, 19.0, 24.0, 9.0, 0.0, 37.0, 43.0, 34.0, 25.0, 13.0, 15.0, 24.0, 26.0, 29.0, 40.0, 10.0, 13.0, 14.0, 30.0, 30.0, 27.0, 19.0, 22.0, 12.0, 17.0, 10.0, 22.0, 20.0, 30.0, 25.0, 6.0, 26.0, 36.0, 30.0, 19.0, 27.0, 25.0, 24.0, 59.0, 19.0, 27.0, 33.0, 38.0, 39.0, 39.0, 25.0, 22.0, 28.0, 13.0, 38.0, 34.0, 25.0, 23.0, 14.0, 31.0, 32.0, 41.0, 32.0, 26.0, 38.0, 16.0, 33.0, 18.0, 26.0, 17.0, 12.0, 13.0, 19.0, 26.0, 24.0, 15.0, 52.0, 40.0, 33.0], "seed1337_pred": [28.88996465867485, 36.76928855466963, 26.884817290790856, 22.353918058538174, 28.393519322162007, 39.272493339303836, 23.995075541927797, 33.415836845189745, 26.889874080675607, 25.450276393660804, 17.62718439783437, 11.19095480750097, 35.68551455615345, 32.3574002743045, 21.101082559198904, 10.051849285349377, 23.714825640911872, 7.871488097225743, 23.592845660725846, 18.827519505103368, 20.20585719989598, 22.01390748967322, 23.437739596164413, 21.70379111165747, 14.557852202281005, 22.952644925376486, 25.953048069572237, 19.02589981556705, 5.420813736932196, 20.43883836291002, 29.941815654696782, 28.136023755714888, 15.519022290360287, 22.888861440296168, 18.64594715158029, 20.044066993001334, 20.301654184838544, 28.047111846918018, 36.42436783353497, 29.43597547053553, 24.179141296628995, 15.261830024701503, 40.36063212103707, 23.635096603067396, 28.915819368939644, 21.565472057927547, 24.76319923614033, 32.155750499194426, 26.13496559948482, 11.322548320128112, 19.315556711486234, 14.217106571517665, 24.25023481218192, 11.48851053567823, 22.39461037294154, 43.835797698448935, 34.61180346623037, 18.13904600167231, 28.025254455453094, 11.398741451473704, 23.298310544790343, 23.21179124499251, 43.1919077393708, 19.89152043842853, 28.21380835215215, 26.029352733753868, 22.64759650209824, 30.514066311737928, 27.240736343100057, 3.417429073355347, 29.741610873637274, 26.095617034646878, 15.7476921879807, 19.3177501593462, 21.972265826811064, 20.407216137375812, 18.696902517996907, 24.56182866448227, 57.412254620112016, 19.834661132753606, 49.76452327603184, 26.498096696894677, 36.087837560854865, 21.94970275915396, 17.869191016968827, 24.79560370133374, 19.46818973978305, 22.964450502353763, 38.120111563028814, 25.42345658433796, 14.421470581599419, 26.05173938990599, 19.16330242856322, 15.952831190412738, 22.099872666997985, 47.10066556588133, 43.339098069710246, 30.884788638632905],