{"seed42_pred": [4.009128771092087, 8.330654104965019, 5.269995504964399, 2.669495049141783, 7.93017763918939, 3.1906700686738194, 2.6195909824807586, 6.431396890978028, 6.140569771071345, 3.079880075513336, 2.2424101492218997, 2.847605446919432, 7.432120840886465, 7.015697616369296, 2.1163279973577094, 3.718305481757894, 3.9144566163690775, 2.5995897956149108, 2.3696873410023125, 2.4964406277901126, 2.317761807124417, 3.447506060856032, 1.3849510565520762, 2.537274175656438, 5.430965270038549, 1.8879833897350236, 2.7063583489671768, 6.258641244069986, 3.502126185975038, 3.3582986273465805, 4.292506611730912, 2.6177749389648346, 3.83600328407501, 4.07916582140299, 7.593608277213265, 5.762862479916083, 3.6967780926600415, 4.000736688510663, 1.811457562138173, 10.046392567825727, 5.310148174692955, 3.0505534347879184, 4.8962968259091335, 2.93764202685537, 2.8889539214103492, 4.001714767823156, 1.220126483555045, 2.60341897711431, 2.0935506061045572, 3.625882722499672, 1.2280381892987844, 3.6922000064288616, 6.2973229560757265, 4.0896846733675005, 3.1615303694212145, 6.370718657297885, 2.776450960573606, 3.6875364684772833, 6.8287164878009206, 4.253606084459863, 4.610253705863651, 5.330035865416184, 2.41360095073686, 9.009137268460236, 3.6065638175065633, 4.053286768164289, 5.323856728713609, 2.480136723061932, 1.0729763922831832, 2.3034445802386068, 2.926624878946103, 2.363612345808642, 0.9857364226016447, 6.828431762783321, 10.28372555521198, 4.28383511370924, 10.20516077289467, 1.4145246205389321, 3.121328925374475, 3.4956622647388915, 2.6586861132239146, 2.7655624269290344, 3.102077251170961, 3.5646698119606057, 6.749901307109695, 2.537274175656438, 2.10712549648987, 1.9603803027009534, 2.542056739668393, 1.7073968272696307, 3.591326609436377, 15.510035411995066, 6.961866070391869, 8.92308056372945], "seed42_iter5": [2.9586426685519633, 8.823530822433874, 7.467380739373021, 2.276029115602399, 5.486469456064779, 3.195276411766234, 2.9453618292409294, 6.784517218729708, 5.94095635470036, 3.0257235067740664, 1.6976039302533066, 3.4802869845308746, 9.026032033851429, 6.85469784873431, 1.2232078645854445, 4.256122663472963, 3.610756321452265, 2.39957265806382, 2.5821442372881043, 3.1415524640810863, 1.5863103503462317, 3.166047558435353, 1.3072364703523591, 3.4246343360904046, 4.62825578271108, 1.313585730291149, 2.4090497520107896, 5.552464901183839, 2.540429329984727, 3.7511080211733874, 3.6814724207424128, 2.8748154812986026, 3.0624509970197944, 3.941266789560333, 6.462516940214894, 5.551701679150854, 3.3792526199185886, 3.4488396528821514, 1.6481621419425045, 7.201663874669416, 3.107384311298209, 2.6812783929341943, 4.476052090351683, 2.7300693443369743, 1.8155444265045955, 4.879349196221297, 2.510761179025594, 3.0686380456671087, 1.8843076407389616, 4.894164583850876, -0.05007040480824876, 3.8457475592631316, 6.006659240938934, 3.8084651512723955, 2.7828333924646174, 5.555865618325106, 3.1292252233173117, 3.9568461438749902, 7.286308913340806, 4.029699040208071, 6.07852956812755, 5.016561102992863, 2.1938930513344803, 9.263612362540332, 3.590675664695161, 3.385296213503096, 6.236092342256622, 2.6786417080640215, 1.414787693596354, 2.694742470288495, 3.116781109349971, 2.5236814450365896, 0.9837062620872752, 6.0879936330875895, 12.583038391240184, 3.510372971628204, 10.271597383761073, 3.457936391250458, 3.285665316175402, 3.525403425156375, 3.170794182836238, 2.680579276760189, 3.11578654138125, 3.1535639334068613, 7.090569967046515, 1.7367337938366942, 1.9591669217650525, 1.9267572794683652, 2.7816228976226243, 1.3549904327068876, 3.371049162729064, 13.618292231029006, 7.4316963959143525, 10.290314673312851], "seed42_y": [4.0, 5.0, 2.0, 3.0, 3.0, 3.0, 4.0, 2.0, 9.0, 2.0, 3.0, 4.0, 11.0, 7.0, 1.0, 1.0, 0.0, 5.0, 4.0, 5.0, 2.0, 7.0, 3.0, 3.0, 4.0, 1.0, 6.0, 4.0, 5.0, 10.0, 0.0, 3.0, 3.0, 2.0, 4.0, 7.0, 3.0, 3.0, 0.0, 7.0, 6.0, 3.0, 5.0, 1.0, 2.0, 3.0, 1.0, 3.0, 2.0, 4.0, 1.0, 1.0, 5.0, 9.0, 2.0, 8.0, 4.0, 2.0, 12.0, 4.0, 4.0, 7.0, 5.0, 7.0, 4.0, 0.0, 5.0, 2.0, 0.0, 1.0, 6.0, 4.0, 0.0, 4.0, 11.0, 5.0, 9.0, 8.0, 5.0, 3.0, 1.0, 3.0, 2.0, 5.0, 5.0, 2.0, 3.0, 3.0, 3.0, 4.0, 4.0, 14.0, 8.0, 6.0], "seed1337_pred": [4.544004412087543, 11.407624531504903, 4.851553300370116, 2.1023604672712195, 5.4298593163629185, 2.8098041767794277, 3.436017085960362, 5.96585391267295, 5.20010367661629, 2.709513516784939, 2.7259101767437306, 2.5967416163981185, 7.670686082238742, 9.657411204293478, 2.983780411541735, 3.296470396728121, 3.6147457452351928, 3.051638221396967, 3.1761633762258885, 3.1504770229813825, 2.5496280871213033, 3.3928478655661927, 0.8996368502395327, 1.9759501545895555, 7.093672035357997, 2.0855350057080484, 3.3098874190920595, 6.907678527363321, 3.86543160102382, 2.014190721378004, 3.3114964961354283, 2.6677871858213034, 4.370891654890112, 2.6400984324951184, 6.405475791006301, 5.727453813469371, 3.650658835543495, 3.2585395452017423, 2.1173934354723114, 10.55424582015094, 2.4428273471251405, 3.000817175707575, 6.807840084601698, 3.4456456944318004, 2.9510177745861985, 4.703972836621615, 1.9376935539424776, 2.8217474349258094, 1.7024907710571964, 3.6751179077107317, 0.020456443226569032, 3.4030204497905374, 4.254092785427964, 4.51829786683941, 3.3345408208566676, 4.758365923716163, 2.7825104477954015, 4.4085220807041585, 6.879553657497471, 4.226089965421508, 5.209055898942718, 6.327417626484107, 2.5016013701306603, 7.344089865527241, 3.1512381699567515, 4.742035142505798, 5.072029478337661, 3.856485204552235, 1.0743332769206186, 3.3305082571699685, 2.3497742198814877, 1.590575443096345, 1.8327030318934523, 6.1792948423904095, 9.981683566377605, 4.442348450197537, 8.992549911390652, 2.986444667900328, 4.6326739243594055, 3.5022428649232245, 2.9172685832340446, 2.7962528395523996, 2.259594654638437, 3.151440811117881, 6.979760246598669, 1.6160675421980328, 2.4224273155936706, 2.97706187691825, 2.3525842355233166, 2.3783534928749512, 3.9249495023063483, 12.924157785463828, 6.333712106074239, 8.323853196085059], "seed1337_iter5": [5.205487016084538, 10.743428199714673, 4.78695321810478, 1.630596783603821, 5.947504127394491, 2.3025392218445857, 2.7310034135422696, 5.525431524488404, 6.161917685205919, 2.344129470930234, 2.6814784718935263, 3.391716045651238, 8.34265372318908, 8.429047158146227, 2.5357994201074314, 2.9370020768460354, 3.5641272326143834, 2.376888033038016, 3.2045914609936923, 3.547764902481379, 1.6429695787643468, 4.691751778095046, 1.2919669141060308, 1.8881457936486097, 6.622747577077115, 1.7031737884805997, 2.401474442031765, 6.306376700518939, 3.189575639099456, 3.1261960347886957, 3.5830840947198426, 2.906213721706653, 4.194927187120686, 3.607026498314499, 6.15279995378314, 4.982066793813501, 3.310265883071552, 4.4015271906970455, 0.7049796097593095, 9.772235778670211, 4.929954124357977, 2.7507906504085646, 6.962903685720744, 3.3220214252717515, 2.618415267777673, 3.444552891830008, 2.2071902983907794, 2.588396772856017, 1.6683823601381451, 4.320363657275795, -0.12883153626015065, 3.3472110014932066, 5.565917220484091, 3.80501000992002, 2.331788804982881, 6.0182612575781445, 2.3924958729586416, 2.7648015976138893, 7.698606906490598, 2.8060551477382134, 5.348086498329975, 6.000597202406331, 2.5671268267765557, 8.325587007777893, 3.5330105074948355, 3.86073909298751, 5.738435424025856, 4.381755757192497, 0.009864279955480226, 3.4107700978103725, 2.861787434504178, 2.1421484172983685, 0.9272146672038452, 4.638995903394634, 12.032491123699895, 3.9896810028670346, 8.788981232200268, 2.2193883198247115, 3.7154799736835233, 3.2387482590148258, 2.4889088319786072, 2.9863526361152046, 1.8656957926485909, 2.9548940893140787, 7.799962151777249, 1.468667081175588, 1.4497693962641816, 2.2065277994543777, 2.548646496959445, 1.8721717174129726, 3.550440605243286, 13.041261689174602, 7.006074194085772, 9.0311389527153],