{
  "n": 89,
  "ccc": 0.259,
  "cal_slope": 0.1543,
  "mae": 7.5059,
  "r": 0.3528,
  "pred_mean": 25.48,
  "pred_std": 4.502,
  "true_mean": 25.315,
  "true_std": 10.292,
  "label": "normative_pca",
  "variant": "normative_pca",
  "ccc_mean_across_seeds": 0.24757917796070741,
  "ccc_std_across_seeds": 0.0021997287252020162,
  "per_seed": [
    {
      "seed": 42,
      "ccc": 0.24470460300568592,
      "mae": 7.876340247546777,
      "r": 0.3082774860692683,
      "pred_std": 5.0799721448147634,
      "true_std": 10.291914035215664,
      "ratio": 0.49358866848602806
    },
    {
      "seed": 1337,
      "ccc": 0.2479865024205857,
      "mae": 7.886401581652594,
      "r": 0.30978045147660593,
      "pred_std": 5.154835761712791,
      "true_std": 10.291914035215664,
      "ratio": 0.5008626912423266
    },
    {
      "seed": 7,
      "ccc": 0.2500464284558507,
      "mae": 7.706285410457734,
      "r": 0.3147336550637932,
      "pred_std": 5.0908196426170775,
      "true_std": 10.291914035215664,
      "ratio": 0.49464265103632893
    }
  ],
  "target": "t3",
  "eval_mode": "5split"
}