{
  "n": 98,
  "ccc": 0.305,
  "cal_slope": 0.1872,
  "mae": 8.0296,
  "r": 0.3948,
  "pred_mean": 24.967,
  "pred_std": 5.16,
  "true_mean": 24.418,
  "true_std": 10.884,
  "label": "site_mixed_effects",
  "variant": "site_mixed_effects",
  "ccc_mean_across_seeds": 0.2919065433366717,
  "ccc_std_across_seeds": 0.005083968062907869,
  "per_seed": [
    {
      "seed": 42,
      "ccc": 0.28859191754731517,
      "mae": 8.13867170717927,
      "r": 0.36749581699673634,
      "pred_std": 5.294532218807545,
      "true_std": 10.884292623127722
    },
    {
      "seed": 1337,
      "ccc": 0.2990892556562242,
      "mae": 8.37638791185624,
      "r": 0.35240059668589707,
      "pred_std": 6.056655414353298,
      "true_std": 10.884292623127722
    },
    {
      "seed": 7,
      "ccc": 0.2880384568064758,
      "mae": 8.281491630440856,
      "r": 0.34545621844636376,
      "pred_std": 5.8799803298587765,
      "true_std": 10.884292623127722
    }
  ],
  "target": "t3",
  "eval_mode": "5split",
  "iter": 3
}