{
  "item": 11,
  "variant": "self_norm_hy_residual_item",
  "eval": "loocv",
  "n_subjects": 94,
  "seeds": [
    42,
    1337,
    7
  ],
  "ccc_mean": 0.3004,
  "ccc_std": 0.00836938866743962,
  "mae_mean": 0.39020000000000005,
  "per_seed": [
    {
      "n": 94,
      "ccc": 0.293,
      "cal_slope": 0.2091,
      "mae": 0.397,
      "r": 0.3204,
      "pred_mean": 0.235,
      "pred_std": 0.402,
      "true_mean": 0.213,
      "true_std": 0.617,
      "label": ""
    },
    {
      "n": 94,
      "ccc": 0.3121,
      "cal_slope": 0.2237,
      "mae": 0.39,
      "r": 0.3409,
      "pred_mean": 0.247,
      "pred_std": 0.405,
      "true_mean": 0.213,
      "true_std": 0.617,
      "label": ""
    },
    {
      "n": 94,
      "ccc": 0.2961,
      "cal_slope": 0.213,
      "mae": 0.3836,
      "r": 0.3218,
      "pred_mean": 0.229,
      "pred_std": 0.408,
      "true_mean": 0.213,
      "true_std": 0.617,
      "label": ""
    }
  ]
}