{
  "n": 98,
  "ccc": 0.2975,
  "cal_slope": 0.1901,
  "mae": 8.4052,
  "r": 0.3609,
  "pred_mean": 24.216,
  "pred_std": 5.734,
  "true_mean": 24.418,
  "true_std": 10.884,
  "label": "best_stack_full",
  "variant": "best_stack_full",
  "ccc_mean_across_seeds": 0.2905673768509774,
  "ccc_std_across_seeds": 0.09309768748930458,
  "per_seed": [
    {
      "seed": 42,
      "ccc": 0.36671994212220177,
      "mae": 7.7888199492359425,
      "r": 0.4366839348504364,
      "pred_std": 5.925478495862369,
      "true_std": 10.884292623127722
    },
    {
      "seed": 1337,
      "ccc": 0.1594784110708431,
      "mae": 9.606643456406692,
      "r": 0.18470209421235678,
      "pred_std": 6.25710968349914,
      "true_std": 10.884292623127722
    },
    {
      "seed": 7,
      "ccc": 0.34550377735988724,
      "mae": 8.062975397761566,
      "r": 0.40629455244227525,
      "pred_std": 6.0655086912318,
      "true_std": 10.884292623127722
    }
  ],
  "target": "t3",
  "eval_mode": "5split",
  "iter": 3
}