{
  "n_levels": [
    30,
    50,
    70,
    89
  ],
  "ccc_means": [
    0.3563969098866116,
    0.4243803874008561,
    0.4564487208749417,
    0.4779440555048321
  ],
  "ccc_stds": [
    0.1935160996350312,
    0.13831427544762973,
    0.08396303197559112,
    0.04993572276913999
  ],
  "pareto_params": {
    "a": 0.5974799302502846,
    "b": 2.1308133561650417,
    "c": 0.6408158606879693
  },
  "loglinear_params": {
    "a": -0.020711707666660337,
    "b": 0.11202351853770172
  },
  "rss_pareto": 1.670442345353677e-06,
  "rss_loglinear": 8.118193697821119e-05,
  "aic_pareto": -52.754856222798416,
  "aic_loglinear": -39.220448393590544,
  "better_model": "pareto",
  "projections": {
    "pareto_n89": {
      "point": 0.4774345710635056,
      "ci_low": 0.4683495850543227,
      "ci_high": 0.48502138714550835
    },
    "loglinear_n89": {
      "point": 0.48212113190703015,
      "ci_low": 0.4720693877345615,
      "ci_high": 0.4924723516190366
    },
    "pareto_n100": {
      "point": 0.4860726200173833,
      "ci_low": 0.47318434947665156,
      "ci_high": 0.4962187883524246
    },
    "loglinear_n100": {
      "point": 0.49517566003264796,
      "ci_low": 0.4821863015044085,
      "ci_high": 0.5077328688779712
    },
    "pareto_n120": {
      "point": 0.4983572377021081,
      "ci_low": 0.4783407544080418,
      "ci_high": 0.5137379738308071
    },
    "loglinear_n120": {
      "point": 0.5155999623299781,
      "ci_low": 0.4982369094451754,
      "ci_high": 0.5327619758527125
    },
    "pareto_n150": {
      "point": 0.5115644113916686,
      "ci_low": 0.4824923147587431,
      "ci_high": 0.5351884587065967
    },
    "loglinear_n150": {
      "point": 0.5405972880871941,
      "ci_low": 0.5174856885958292,
      "ci_high": 0.5637050915442016
    },
    "pareto_n200": {
      "point": 0.5260288345310815,
      "ci_low": 0.48586231473960345,
      "ci_high": 0.5616463894617623
    },
    "loglinear_n200": {
      "point": 0.5728244460634606,
      "ci_low": 0.541851477113691,
      "ci_high": 0.6031649453321083
    },
    "pareto_n250": {
      "point": 0.5355490261967214,
      "ci_low": 0.4871838140562878,
      "ci_high": 0.5812640717734787
    },
    "loglinear_n250": {
      "point": 0.5978217718206765,
      "ci_low": 0.5612967996694933,
      "ci_high": 0.6340266630798679
    },
    "pareto_n300": {
      "point": 0.5423779988878036,
      "ci_low": 0.4879209097567771,
      "ci_high": 0.5967126720504193
    },
    "loglinear_n300": {
      "point": 0.6182460741180068,
      "ci_low": 0.5765106080772787,
      "ci_high": 0.6593388100162327
    }
  },
  "n_boot": 2000
}