{
  "cell": "D_t3_k250_4cell",
  "n": 95,
  "K": 250,
  "subcells": [
    {
      "model": "sklearn_gb",
      "selector": "univariate_corr",
      "K": 250,
      "seeds": [
        42,
        1337,
        7
      ],
      "seed_ccc": [
        0.2972767237434648,
        0.28871651006193977,
        0.29966936182813014
      ],
      "seed_mean_ccc": 0.29522086521117824,
      "seed_std_ccc": 0.004701854682400448,
      "pooled_ccc": 0.2980506257292117,
      "delta_vs_iter47": -0.08034937427078831,
      "paired_bootstrap_vs_iter47": {
        "n_boot": 5000,
        "mean_delta": -0.07515276542942904,
        "ci95": [
          -0.18090184931569098,
          0.044540144834693284
        ],
        "frac_gt_0": 0.0984
      }
    },
    {
      "model": "sklearn_gb",
      "selector": "lgb_importance",
      "K": 250,
      "seeds": [
        42,
        1337,
        7
      ],
      "seed_ccc": [
        0.3428503474805597,
        0.3161475697667017,
        0.3152726628894632
      ],
      "seed_mean_ccc": 0.32475686004557486,
      "seed_std_ccc": 0.012799012492660652,
      "pooled_ccc": 0.3273176558390308,
      "delta_vs_iter47": -0.05108234416096924,
      "paired_bootstrap_vs_iter47": {
        "n_boot": 5000,
        "mean_delta": -0.04685835869094443,
        "ci95": [
          -0.1484568251676187,
          0.06410779732569671
        ],
        "frac_gt_0": 0.1822
      }
    },
    {
      "model": "lightgbm",
      "selector": "univariate_corr",
      "K": 250,
      "seeds": [
        42,
        1337,
        7
      ],
      "seed_ccc": [
        0.3093443832689673,
        0.30558257640252606,
        0.3481353621345657
      ],
      "seed_mean_ccc": 0.321020773935353,
      "seed_std_ccc": 0.01923431772699972,
      "pooled_ccc": 0.32491929880730885,
      "delta_vs_iter47": -0.05348070119269116,
      "paired_bootstrap_vs_iter47": {
        "n_boot": 5000,
        "mean_delta": -0.0494838222176283,
        "ci95": [
          -0.15101721226789816,
          0.06573047619980311
        ],
        "frac_gt_0": 0.1824
      }
    },
    {
      "model": "lightgbm",
      "selector": "lgb_importance",
      "K": 250,
      "seeds": [
        42,
        1337,
        7
      ],
      "seed_ccc": [
        0.3389788704530098,
        0.312551943975299,
        0.31406779647968197
      ],
      "seed_mean_ccc": 0.3218662036359969,
      "seed_std_ccc": 0.012116296914935985,
      "pooled_ccc": 0.3258955636009912,
      "delta_vs_iter47": -0.052504436399008814,
      "paired_bootstrap_vs_iter47": {
        "n_boot": 5000,
        "mean_delta": -0.0480586616848781,
        "ci95": [
          -0.14983998728593476,
          0.05981983904829967
        ],
        "frac_gt_0": 0.182
      }
    }
  ],
  "fwer_family_n": 4,
  "bonferroni_gate_frac_pos": 0.9875,
  "comparator_iter47": 0.3784
}