{
  "n": 94,
  "ccc": 0.7231,
  "cal_slope": 0.8438,
  "mae": 1.8232,
  "r": 0.7306,
  "pred_mean": 4.131,
  "pred_std": 3.251,
  "true_mean": 4.106,
  "true_std": 2.815,
  "label": "t1_iter33c_multibase",
  "variant": "V1_random_multibase",
  "bases": [
    "lgb",
    "xgb",
    "et"
  ],
  "preregistration_file": "preregistration_t1_iter33c_multibase_20260506_060552.json",
  "is_lockbox_headline": true,
  "n_seeds": 3,
  "per_seed": [
    {
      "seed": 42,
      "ccc_mt": 0.72278297789554,
      "ccc_i5": 0.6698051870162252,
      "delta": 0.05297779087931487,
      "wall": 3299.4619283676147
    },
    {
      "seed": 1337,
      "ccc_mt": 0.7224776041638589,
      "ccc_i5": 0.6602247185261636,
      "delta": 0.062252885637695266,
      "wall": 3272.142329931259
    },
    {
      "seed": 7,
      "ccc_mt": 0.723571400908827,
      "ccc_i5": 0.6688256803817754,
      "delta": 0.05474572052705162,
      "wall": 3143.00577712059
    }
  ],
  "ccc_iter5_direct_loocv_baseline": 0.6709,
  "delta_vs_iter5_direct": 0.0522,
  "bootstrap_delta_vs_iter5": {
    "n_boot": 5000,
    "delta_mean": 0.05359015441906929,
    "delta_ci_low": -0.012442530954395731,
    "delta_ci_high": 0.12948474638635868,
    "frac_above_zero": 0.937,
    "frac_above_0.025": 0.7774
  },
  "is_canonical_update": false,
  "per_subject": {
    "sids": [
      "NLS142",
      "NLS179",
      "NLS146",
      "NLS157",
      "NLS130",
      "NLS175",
      "WPD022",
      "NLS121",
      "NLS150",
      "WPD020",
      "NLS197",
      "NLS184",
      "NLS036",
      "NLS143",
      "NLS102",
      "NLS183",
      "NLS192",
      "WPD018",
      "WPD002",
      "NLS163",
      "NLS189",
      "NLS144",
      "WPD024",
      "WPD012",
      "WPD010",
      "NLS176",
      "NLS160",
      "NLS135",
      "NLS190",
      "NLS069",
      "WPD023",
      "WPD005",
      "NLS198",
      "WPD027",
      "NLS149",
      "NLS185",
      "NLS172",
      "NLS164",
      "NLS182",
      "WPD025",
      "WPD003",
      "NLS170",
      "NLS127",
      "WPD015",
      "NLS167",
      "NLS186",
      "WPD016",
      "NLS169",
      "NLS035",
      "NLS153",
      "WPD021",
      "NLS155",
      "NLS166",
      "NLS191",
      "WPD004",
      "WPD009",
      "WPD029",
      "NLS211",
      "NLS201",
      "NLS152",
      "NLS174",
      "NLS165",
      "NLS148",
      "NLS161",
      "NLS159",
      "WPD019",
      "NLS208",
      "WPD026",
      "NLS154",
      "NLS173",
      "WPD006",
      "NLS177",
      "WPD008",
      "NLS101",
      "NLS033",
      "NLS022",
      "NLS124",
      "NLS056",
      "NLS209",
      "NLS162",
      "NLS195",
      "NLS139",
      "NLS002",
      "NLS210",
      "NLS141",
      "WPD007",
      "WPD001",
      "NLS147",
      "WPD011",
      "WPD014",
      "NLS158",
      "NLS196",
      "NLS140",
      "NLS187"
    ],
    "y_true": [
      4.0,
      5.0,
      2.0,
      3.0,
      3.0,
      3.0,
      4.0,
      2.0,
      9.0,
      2.0,
      3.0,
      4.0,
      11.0,
      7.0,
      1.0,
      1.0,
      0.0,
      5.0,
      4.0,
      5.0,
      2.0,
      7.0,
      3.0,
      3.0,
      4.0,
      1.0,
      6.0,
      4.0,
      5.0,
      10.0,
      0.0,
      3.0,
      3.0,
      2.0,
      4.0,
      7.0,
      3.0,
      3.0,
      0.0,
      7.0,
      6.0,
      3.0,
      5.0,
      1.0,
      2.0,
      3.0,
      1.0,
      3.0,
      2.0,
      4.0,
      1.0,
      1.0,
      5.0,
      9.0,
      2.0,
      8.0,
      4.0,
      2.0,
      12.0,
      4.0,
      4.0,
      7.0,
      5.0,
      7.0,
      4.0,
      0.0,
      5.0,
      2.0,
      0.0,
      1.0,
      6.0,
      4.0,
      0.0,
      4.0,
      11.0,
      5.0,
      9.0,
      8.0,
      5.0,
      3.0,
      1.0,
      3.0,
      2.0,
      5.0,
      5.0,
      2.0,
      3.0,
      3.0,
      3.0,
      4.0,
      4.0,
      14.0,
      8.0,
      6.0
    ],
    "y_pred": [
      3.7863732162025188,
      9.436306191266878,
      5.870800068158542,
      2.5108740227917523,
      6.117664695479476,
      4.540858116143948,
      2.7124361641416477,
      6.767707393323833,
      7.0520874134786204,
      2.2003185640934393,
      1.5484427493239863,
      1.428660392184229,
      7.570186949606247,
      9.697457732192499,
      -0.2183643874719512,
      2.469594401704858,
      4.059575143043489,
      2.0617552225026325,
      1.908684394221276,
      2.625587664130064,
      1.43285124939245,
      4.366452752339906,
      0.2994070351724041,
      1.4767654336181764,
      5.761570089859444,
      1.4351767681356182,
      1.7404851617986157,
      5.409142208085041,
      2.79236713501062,
      6.5960279917176186,
      3.4383309723425395,
      1.7490603815682382,
      4.31617948185825,
      2.2319865714875315,
      7.328149402767804,
      5.93349950765316,
      3.8107747706674027,
      2.6858800117452595,
      0.15994456831187195,
      10.38673842016363,
      3.1981539995084396,
      2.6010027646113385,
      6.473253127313845,
      1.9687648376347475,
      4.025271277795517,
      4.154711305047329,
      0.6451991534143161,
      1.8727895158379966,
      1.1928451840922014,
      5.752589846218318,
      -1.3212960524655357,
      3.801382939752156,
      5.777852990251756,
      3.9812144360426345,
      2.2270182556206106,
      7.309752680097297,
      3.3132406326856856,
      2.695409554884069,
      11.2258337627501,
      3.3585748128750854,
      7.536488704111616,
      6.535769594371352,
      2.2289309054893565,
      9.13856051032713,
      3.0839167463288213,
      3.081603921539479,
      8.287650833407143,
      2.0072404203605125,
      0.641862455644024,
      1.3515698079709673,
      2.941634296122508,
      0.6845679405764962,
      0.18280145773922904,
      6.381307266798082,
      15.632805898521426,
      2.8349502053371967,
      13.241212409930974,
      4.084175336067545,
      3.039325912912813,
      2.5653123047106186,
      1.3579984915807206,
      1.5504601729872622,
      2.0560679714326127,
      2.8255376553148643,
      7.212586592607,
      1.5191256417412056,
      1.4370719855811256,
      3.1415839970248753,
      1.7829328853453958,
      1.4840234038919091,
      3.4381484337914583,
      14.48948919130691,
      8.22740537749871,
      10.574743345080526
    ]
  }
}