{
  "name": "t3_comprehensive_aug",
  "created_at_utc": "2026-05-12T21:39:35.245853+00:00",
  "formula_sha256": "923e9758ca4b3229f01b3850aeda825e158c716aaf120c93a268e74c37e31002",
  "n_subjects": 95,
  "feature_blocks_in_pool": {
    "V2": 1752,
    "gsp": 550,
    "psi": 990,
    "stride": 1173,
    "shapelet": 120
  },
  "block_picks_summary": {
    "V2": {
      "mean_picks_in_K=500_per_fold": 205.86315789473684,
      "std_picks": 6.163748904199183,
      "total_importance_sum": 307956.0
    },
    "gsp": {
      "mean_picks_in_K=500_per_fold": 23.526315789473685,
      "std_picks": 2.9085793430838107,
      "total_importance_sum": 31816.0
    },
    "psi": {
      "mean_picks_in_K=500_per_fold": 152.3684210526316,
      "std_picks": 5.832851846637281,
      "total_importance_sum": 224473.0
    },
    "stride": {
      "mean_picks_in_K=500_per_fold": 110.89473684210526,
      "std_picks": 6.518756233015985,
      "total_importance_sum": 152936.0
    },
    "shapelet": {
      "mean_picks_in_K=500_per_fold": 7.347368421052631,
      "std_picks": 1.3747223340896428,
      "total_importance_sum": 11639.0
    }
  },
  "baseline_pooled": {
    "n": 95,
    "ccc": 0.4021,
    "cal_slope": 0.2909,
    "mae": 7.2396,
    "r": 0.4351,
    "pred_mean": 25.019,
    "pred_std": 6.628,
    "true_mean": 25.0,
    "true_std": 9.913,
    "label": "baseline_pooled"
  },
  "augmented_pooled": {
    "n": 95,
    "ccc": 0.3488,
    "cal_slope": 0.2418,
    "mae": 7.3085,
    "r": 0.389,
    "pred_mean": 25.118,
    "pred_std": 6.161,
    "true_mean": 25.0,
    "true_std": 9.913,
    "label": "augmented_pooled"
  },
  "delta_pooled_ccc": -0.0533,
  "iter47_canonical": 0.3784,
  "per_seed_deltas": [
    -0.0836,
    -0.0166,
    -0.0582
  ],
  "seed_delta_mean": -0.0528,
  "seed_delta_std": 0.0276,
  "paired_bootstrap": {
    "n_boot": 5000,
    "frac_gt_zero": 0.0954,
    "ci_low": -0.1313,
    "ci_high": 0.0243
  },
  "verdict": "FAIL_NO_LIFT",
  "per_subject": {
    "sids": [
      "NLS142",
      "NLS179",
      "NLS146",
      "NLS157",
      "NLS130",
      "NLS175",
      "WPD022",
      "NLS121",
      "NLS150",
      "WPD020",
      "NLS197",
      "NLS184",
      "NLS036",
      "NLS143",
      "NLS102",
      "NLS183",
      "NLS192",
      "WPD018",
      "WPD002",
      "NLS163",
      "NLS189",
      "NLS144",
      "WPD024",
      "WPD012",
      "WPD010",
      "NLS176",
      "NLS160",
      "NLS135",
      "NLS190",
      "NLS069",
      "WPD023",
      "WPD005",
      "NLS198",
      "WPD027",
      "NLS149",
      "NLS185",
      "NLS172",
      "NLS164",
      "NLS182",
      "WPD025",
      "WPD003",
      "NLS170",
      "NLS127",
      "WPD015",
      "NLS167",
      "NLS186",
      "WPD016",
      "NLS169",
      "NLS035",
      "NLS153",
      "WPD021",
      "NLS155",
      "NLS166",
      "NLS191",
      "WPD004",
      "WPD009",
      "WPD017",
      "WPD029",
      "NLS211",
      "NLS201",
      "NLS152",
      "NLS174",
      "NLS165",
      "NLS148",
      "NLS161",
      "NLS159",
      "WPD019",
      "NLS208",
      "WPD026",
      "NLS154",
      "NLS173",
      "WPD006",
      "NLS177",
      "WPD008",
      "NLS101",
      "NLS033",
      "NLS022",
      "NLS124",
      "NLS056",
      "NLS209",
      "NLS162",
      "NLS195",
      "NLS139",
      "NLS002",
      "NLS210",
      "NLS141",
      "WPD007",
      "WPD001",
      "NLS147",
      "WPD011",
      "WPD014",
      "NLS158",
      "NLS196",
      "NLS140",
      "NLS187"
    ],
    "y_true": [
      24.0,
      43.0,
      10.0,
      25.0,
      22.0,
      29.0,
      27.0,
      11.0,
      35.0,
      13.0,
      23.0,
      21.0,
      28.0,
      36.0,
      14.0,
      14.0,
      18.0,
      26.0,
      19.0,
      25.0,
      13.0,
      29.0,
      18.0,
      19.0,
      24.0,
      9.0,
      37.0,
      43.0,
      34.0,
      25.0,
      13.0,
      15.0,
      24.0,
      26.0,
      29.0,
      40.0,
      10.0,
      13.0,
      14.0,
      30.0,
      30.0,
      27.0,
      19.0,
      22.0,
      12.0,
      17.0,
      10.0,
      22.0,
      20.0,
      30.0,
      25.0,
      6.0,
      26.0,
      36.0,
      30.0,
      19.0,
      27.0,
      25.0,
      24.0,
      59.0,
      19.0,
      27.0,
      33.0,
      38.0,
      39.0,
      39.0,
      25.0,
      22.0,
      28.0,
      13.0,
      38.0,
      34.0,
      25.0,
      23.0,
      14.0,
      31.0,
      32.0,
      41.0,
      32.0,
      26.0,
      38.0,
      16.0,
      33.0,
      18.0,
      26.0,
      17.0,
      12.0,
      13.0,
      19.0,
      26.0,
      24.0,
      15.0,
      52.0,
      40.0,
      33.0
    ],
    "y_pred_baseline_mean": [
      26.484061047773803,
      43.16841021479038,
      23.112244499903653,
      27.32889644310856,
      24.71512301248515,
      28.070299140440085,
      23.590226600602424,
      28.168943502508498,
      22.931907574691397,
      24.740168756483488,
      20.099057914201165,
      21.680460483392967,
      34.48928625260355,
      28.40046345005518,
      13.422867255617971,
      19.05631283937831,
      27.87289971021396,
      18.997394138120708,
      26.48377213499785,
      26.235152715361846,
      18.063135340980747,
      24.815857883056594,
      17.54710944033836,
      19.75192556093849,
      28.350619606384516,
      21.666063667110308,
      21.375018088304774,
      33.32323725082449,
      24.609289703316183,
      20.275051759210786,
      30.554930725376437,
      20.458060182204516,
      25.9962781563104,
      25.73390114619445,
      27.930062171921634,
      34.177165860809424,
      25.183819661717923,
      20.178685143473746,
      19.87503082278282,
      34.32486667108736,
      24.675865401935056,
      30.64615291660388,
      22.48353983824826,
      26.355059850525418,
      26.39771164373977,
      22.66110684421349,
      23.85210339485451,
      20.852451979607636,
      16.091545116374196,
      27.55423311646649,
      13.542107415819261,
      22.4555118673602,
      32.18012659231291,
      25.411980296639907,
      25.878703971915684,
      28.121827663242414,
      12.936515573179491,
      26.42164318381873,
      25.462503539295668,
      32.69027452753769,
      23.322503975049013,
      21.07491248252209,
      26.771107978201226,
      23.174399557988227,
      32.863016138695606,
      26.391576191047477,
      4.824685144631502,
      34.5167125325877,
      27.417931807394506,
      17.25025550728267,
      14.80433600625256,
      27.572207127247623,
      21.217335920307566,
      22.51175243853309,
      24.70485005606112,
      43.02407032165857,
      24.57736904479329,
      43.226859424311726,
      18.970620982343416,
      29.13813836351404,
      21.87770954945322,
      17.121106412881264,
      26.27241103059589,
      22.103190670953477,
      27.41424810323504,
      34.725731267138706,
      25.76521570215682,
      19.480270762431758,
      25.783854278229644,
      24.31846449710888,
      12.737986178659598,
      16.587922762363004,
      37.01323001050022,
      41.62604193211225,
      26.683677759971747
    ],