{
  "n": 98,
  "ccc": 0.5008,
  "cal_slope": 0.3771,
  "mae": 7.6149,
  "r": 0.5302,
  "pred_mean": 24.38,
  "pred_std": 7.741,
  "true_mean": 24.418,
  "true_std": 10.884,
  "label": "t3_iter6_B2_v2_unsigned_asym",
  "cache_set": "B2_v2_unsigned_asym",
  "stage2_extra_caches": [
    "unsigned_asymmetry_features.csv"
  ],
  "feature_set_stage1": "A3_tier1",
  "alpha": 1.0,
  "eval_mode": "loocv_3seed_mean",
  "n_seeds": 3,
  "per_seed_ccc": [
    0.4879553686413833,
    0.5156195726182276,
    0.48183635188705304
  ],
  "per_seed_mae": [
    7.838030467315596,
    7.466073279258978,
    7.78462384015791
  ],
  "per_subject": {
    "sids": [
      "NLS142",
      "NLS179",
      "NLS146",
      "NLS157",
      "NLS130",
      "NLS175",
      "WPD022",
      "NLS121",
      "NLS150",
      "WPD020",
      "NLS197",
      "NLS184",
      "NLS036",
      "NLS143",
      "NLS102",
      "NLS188",
      "NLS183",
      "WPD013",
      "NLS192",
      "WPD018",
      "WPD002",
      "NLS163",
      "NLS189",
      "NLS144",
      "WPD024",
      "WPD012",
      "WPD010",
      "NLS176",
      "NLS151",
      "NLS160",
      "NLS135",
      "NLS190",
      "NLS069",
      "WPD023",
      "WPD005",
      "NLS198",
      "WPD027",
      "NLS149",
      "NLS185",
      "NLS172",
      "NLS164",
      "NLS182",
      "WPD025",
      "WPD003",
      "NLS170",
      "NLS127",
      "WPD015",
      "NLS167",
      "NLS186",
      "WPD016",
      "NLS169",
      "NLS035",
      "NLS153",
      "WPD021",
      "NLS155",
      "NLS166",
      "NLS191",
      "WPD004",
      "WPD009",
      "WPD017",
      "WPD029",
      "NLS211",
      "NLS201",
      "NLS152",
      "NLS174",
      "NLS165",
      "NLS148",
      "NLS161",
      "NLS159",
      "WPD019",
      "NLS208",
      "WPD026",
      "NLS154",
      "NLS173",
      "WPD006",
      "NLS177",
      "WPD008",
      "NLS101",
      "NLS033",
      "NLS022",
      "NLS124",
      "NLS056",
      "NLS209",
      "NLS162",
      "NLS195",
      "NLS139",
      "NLS002",
      "NLS210",
      "NLS141",
      "WPD007",
      "WPD001",
      "NLS147",
      "WPD011",
      "WPD014",
      "NLS158",
      "NLS196",
      "NLS140",
      "NLS187"
    ],
    "y_true": [
      24.0,
      43.0,
      10.0,
      25.0,
      22.0,
      29.0,
      27.0,
      11.0,
      35.0,
      13.0,
      23.0,
      21.0,
      46.0,
      36.0,
      14.0,
      0.0,
      14.0,
      0.0,
      18.0,
      26.0,
      19.0,
      25.0,
      13.0,
      29.0,
      18.0,
      19.0,
      24.0,
      9.0,
      0.0,
      37.0,
      43.0,
      34.0,
      25.0,
      13.0,
      15.0,
      24.0,
      26.0,
      29.0,
      40.0,
      10.0,
      13.0,
      14.0,
      30.0,
      30.0,
      27.0,
      19.0,
      22.0,
      12.0,
      17.0,
      10.0,
      22.0,
      20.0,
      30.0,
      25.0,
      6.0,
      26.0,
      36.0,
      30.0,
      19.0,
      27.0,
      25.0,
      24.0,
      59.0,
      19.0,
      27.0,
      33.0,
      38.0,
      39.0,
      39.0,
      25.0,
      22.0,
      28.0,
      13.0,
      38.0,
      34.0,
      25.0,
      23.0,
      14.0,
      31.0,
      32.0,
      41.0,
      32.0,
      26.0,
      38.0,
      16.0,
      33.0,
      18.0,
      26.0,
      17.0,
      12.0,
      13.0,
      19.0,
      26.0,
      24.0,
      15.0,
      52.0,
      40.0,
      33.0
    ],
    "y_pred": [
      31.805270501465554,
      42.51349364463266,
      26.510617268407305,
      20.677741493219518,
      29.924872266576557,
      25.996612661082178,
      25.963516940201476,
      33.01363519855804,
      22.87957809984972,
      26.553370038674945,
      22.276977976552768,
      18.575130081312558,
      37.82955432119437,
      28.626320906481112,
      18.303074107902052,
      3.242160266118969,
      23.795874766273666,
      10.066349348050371,
      23.074970211994057,
      12.446077563282474,
      23.59264515717008,
      22.595443676696775,
      19.7587300635864,
      20.80079690869714,
      11.380024903264589,
      23.277804861533223,
      27.31927886980473,
      23.676857234741814,
      6.197885659234237,
      25.164470791988265,
      32.79815762147262,
      29.199378863021252,
      17.310212383700783,
      27.056343485560618,
      22.02478716222456,
      23.72260356190389,
      28.217006467387904,
      29.346962293774435,
      33.84764246082274,
      28.465870286732734,
      20.959948713089148,
      17.11616269954831,
      34.11282858407426,
      25.741206080634722,
      25.584794117990413,
      24.705459450863376,
      27.252442387735652,
      28.560113128634114,
      20.775951949708915,
      17.250257966051297,
      20.86365449735249,
      14.183389663517891,
      27.46319405623015,
      15.103469105643347,
      20.15935111187341,
      34.39311350057356,
      24.59283536413766,
      25.53741046193295,
      23.544069891139472,
      13.956424654687913,
      27.452712406566167,
      17.718584072734192,
      33.73171563371411,
      22.465560934500022,
      21.71906874596378,
      20.5771868579666,
      26.70608120999726,
      31.426160835432,
      23.511686108259227,
      4.317298864048064,
      32.59005924958338,
      25.42941489266397,
      14.841297179145753,
      15.777297867109406,
      21.991148148457523,
      21.46570055059107,
      22.711359165558477,
      28.766326318185648,
      48.25768661710648,
      22.07630784712282,
      42.67976447745298,
      23.094199876347542,
      29.12491217014328,
      25.24939444556451,
      16.596838634722236,
      26.979659872157445,
      21.894156723746587,
      24.494437062813635,
      35.11392233343293,
      21.677427449198877,
      21.250762791063643,
      22.330847924003194,
      20.59535080297088,
      15.097396646781235,
      23.490494377861307,
      40.668743715002854,
      40.158666389855846,
      33.48541534414719
    ]
  },
  "preregistration_file": "preregistration_t3_iter6_20260502_204257.json",
  "is_lockbox_headline": true,
  "baseline_iter5_ccc_on_same_98": 0.5227,
  "baseline_published_hy_residual_ccc": 0.4092,
  "delta_vs_iter5": -0.0219,
  "bootstrap_delta_vs_iter5": {
    "n_boot": 2000,
    "delta_mean": -0.0234,
    "delta_ci_low": -0.0751,
    "delta_ci_high": 0.0248,
    "frac_positive": 0.18,
    "frac_above_0p01": 0.085
  }
}