{
  "name": "t3_lasso_local",
  "ccc": 0.04307623477432804,
  "delta_vs_iter47": -0.335323765225672
}