{
  "n": 98,
  "ccc": 0.5031,
  "cal_slope": 0.4853,
  "mae": 8.2735,
  "r": 0.5035,
  "pred_mean": 24.618,
  "pred_std": 10.491,
  "true_mean": 24.418,
  "true_std": 10.884,
  "label": "t3_iter31_multitask",
  "preregistration_file": "preregistration_t3_iter31_multitask_20260505_202026.json",
  "is_lockbox_headline": true,
  "n_seeds": 3,
  "per_seed": [
    {
      "seed": 42,
      "ccc_mt": 0.4956460443174444,
      "ccc_i5": 0.5051164321204259,
      "delta": -0.009470387802981484,
      "wall": 2462.785417318344
    },
    {
      "seed": 1337,
      "ccc_mt": 0.5128292916051611,
      "ccc_i5": 0.509843753874973,
      "delta": 0.0029855377301880592,
      "wall": 2243.5047793388367
    },
    {
      "seed": 7,
      "ccc_mt": 0.4974463889268746,
      "ccc_i5": 0.4946865725798021,
      "delta": 0.002759816347072508,
      "wall": 2209.3751904964447
    }
  ],
  "ccc_iter5_direct_loocv_baseline": 0.5099,
  "delta_vs_iter5_direct": -0.0068,
  "bootstrap_delta_vs_iter5_direct": {
    "n_boot": 5000,
    "delta_mean": -0.006603630794342183,
    "delta_ci_low": -0.09577215221693255,
    "delta_ci_high": 0.09117615375712453,
    "frac_above_zero": 0.4302,
    "frac_above_0.025": 0.2534
  },
  "bootstrap_delta_vs_iter5_lockbox": {
    "ccc_iter5_lockbox": 0.5227,
    "delta_mean": -0.01870355038248415,
    "delta_ci_low": -0.10434638332004108,
    "delta_ci_high": 0.07059786117821987,
    "frac_above_zero": 0.3284
  },
  "is_canonical_update": false,
  "per_subject": {
    "sids": [
      "NLS142",
      "NLS179",
      "NLS146",
      "NLS157",
      "NLS130",
      "NLS175",
      "WPD022",
      "NLS121",
      "NLS150",
      "WPD020",
      "NLS197",
      "NLS184",
      "NLS036",
      "NLS143",
      "NLS102",
      "NLS188",
      "NLS183",
      "WPD013",
      "NLS192",
      "WPD018",
      "WPD002",
      "NLS163",
      "NLS189",
      "NLS144",
      "WPD024",
      "WPD012",
      "WPD010",
      "NLS176",
      "NLS151",
      "NLS160",
      "NLS135",
      "NLS190",
      "NLS069",
      "WPD023",
      "WPD005",
      "NLS198",
      "WPD027",
      "NLS149",
      "NLS185",
      "NLS172",
      "NLS164",
      "NLS182",
      "WPD025",
      "WPD003",
      "NLS170",
      "NLS127",
      "WPD015",
      "NLS167",
      "NLS186",
      "WPD016",
      "NLS169",
      "NLS035",
      "NLS153",
      "WPD021",
      "NLS155",
      "NLS166",
      "NLS191",
      "WPD004",
      "WPD009",
      "WPD017",
      "WPD029",
      "NLS211",
      "NLS201",
      "NLS152",
      "NLS174",
      "NLS165",
      "NLS148",
      "NLS161",
      "NLS159",
      "WPD019",
      "NLS208",
      "WPD026",
      "NLS154",
      "NLS173",
      "WPD006",
      "NLS177",
      "WPD008",
      "NLS101",
      "NLS033",
      "NLS022",
      "NLS124",
      "NLS056",
      "NLS209",
      "NLS162",
      "NLS195",
      "NLS139",
      "NLS002",
      "NLS210",
      "NLS141",
      "WPD007",
      "WPD001",
      "NLS147",
      "WPD011",
      "WPD014",
      "NLS158",
      "NLS196",
      "NLS140",
      "NLS187"
    ],
    "y_true": [
      24.0,
      43.0,
      10.0,
      25.0,
      22.0,
      29.0,
      27.0,
      11.0,
      35.0,
      13.0,
      23.0,
      21.0,
      46.0,
      36.0,
      14.0,
      0.0,
      14.0,
      0.0,
      18.0,
      26.0,
      19.0,
      25.0,
      13.0,
      29.0,
      18.0,
      19.0,
      24.0,
      9.0,
      0.0,
      37.0,
      43.0,
      34.0,
      25.0,
      13.0,
      15.0,
      24.0,
      26.0,
      29.0,
      40.0,
      10.0,
      13.0,
      14.0,
      30.0,
      30.0,
      27.0,
      19.0,
      22.0,
      12.0,
      17.0,
      10.0,
      22.0,
      20.0,
      30.0,
      25.0,
      6.0,
      26.0,
      36.0,
      30.0,
      19.0,
      27.0,
      25.0,
      24.0,
      59.0,
      19.0,
      27.0,
      33.0,
      38.0,
      39.0,
      39.0,
      25.0,
      22.0,
      28.0,
      13.0,
      38.0,
      34.0,
      25.0,
      23.0,
      14.0,
      31.0,
      32.0,
      41.0,
      32.0,
      26.0,
      38.0,
      16.0,
      33.0,
      18.0,
      26.0,
      17.0,
      12.0,
      13.0,
      19.0,
      26.0,
      24.0,
      15.0,
      52.0,
      40.0,
      33.0
    ],
    "y_pred": [
      23.560302638102325,
      42.345748077689926,
      30.976996024266555,
      26.376498182767566,
      31.26990060275465,
      31.381019430017375,
      23.627520085629758,
      32.88913100333857,
      24.346988943102374,
      25.407597289652625,
      16.13095118000473,
      18.271215333336176,
      34.85899584144891,
      26.296222562645443,
      20.31634752344332,
      7.8748357000127145,
      20.16912248436179,
      5.16698388367102,
      28.121055007118656,
      18.533693840129143,
      18.210008580135185,
      17.089989131487968,
      15.94699997677453,
      22.515992193991664,
      12.879454515313009,
      23.82090760726355,
      25.355007701544547,
      16.899790297178217,
      9.102189158697964,
      19.331539124544964,
      33.371630116424896,
      30.557881901794975,
      15.327587686068581,
      23.49775641250805,
      18.228971830990627,
      23.479869916084066,
      19.332445151184697,
      28.061796666727076,
      37.19539804601338,
      23.199282042136986,
      21.094744398928945,
      16.909843947182132,
      36.15114460226075,
      22.743146370441895,
      29.397919005252817,
      22.707732404111848,
      24.624347537768625,
      30.164359348360822,
      27.67013374111382,
      12.73888315779069,
      17.38362787726437,
      10.894663075330811,
      31.95862936739776,
      13.681548415351086,
      27.447489627007513,
      45.52486849150836,
      35.017770462984835,
      22.24261560077076,
      28.941056816589622,
      9.38119686917416,
      25.133404217734554,
      17.8918427826014,
      43.44948293149704,
      21.918817851244544,
      22.749599167874106,
      23.327530022457484,
      29.2316081086265,
      28.491050246957315,
      28.893773433158344,
      -4.567452450009393,
      40.007452088190384,
      25.560838353371945,
      10.12101675369915,
      11.235507304180047,
      19.393534155782394,
      21.660716656071624,
      17.17920596271726,
      27.315271855263944,
      63.433301347345456,
      20.573384726914444,
      65.03034470039624,
      29.44171231976166,
      30.76705609092102,
      24.08799353354111,
      13.644714584229954,
      23.0326551600395,
      22.135135522739592,
      24.891814386091582,
      35.647263427242514,
      17.186900663712002,
      18.91397428680418,
      31.454791002864003,
      20.89008674674794,
      16.586679887292348,
      17.640702110722632,
      44.32219198844121,
      43.2650962976694,
      32.62172447683704
    ]
  }
}