{
  "n": 98,
  "ccc": 0.5004,
  "cal_slope": 0.3952,
  "mae": 7.7859,
  "r": 0.5193,
  "pred_mean": 24.658,
  "pred_std": 8.281,
  "true_mean": 24.418,
  "true_std": 10.884,
  "label": "t3_iter5_A_iter22_8cov",
  "feature_set": "A_iter22_8cov",
  "stage1_extras": [
    "cv_yrs",
    "cv_sex",
    "cv_dbs",
    "cv_age",
    "ext_yrs_sq",
    "ext_yrs_log",
    "ext_late_pd"
  ],
  "alpha": 1.0,
  "eval_mode": "loocv_3seed_mean",
  "n_seeds": 3,
  "per_seed_ccc": [
    0.485466467110497,
    0.4998747159365325,
    0.4991054549843969
  ],
  "per_seed_mae": [
    7.7428661837478945,
    7.93750565292585,
    7.868060444996336
  ],
  "per_subject": {
    "sids": [
      "NLS142",
      "NLS179",
      "NLS146",
      "NLS157",
      "NLS130",
      "NLS175",
      "WPD022",
      "NLS121",
      "NLS150",
      "WPD020",
      "NLS197",
      "NLS184",
      "NLS036",
      "NLS143",
      "NLS102",
      "NLS188",
      "NLS183",
      "WPD013",
      "NLS192",
      "WPD018",
      "WPD002",
      "NLS163",
      "NLS189",
      "NLS144",
      "WPD024",
      "WPD012",
      "WPD010",
      "NLS176",
      "NLS151",
      "NLS160",
      "NLS135",
      "NLS190",
      "NLS069",
      "WPD023",
      "WPD005",
      "NLS198",
      "WPD027",
      "NLS149",
      "NLS185",
      "NLS172",
      "NLS164",
      "NLS182",
      "WPD025",
      "WPD003",
      "NLS170",
      "NLS127",
      "WPD015",
      "NLS167",
      "NLS186",
      "WPD016",
      "NLS169",
      "NLS035",
      "NLS153",
      "WPD021",
      "NLS155",
      "NLS166",
      "NLS191",
      "WPD004",
      "WPD009",
      "WPD017",
      "WPD029",
      "NLS211",
      "NLS201",
      "NLS152",
      "NLS174",
      "NLS165",
      "NLS148",
      "NLS161",
      "NLS159",
      "WPD019",
      "NLS208",
      "WPD026",
      "NLS154",
      "NLS173",
      "WPD006",
      "NLS177",
      "WPD008",
      "NLS101",
      "NLS033",
      "NLS022",
      "NLS124",
      "NLS056",
      "NLS209",
      "NLS162",
      "NLS195",
      "NLS139",
      "NLS002",
      "NLS210",
      "NLS141",
      "WPD007",
      "WPD001",
      "NLS147",
      "WPD011",
      "WPD014",
      "NLS158",
      "NLS196",
      "NLS140",
      "NLS187"
    ],
    "y_true": [
      24.0,
      43.0,
      10.0,
      25.0,
      22.0,
      29.0,
      27.0,
      11.0,
      35.0,
      13.0,
      23.0,
      21.0,
      46.0,
      36.0,
      14.0,
      0.0,
      14.0,
      0.0,
      18.0,
      26.0,
      19.0,
      25.0,
      13.0,
      29.0,
      18.0,
      19.0,
      24.0,
      9.0,
      0.0,
      37.0,
      43.0,
      34.0,
      25.0,
      13.0,
      15.0,
      24.0,
      26.0,
      29.0,
      40.0,
      10.0,
      13.0,
      14.0,
      30.0,
      30.0,
      27.0,
      19.0,
      22.0,
      12.0,
      17.0,
      10.0,
      22.0,
      20.0,
      30.0,
      25.0,
      6.0,
      26.0,
      36.0,
      30.0,
      19.0,
      27.0,
      25.0,
      24.0,
      59.0,
      19.0,
      27.0,
      33.0,
      38.0,
      39.0,
      39.0,
      25.0,
      22.0,
      28.0,
      13.0,
      38.0,
      34.0,
      25.0,
      23.0,
      14.0,
      31.0,
      32.0,
      41.0,
      32.0,
      26.0,
      38.0,
      16.0,
      33.0,
      18.0,
      26.0,
      17.0,
      12.0,
      13.0,
      19.0,
      26.0,
      24.0,
      15.0,
      52.0,
      40.0,
      33.0
    ],
    "y_pred": [
      28.481606431258644,
      44.83019864791894,
      21.633741268994445,
      23.346489207834427,
      27.352700797059473,
      23.83587317155592,
      26.209514564530746,
      32.646761763204566,
      26.599687348088747,
      25.696295715508654,
      21.69105017786519,
      20.770787639335754,
      37.232883711960596,
      27.992811529232625,
      20.17726077625547,
      6.075407258223514,
      26.183988128552752,
      9.352028954026482,
      27.421046413792,
      16.75595551541815,
      26.765886082327256,
      25.354001108707777,
      14.419758546819793,
      19.48117469243633,
      11.81493582424121,
      24.472757135675213,
      29.783259420527752,
      24.60121455226817,
      4.568715870889869,
      23.325976785595156,
      29.727263726198256,
      25.69479018352533,
      19.720731050734653,
      29.241079003056438,
      20.470392759829696,
      23.7668309198838,
      22.63573781921369,
      32.13708121213708,
      35.380558733232505,
      27.29953437857266,
      20.107085355722536,
      11.886444364826348,
      30.554763711875083,
      23.833643972056496,
      25.558822287750882,
      28.10583101122783,
      27.432425999445623,
      24.933057751874838,
      25.019749288060137,
      20.87753742455502,
      21.04773480564728,
      11.256859295636461,
      29.900016132450034,
      13.814139173193482,
      20.258718781681157,
      36.52941804231286,
      27.572544161102226,
      27.83198407933698,
      24.890707939000084,
      17.853891638239702,
      19.534220434949315,
      24.456908114149865,
      35.55133794372867,
      20.59492619134851,
      22.674378423892197,
      22.9920519080066,
      27.548341830531758,
      29.003428271914697,
      22.154622154028957,
      1.730885904753257,
      29.21823455673547,
      22.618527863220397,
      14.042804477257627,
      14.967606499731767,
      25.305187550843126,
      21.02528936097102,
      19.584817478501233,
      27.147740069674715,
      52.51410527343625,
      26.581224914940677,
      54.05482241247205,
      24.820536728356966,
      26.68323067965768,
      23.44632502014637,
      17.803486097423512,
      25.749744304823775,
      20.48931729621386,
      24.290999234128446,
      38.33879440022852,
      27.690096389966513,
      24.395288386459075,
      23.904903139845928,
      22.948637670000583,
      15.386937401114912,
      21.045884614704175,
      41.17720171608067,
      35.5912613808668,
      35.18609899664418
    ]
  },
  "preregistration_file": "preregistration_t3_iter5_20260504_213840.json",
  "is_lockbox_headline": true,
  "baseline_iter3_hy_residual_ccc_on_same_98": 0.4092,
  "baseline_published_hy_residual_ccc": 0.4092,
  "delta_vs_baseline_iter3": 0.0912,
  "bootstrap_delta_vs_iter3": {
    "n_boot": 2000,
    "delta_mean": 0.0905,
    "delta_ci_low": 0.0074,
    "delta_ci_high": 0.1686,
    "frac_positive": 0.984,
    "frac_above_0p01": 0.972
  }
}