{
  "name": "lockbox_t1_slotC_evening_standalone_item13_lgb_replacement",
  "created_at_utc": "20260515T203401Z",
  "preregistration_master": "results/preregistration_t1_ceiling_push_20260515_evening_master.json",
  "preregistration_amendment_01": "results/preregistration_t1_ceiling_push_20260515_evening_amendment_01.json",
  "preregistration_amendment_02": "results/preregistration_t1_ceiling_push_20260515_evening_amendment_02.json",
  "session": "2026-05-15-evening-glass-ceiling-push-slotC-replacement",
  "null_mode": "canary_noise",
  "sanity_y_nan": false,
  "formula_sha256": "86995b24f12e7abcc5b6da0e5a6308691f2211e9bd1a5c966545fee007366aa9",
  "n_cohort": 92,
  "n_features": 30,
  "lgb_params": {
    "objective": "regression",
    "metric": "mse",
    "num_leaves": 15,
    "learning_rate": 0.05,
    "n_estimators": 200,
    "min_data_in_leaf": 5,
    "feature_fraction": 0.8,
    "bagging_fraction": 0.8,
    "bagging_freq": 5,
    "verbose": -1,
    "n_jobs": 4
  },
  "n_bootstrap": 5000,
  "primary_gate": {
    "rule": "replicated-uncorrected \u03b1=0.05 + MCID +0.005 + BH-FDR q<=0.10",
    "mcid": 0.005,
    "frac_pos_gate": 0.95
  },
  "baselines": {
    "loocv_ccc_t1_sum": 0.7170378403014925,
    "loocv_ccc_item13": 0.06743656916202519,
    "loocv_mae_t1_sum": 1.7356018162374585,
    "loocv_pearson_t1_sum": 0.7223066495976541
  },
  "seed_set_A": {
    "label": "seed_set_A",
    "loocv_ccc_t1_sum_baseline": 0.7170378403014925,
    "loocv_ccc_t1_sum_replacement": 0.7207405666488935,
    "delta_ccc_t1_sum": 0.0037027263474009864,
    "delta_pearson_r_t1_sum": 0.001162523999463816,
    "delta_mae_t1_sum": -0.05048984035198778,
    "loocv_ccc_item13_baseline": 0.06743656916202519,
    "loocv_ccc_item13_standalone": 0.07805884258996303,
    "delta_ccc_item13": 0.01062227342793784,
    "bootstrap_t1_sum": {
      "median": 0.003931201856596789,
      "ci95": [
        -0.01953803926902371,
        0.024398314651917347
      ],
      "frac_pos": 0.647
    },
    "bootstrap_item13": {
      "median": 0.010471206985621848,
      "ci95": [
        -0.16447643562125316,
        0.19640842707808545
      ],
      "frac_pos": 0.5394
    }
  },
  "seed_set_B": {
    "label": "seed_set_B",
    "loocv_ccc_t1_sum_baseline": 0.7170378403014925,
    "loocv_ccc_t1_sum_replacement": 0.7228455512352872,
    "delta_ccc_t1_sum": 0.005807710933794619,
    "delta_pearson_r_t1_sum": 0.003010909343259982,
    "delta_mae_t1_sum": -0.05971974664261914,
    "loocv_ccc_item13_baseline": 0.06743656916202519,
    "loocv_ccc_item13_standalone": 0.05975925298929362,
    "delta_ccc_item13": -0.007677316172731569,
    "bootstrap_t1_sum": {
      "median": 0.006042387458928711,
      "ci95": [
        -0.016701069437135837,
        0.026981553598330373
      ],
      "frac_pos": 0.7244
    },
    "bootstrap_item13": {
      "median": -0.010664494434019699,
      "ci95": [
        -0.18176605749177588,
        0.17700010701854121
      ],
      "frac_pos": 0.4632
    }
  },
  "d4_audit_avg_seeds": {
    "delta_pearson_r_avg": 0.0022252648841181166,
    "delta_mae_avg": -0.05510479349730324,
    "corr_replacement_T1_sum_residual": 0.24684243996638922,
    "corr_replacement_item13_residual": 0.2522283111171498
  },
  "fivefold_screen": {
    "per_seed_deltas": [
      0.005219261384275864,
      0.004070668384420606,
      0.00202752876704293
    ],
    "mean_delta": 0.0037724861785798,
    "seed_std": 0.0013199681172632455,
    "promotion_gate_mean": 0.025,
    "promotion_gate_std": 0.02,
    "passes_promotion": false
  },
  "verdict_provisional": "FAIL_ITEM13_STANDALONE_TOO_WEAK"
}