{
  "mode": "v3_combined_kselect",
  "n_subjects": 92,
  "seeds": [
    42,
    1337,
    7
  ],
  "feature_count_used": 894,
  "k_selection": true,
  "per_seed": [
    {
      "seed": 42,
      "ccc": 0.6817336967165765,
      "wall_s": 473.24111557006836
    },
    {
      "seed": 1337,
      "ccc": 0.6794651276232991,
      "wall_s": 473.52338886260986
    },
    {
      "seed": 7,
      "ccc": 0.6800964066487502,
      "wall_s": 470.0794982910156
    }
  ],
  "headline": {
    "n": 92,
    "ccc": 0.6805,
    "cal_slope": 0.8182,
    "mae": 1.8893,
    "r": 0.6906,
    "pred_mean": 4.12,
    "pred_std": 3.261,
    "true_mean": 4.033,
    "true_std": 2.752,
    "label": "t1_v3_combined_v3_combined_kselect"
  },
  "comparator_iter34_ccc": 0.717,
  "delta_vs_iter34_observed": -0.03649999999999998,
  "sign_flip": {
    "test": "per_subject_sign_flip_permutation_on_se_diff",
    "n_subjects": 92,
    "n_perms": 10000,
    "observed_mean_diff_se": -0.9462192138147347,
    "p_one_sided": 0.9446
  },
  "bca": {
    "test": "BCa_95_CI_on_delta_CCC",
    "n_boot": 5000,
    "delta_ccc_observed": -0.036519360503128095,
    "ci_low": -0.09228519443379597,
    "ci_high": 0.009291205794313489,
    "z0": -0.03660494579591264,
    "a": -0.007421599205759149
  },
  "decision": {
    "verdict": "FAIL",
    "p_one_sided": 0.9446,
    "p_threshold_bonferroni": 0.05,
    "ci_low": -0.09228519443379597,
    "ci_high": 0.009291205794313489,
    "delta_ccc_observed": -0.036519360503128095,
    "mcid_delta": 0.025,
    "gates": {
      "sign_flip_p_passes": false,
      "bca_excludes_zero": false,
      "point_delta_meets_mcid": false
    }
  },
  "wall_time_total_s": 1416.8441107273102,
  "per_subject": {
    "sids": [
      "NLS142",
      "NLS179",
      "NLS146",
      "NLS157",
      "NLS130",
      "NLS175",
      "WPD022",
      "NLS121",
      "NLS150",
      "WPD020",
      "NLS197",
      "NLS184",
      "NLS143",
      "NLS102",
      "NLS183",
      "NLS192",
      "WPD018",
      "NLS163",
      "NLS189",
      "NLS144",
      "WPD024",
      "WPD012",
      "WPD010",
      "NLS176",
      "NLS160",
      "NLS135",
      "NLS190",
      "NLS069",
      "WPD023",
      "WPD005",
      "NLS198",
      "WPD027",
      "NLS149",
      "NLS185",
      "NLS172",
      "NLS164",
      "NLS182",
      "WPD025",
      "WPD003",
      "NLS170",
      "NLS127",
      "WPD015",
      "NLS167",
      "NLS186",
      "WPD016",
      "NLS169",
      "NLS035",
      "NLS153",
      "WPD021",
      "NLS155",
      "NLS166",
      "NLS191",
      "WPD004",
      "WPD009",
      "WPD029",
      "NLS211",
      "NLS201",
      "NLS152",
      "NLS174",
      "NLS165",
      "NLS148",
      "NLS161",
      "NLS159",
      "WPD019",
      "NLS208",
      "WPD026",
      "NLS154",
      "NLS173",
      "WPD006",
      "NLS177",
      "WPD008",
      "NLS101",
      "NLS033",
      "NLS022",
      "NLS124",
      "NLS056",
      "NLS209",
      "NLS162",
      "NLS195",
      "NLS139",
      "NLS002",
      "NLS210",
      "NLS141",
      "WPD007",
      "WPD001",
      "NLS147",
      "WPD011",
      "WPD014",
      "NLS158",
      "NLS196",
      "NLS140",
      "NLS187"
    ],
    "y_true": [
      4.0,
      5.0,
      2.0,
      3.0,
      3.0,
      3.0,
      4.0,
      2.0,
      9.0,
      2.0,
      3.0,
      4.0,
      7.0,
      1.0,
      1.0,
      0.0,
      5.0,
      5.0,
      2.0,
      7.0,
      3.0,
      3.0,
      4.0,
      1.0,
      6.0,
      4.0,
      5.0,
      10.0,
      0.0,
      3.0,
      3.0,
      2.0,
      4.0,
      7.0,
      3.0,
      3.0,
      0.0,
      7.0,
      6.0,
      3.0,
      5.0,
      1.0,
      2.0,
      3.0,
      1.0,
      3.0,
      2.0,
      4.0,
      1.0,
      1.0,
      5.0,
      9.0,
      2.0,
      8.0,
      4.0,
      2.0,
      12.0,
      4.0,
      4.0,
      7.0,
      5.0,
      7.0,
      4.0,
      0.0,
      5.0,
      2.0,
      0.0,
      1.0,
      6.0,
      4.0,
      0.0,
      4.0,
      11.0,
      5.0,
      9.0,
      8.0,
      5.0,
      3.0,
      1.0,
      3.0,
      2.0,
      5.0,
      5.0,
      2.0,
      3.0,
      3.0,
      3.0,
      4.0,
      4.0,
      14.0,
      8.0,
      6.0
    ],
    "y_pred": [
      4.437318175281846,
      7.8788369084759795,
      7.192319826361019,
      1.2325826387231633,
      7.542542020846963,
      3.191054308264708,
      1.5786913865146754,
      5.4747793714777115,
      6.865805576494467,
      2.5606826619539667,
      2.0827208708312264,
      1.0429887718238202,
      10.832108850173407,
      -0.13667847793476126,
      2.975057413869049,
      3.1522820628747303,
      1.4181246336040196,
      2.993897604064475,
      1.2435460755069812,
      4.1835137565215,
      1.2374726998004917,
      1.947231527087627,
      5.828634474632165,
      1.9473820937722772,
      1.1074033620841337,
      4.722638031187253,
      2.844900385986208,
      5.305320270445892,
      3.234166688395683,
      0.5889855390929964,
      4.52868524930805,
      2.279563897998586,
      6.775107324865863,
      6.722522555178234,
      5.167590874209422,
      2.6255824665282956,
      1.085910385544038,
      10.082802250310912,
      5.043585606764355,
      2.2360058050639178,
      5.436481680443961,
      2.3788583958041754,
      4.5712242362596385,
      4.911651853687664,
      -0.01898076902524363,
      2.9844965192000275,
      1.9731748526550223,
      5.365754102413718,
      -0.01727163362177982,
      3.081675356810948,
      5.497013446475063,
      6.131360894692835,
      1.8663883489046373,
      8.495013556928335,
      4.456307879200664,
      3.4777420838804627,
      10.874348409764693,
      3.502575806176651,
      6.020221481461012,
      7.085466393235822,
      2.340226787366303,
      8.4587808603759,
      1.1725040204987993,
      4.02024996123257,
      7.905429605355587,
      2.515765263471461,
      0.06958791582427508,
      1.6596616962264477,
      1.3146025873537683,
      0.6333973321410721,
      -0.04750719799974442,
      6.53472597481279,
      14.318837363107319,
      1.394605531603973,
      13.414910688606762,
      2.1601521133782278,
      3.568887299492829,
      3.3932550768424274,
      1.8599167793682179,
      1.7794971702097462,
      2.5878974990195283,
      2.1137890568162407,
      8.404222346080642,
      1.2097667956295355,
      0.25498685486166917,
      2.5437584956589685,
      2.5562304409024437,
      2.2606679563208885,
      3.7170455643587794,
      13.843294824345987,
      6.825506845923624,
      13.108331203362305
    ]
  }
}