{
  "name": "t1_wildcard_a_per_task_specialist",
  "created_at_utc": "2026-05-12T21:12:14.105097+00:00",
  "mode": "loocv",
  "seeds": [
    42
  ],
  "n": 92,
  "metrics_pooled_new": {
    "n": 92,
    "ccc": 0.5537,
    "cal_slope": 0.7852,
    "mae": 1.926,
    "r": 0.581,
    "pred_mean": 4.3,
    "pred_std": 3.72,
    "true_mean": 4.033,
    "true_std": 2.752,
    "label": "t1_wildcard_a_pooled"
  },
  "metrics_pooled_baseline": {
    "n": 92,
    "ccc": 0.717,
    "cal_slope": 0.8151,
    "mae": 1.7356,
    "r": 0.7223,
    "pred_mean": 4.058,
    "pred_std": 3.106,
    "true_mean": 4.033,
    "true_std": 2.752,
    "label": "t1_iter34_baseline_recomp"
  },
  "delta_ccc_pooled": -0.1633,
  "per_seed_ccc": [
    0.5537
  ],
  "per_seed_delta": [
    -0.1633
  ],
  "seed_delta_mean": -0.1633,
  "seed_delta_std": 0.0,
  "paired_bootstrap": {
    "n_boot": 5000,
    "mean_delta": -0.1383,
    "ci_low": -0.3783,
    "ci_high": 0.0071,
    "frac_gt_zero": 0.352,
    "bonferroni_n2_threshold": 0.975,
    "bonferroni_n2_cleared": false
  },
  "sign_flip_perm": {
    "n_perms": 10000,
    "obs_delta_mse": -4.71488,
    "p_value": 0.5325,
    "bonferroni_n2_threshold": 0.025,
    "bonferroni_n2_cleared": false
  },
  "spec_weights_mean_across_folds_and_seeds": [
    0.157905482385978,
    -0.044106954589992385,
    0.0847001330216635,
    -0.002014432597249602,
    0.0459626093772385
  ],
  "task_order": [
    "Balance",
    "HurriedPace",
    "SelfPace",
    "TUG",
    "TandemGait"
  ],
  "kill_criteria": {
    "seed_std_threshold": 0.025,
    "seed_std_violated": false,
    "delta_threshold": 0.025,
    "delta_violated": true
  },
  "verdict": "FAIL",
  "iter34_path": "/home/fiod/medical/results/t1_iter34_per_item_oof_20260511_044242.npz",
  "gsp_path": "/home/fiod/medical/results/v3_gsp_features.csv",
  "per_seed_results": [
    {
      "seed": 42,
      "n": 92,
      "t1_baseline_ccc": 0.717,
      "t1_new_ccc": 0.5537,
      "delta_ccc": -0.1633,
      "t1_new_mae": 1.926,
      "t1_baseline_mae": 1.7356,
      "spec_weights_mean": [
        0.157905482385978,
        -0.044106954589992385,
        0.0847001330216635,
        -0.002014432597249602,
        0.0459626093772385
      ],
      "spec_weights_std": [
        0.017302434709519775,
        0.017639644547667605,
        0.021386501275926645,
        0.031057353486177892,
        0.011254642246135276
      ],
      "frac_meta_neg_weight": 1.0,
      "residual_correction_mean": 0.837234043998302,
      "residual_correction_std": 8.098318590670734
    }
  ],
  "pooled_new_pred": [
    4.113658626686463,
    9.041848057346746,
    5.603241368365127,
    24.0,
    5.966394347685308,
    4.72717607699929,
    1.8060724522269018,
    6.784522802629287,
    6.647673787157955,
    2.370021793848302,
    1.1989271005705762,
    1.3430411593448963,
    6.883953693127266,
    0.0,
    2.3217347185876633,
    4.29320965064218,
    2.039740762449842,
    2.5846513333002177,
    1.9516755138699768,
    4.627730062627793,
    0.9736729365613526,
    2.212125231917188,
    5.491781862123551,
    2.184226351086784,
    1.383517258200307,
    5.007889665069009,
    2.4819719382018546,
    5.875347942185789,
    3.381733911578982,
    1.7012424757723608,
    5.136088500103229,
    1.6233840056742823,
    6.485461978743042,
    6.5085119345179185,
    3.5747145200855126,
    2.724940730702477,
    0.19858685759859257,
    10.246486895052936,
    3.2313408024236066,
    2.809976336397571,
    6.396820166638375,
    1.6652800208098526,
    3.421294482046275,
    3.487064403939973,
    0.9146402617861965,
    2.0287564162146063,
    1.032926374016327,
    4.302375215951332,
    0.0,
    4.387740863177309,
    5.637519361823189,
    4.821112766932404,
    1.9335858174373726,
    8.200765912367423,
    3.2696076139797077,
    3.558494433031866,
    11.046939118545264,
    3.463701598893831,
    4.710091707998657,
    5.442276883682264,
    2.6901033767238482,
    8.266286905023192,
    3.3635019088442077,
    3.544011928441771,
    7.922148524699672,
    1.902671829412715,
    1.1534163813538971,
    1.398087636469013,
    3.0342745238217894,
    1.1231737249428655,
    0.6807960479434492,
    7.008393584212986,
    15.916625568358558,
    2.5389839084851524,
    13.46516172849127,
    3.647354554672281,
    3.7954095457771935,
    3.062597221204359,
    1.5057826624795076,
    1.8431825300270446,
    1.8369959441699024,
    3.567533677098302,
    7.513403557242271,
    1.1573166160981707,
    0.6342136549452742,
    3.0896418346393064,
    1.8069004158949291,
    1.414143414682942,
    3.4352995752806454,
    13.726424580183318,
    7.613860085860623,
    10.663916161055342
  ],
  "pooled_baseline_pred": [
    4.025412326303354,
    9.096018575787012,
    5.554488245644539,
    1.8364209240701215,
    5.899899414097539,
    5.139141114758982,
    1.666533864790307,
    6.915195765367709,
    6.596031294766308,
    2.295522289489013,
    1.2558649324029718,
    1.2792128193362076,
    6.880814838662624,
    -0.14112060475915333,
    2.2635644692764134,
    4.281895725364751,
    1.929447417251163,
    2.691617996175101,
    1.941316503736245,
    4.575005787118154,
    0.9039569697454543,
    2.134263979999791,
    5.374889736983607,
    2.3608454069593336,
    1.3441614991669324,
    5.106542504477855,
    2.4664496199434205,
    5.879962234356646,
    3.332442446838506,
    1.7619587746253587,
    5.094970727294942,
    1.565771853948668,
    6.619877332950634,
    6.499289457656599,
    3.6737469292025993,
    2.6489987811196,
    0.2774204962041848,
    10.2259348051756,
    3.177047050346502,
    2.8241730235704607,
    6.417090082013183,
    1.795603652008391,
    3.412200199591626,
    3.5192701926640666,
    0.9530350188764026,
    1.9842063749129928,
    1.059117879969375,
    4.300929469814182,
    -0.5340227873535425,
    4.562961133372251,
    5.996291837682915,
    4.768205365388941,
    1.9404881028634733,
    8.213971382791556,
    3.287597114857041,
    3.457114905171968,
    10.808973898938739,
    3.54101557989395,
    4.7035105018530565,
    5.5084020781199925,
    2.7426665864794657,
    8.212474028194224,
    3.3826609349338175,
    3.5652644892893384,
    7.733744278392006,
    1.8518004340681273,
    1.173313280994515,
    1.3656487237493398,
    3.032034927644999,
    1.180801006771283,
    0.6547408303647315,
    7.066787356289704,
    15.85586939364903,
    2.579303291959946,
    13.385458363707203,
    3.760772602474244,
    3.747218691785267,
    3.1197597554361565,
    1.5116560381260797,
    1.8566944138636368,
    1.8517791661715182,
    3.5153689688688226,
    7.535982863013452,
    1.102054008870158,
    0.653871909804247,
    3.2616503728580724,
    1.8156601489529585,
    1.3811613524095083,
    3.4238573633534295,
    13.753093004963276,
    7.649663984248851,
    10.630926092762936
  ],
  "y_true": [
    4.0,
    5.0,
    2.0,
    3.0,
    3.0,
    3.0,
    4.0,
    2.0,
    9.0,
    2.0,
    3.0,
    4.0,
    7.0,
    1.0,
    1.0,
    0.0,
    5.0,
    5.0,
    2.0,
    7.0,
    3.0,
    3.0,
    4.0,
    1.0,
    6.0,
    4.0,
    5.0,
    10.0,
    0.0,
    3.0,
    3.0,
    2.0,
    4.0,
    7.0,
    3.0,
    3.0,
    0.0,
    7.0,
    6.0,
    3.0,
    5.0,
    1.0,
    2.0,
    3.0,
    1.0,
    3.0,
    2.0,
    4.0,
    1.0,
    1.0,
    5.0,
    9.0,
    2.0,
    8.0,
    4.0,
    2.0,
    12.0,
    4.0,
    4.0,
    7.0,
    5.0,
    7.0,
    4.0,
    0.0,
    5.0,
    2.0,
    0.0,
    1.0,
    6.0,
    4.0,
    0.0,
    4.0,
    11.0,
    5.0,
    9.0,
    8.0,
    5.0,
    3.0,
    1.0,
    3.0,
    2.0,
    5.0,
    5.0,
    2.0,
    3.0,
    3.0,
    3.0,
    4.0,
    4.0,
    14.0,
    8.0,
    6.0
  ],