{
  "name": "t3_gb",
  "ccc_pooled": 0.4515898961717821,
  "delta": 0.07318989617178207
}