{
  "name": "lockbox_t1_X2b_intercept_only_shift",
  "created_at_utc": "20260516T072944Z",
  "preregistration": "results/preregistration_t1_post_closure_X_series_20260516.json (X2b = X2 fix, intercept-only)",
  "null_mode": "scrambled_y",
  "sanity_y_nan": false,
  "formula_sha256": "fda51f6ba24da34cd6d50305b22cc3a3260056047bd019506058539e2702ffa9",
  "fix_motivation": "X2 had \u0394_CCC=-0.051 but \u0394_MAE=-0.17 + D4_corr=+0.47. Slope=1 constraint preserves scale.",
  "duration_threshold_yr": 7.0,
  "stratum_info": {
    "n_intercepts_long": 92,
    "n_intercepts_short": 92,
    "n_intercepts_full": 0,
    "mean_intercept_long": -0.5729761967134798,
    "mean_intercept_short": 0.5993289688575253
  },
  "n_cohort": 92,
  "baselines": {
    "loocv_ccc_iter34": 0.07084825404295846,
    "loocv_mae_iter34": 2.8796991986880256,
    "loocv_pearson_iter34": 0.07136884852003854
  },
  "corrected": {
    "loocv_ccc": 0.058694123615142646,
    "loocv_mae": 2.9744425822419687,
    "loocv_pearson": 0.0591883444014125,
    "delta_ccc": -0.01215413042781581,
    "delta_mae": 0.09474338355394307,
    "delta_pearson_r": -0.012180504118626041
  },
  "bootstrap_seed_A": {
    "median": -0.012179337243351072,
    "ci95": [
      -0.050838111231420846,
      0.021595381825466067
    ],
    "frac_pos": 0.2494
  },
  "bootstrap_seed_B": {
    "median": -0.011193961629080436,
    "ci95": [
      -0.051159898482201205,
      0.024366116877481546
    ],
    "frac_pos": 0.2672
  },
  "d4_audit": {
    "corr_correction_T1_sum_residual": -0.004444002370087005
  },
  "verdict_provisional": "VARIANCE_COMPRESSION_MIRAGE_LIKELY"
}