{
  "n": 92,
  "ccc": 0.7168,
  "cal_slope": 0.8138,
  "mae": 1.7349,
  "r": 0.722,
  "pred_mean": 4.06,
  "pred_std": 3.102,
  "true_mean": 4.033,
  "true_std": 2.752,
  "label": "t1_iter34_phase0_drop15",
  "variant": "drop15",
  "drop_item": 15,
  "no_k500": false,
  "goal_v1_phase0_cell": "(b) drop chain item 15",
  "bases": [
    "lgb",
    "xgb",
    "et"
  ],
  "n_subjects": 92,
  "item_order_chain_baseline": [
    9,
    10,
    11,
    12,
    13,
    14,
    15,
    18
  ],
  "chain_items_after_drop": [
    9,
    10,
    11,
    12,
    13,
    14,
    18
  ],
  "preregistration_file": "preregistration_t1_iter34_phase0_drop15_20260512_132715.json",
  "is_phase0_ablation": true,
  "is_canonical_update": false,
  "n_seeds": 3,
  "per_seed": [
    {
      "seed": 42,
      "ccc_mt": 0.7163800173821161,
      "wall": 444.4469873905182
    },
    {
      "seed": 1337,
      "ccc_mt": 0.7165898906049503,
      "wall": 446.3531789779663
    },
    {
      "seed": 7,
      "ccc_mt": 0.7171668946420903,
      "wall": 443.4608106613159
    }
  ],
  "wall_time_total_s": 1334.2610790729523,
  "bootstrap_delta_vs_iter34_hygiene": {
    "n_boot": 5000,
    "delta_mean": -0.00022095437194650423,
    "delta_ci_low": -0.001236211740906079,
    "delta_ci_high": 0.000718529438087164,
    "frac_above_zero": 0.3264,
    "frac_above_0.025": 0.0,
    "ccc_iter34_hygiene": 0.717,
    "delta_meanof_predmeans": -0.0002
  },
  "per_subject": {
    "sids": [
      "NLS142",
      "NLS179",
      "NLS146",
      "NLS157",
      "NLS130",
      "NLS175",
      "WPD022",
      "NLS121",
      "NLS150",
      "WPD020",
      "NLS197",
      "NLS184",
      "NLS143",
      "NLS102",
      "NLS183",
      "NLS192",
      "WPD018",
      "NLS163",
      "NLS189",
      "NLS144",
      "WPD024",
      "WPD012",
      "WPD010",
      "NLS176",
      "NLS160",
      "NLS135",
      "NLS190",
      "NLS069",
      "WPD023",
      "WPD005",
      "NLS198",
      "WPD027",
      "NLS149",
      "NLS185",
      "NLS172",
      "NLS164",
      "NLS182",
      "WPD025",
      "WPD003",
      "NLS170",
      "NLS127",
      "WPD015",
      "NLS167",
      "NLS186",
      "WPD016",
      "NLS169",
      "NLS035",
      "NLS153",
      "WPD021",
      "NLS155",
      "NLS166",
      "NLS191",
      "WPD004",
      "WPD009",
      "WPD029",
      "NLS211",
      "NLS201",
      "NLS152",
      "NLS174",
      "NLS165",
      "NLS148",
      "NLS161",
      "NLS159",
      "WPD019",
      "NLS208",
      "WPD026",
      "NLS154",
      "NLS173",
      "WPD006",
      "NLS177",
      "WPD008",
      "NLS101",
      "NLS033",
      "NLS022",
      "NLS124",
      "NLS056",
      "NLS209",
      "NLS162",
      "NLS195",
      "NLS139",
      "NLS002",
      "NLS210",
      "NLS141",
      "WPD007",
      "WPD001",
      "NLS147",
      "WPD011",
      "WPD014",
      "NLS158",
      "NLS196",
      "NLS140",
      "NLS187"
    ],
    "y_true": [
      4.0,
      5.0,
      2.0,
      3.0,
      3.0,
      3.0,
      4.0,
      2.0,
      9.0,
      2.0,
      3.0,
      4.0,
      7.0,
      1.0,
      1.0,
      0.0,
      5.0,
      5.0,
      2.0,
      7.0,
      3.0,
      3.0,
      4.0,
      1.0,
      6.0,
      4.0,
      5.0,
      10.0,
      0.0,
      3.0,
      3.0,
      2.0,
      4.0,
      7.0,
      3.0,
      3.0,
      0.0,
      7.0,
      6.0,
      3.0,
      5.0,
      1.0,
      2.0,
      3.0,
      1.0,
      3.0,
      2.0,
      4.0,
      1.0,
      1.0,
      5.0,
      9.0,
      2.0,
      8.0,
      4.0,
      2.0,
      12.0,
      4.0,
      4.0,
      7.0,
      5.0,
      7.0,
      4.0,
      0.0,
      5.0,
      2.0,
      0.0,
      1.0,
      6.0,
      4.0,
      0.0,
      4.0,
      11.0,
      5.0,
      9.0,
      8.0,
      5.0,
      3.0,
      1.0,
      3.0,
      2.0,
      5.0,
      5.0,
      2.0,
      3.0,
      3.0,
      3.0,
      4.0,
      4.0,
      14.0,
      8.0,
      6.0
    ],
    "y_pred": [
      4.028295587504503,
      9.129890971622471,
      5.570467478906761,
      1.8468654236398312,
      5.868115209679494,
      5.129923662355485,
      1.699494507309237,
      6.901030991710766,
      6.615991940313911,
      2.31122535924641,
      1.264907356199301,
      1.2787134107506495,
      6.89931303967641,
      -0.16024796879850886,
      2.250987799818574,
      4.275096342621875,
      1.937219578890818,
      2.7143897709085265,
      1.9452665285311799,
      4.56704389945805,
      0.9012627824637391,
      2.1309513899234584,
      5.380532347852483,
      2.348165012666039,
      1.3543053740390405,
      5.125012820588307,
      2.4848556564558013,
      5.85113228957551,
      3.3531750421978237,
      1.7670352820416817,
      5.139607159647727,
      1.5734496117486334,
      6.609094649992179,
      6.4822630732297855,
      3.654234778288742,
      2.6588061471925593,
      0.27631726133634915,
      10.222317829219053,
      3.1877132364685914,
      2.83168929427701,
      6.419461099178153,
      1.7995172848882817,
      3.4288778597312635,
      3.5095122521709086,
      0.965842476191864,
      1.977353789804046,
      1.05542697886925,
      4.315777554666757,
      -0.5315294224047268,
      4.537420281905384,
      6.002815233673449,
      4.752012156312989,
      1.9536065463251173,
      8.195108235818394,
      3.2921848027701905,
      3.4624991113390586,
      10.756497464191819,
      3.564898951934912,
      4.706238201904284,
      5.496499796861052,
      2.733361022983999,
      8.218103286510255,
      3.3864674961595136,
      3.5679615940247085,
      7.7281326883003745,
      1.8556079720613043,
      1.2301600417149727,
      1.3766997833624635,
      3.0288067392455136,
      1.193434991243653,
      0.662911404180966,
      7.074347885516592,
      15.878472557359835,
      2.5988845500491995,
      13.337961185629867,
      3.7565190743249333,
      3.782816594941368,
      3.1312356694392327,
      1.4932518990591783,
      1.8381102629425012,
      1.8619956486102727,
      3.4935885238865794,
      7.542840800590668,
      1.0888897225739393,
      0.6706366019571063,
      3.2649250672686825,
      1.8292442654722691,
      1.3953798012103071,
      3.4308653408126517,
      13.753339608551975,
      7.659349233105952,
      10.63016068929318
    ]
  }
}