{
  "item": 9,
  "variant": "hy_residual_plus_walk",
  "ccc_mean": 0.44003333333333333,
  "ccc_std": 0.016287486676041296,
  "mae_mean": 0.3338666666666666,
  "ccc_oof_avg": 0.4449,
  "per_seed": [
    {
      "ccc": 0.4625,
      "mae": 0.3266
    },
    {
      "ccc": 0.4244,
      "mae": 0.3411
    },
    {
      "ccc": 0.4332,
      "mae": 0.3339
    }
  ]
}