{
  "n": 92,
  "ccc": 0.7137,
  "cal_slope": 0.862,
  "mae": 1.8202,
  "r": 0.7246,
  "pred_mean": 4.008,
  "pred_std": 3.275,
  "true_mean": 4.033,
  "true_std": 2.752,
  "label": "t1_iter34_phase0_no_k500",
  "variant": "no_k500",
  "drop_item": null,
  "no_k500": true,
  "goal_v1_phase0_cell": "(d) per-fold K=500 vs no_k500",
  "bases": [
    "lgb",
    "xgb",
    "et"
  ],
  "n_subjects": 92,
  "item_order_chain_baseline": [
    9,
    10,
    11,
    12,
    13,
    14,
    15,
    18
  ],
  "chain_items_after_drop": [
    9,
    10,
    11,
    12,
    13,
    14,
    15,
    18
  ],
  "preregistration_file": "preregistration_t1_iter34_phase0_no_k500_20260512_141152.json",
  "is_phase0_ablation": true,
  "is_canonical_update": false,
  "n_seeds": 3,
  "per_seed": [
    {
      "seed": 42,
      "ccc_mt": 0.7146663835886062,
      "wall": 1644.241462945938
    },
    {
      "seed": 1337,
      "ccc_mt": 0.7144494291968667,
      "wall": 1643.2338371276855
    },
    {
      "seed": 7,
      "ccc_mt": 0.7119965040552668,
      "wall": 1648.3376913070679
    }
  ],
  "wall_time_total_s": 4935.813094139099,
  "bootstrap_delta_vs_iter34_hygiene": {
    "n_boot": 5000,
    "delta_mean": -0.003443422383298733,
    "delta_ci_low": -0.027331787281991086,
    "delta_ci_high": 0.021219059173080354,
    "frac_above_zero": 0.3816,
    "frac_above_0.025": 0.0146,
    "ccc_iter34_hygiene": 0.717,
    "delta_meanof_predmeans": -0.0033
  },
  "per_subject": {
    "sids": [
      "NLS142",
      "NLS179",
      "NLS146",
      "NLS157",
      "NLS130",
      "NLS175",
      "WPD022",
      "NLS121",
      "NLS150",
      "WPD020",
      "NLS197",
      "NLS184",
      "NLS143",
      "NLS102",
      "NLS183",
      "NLS192",
      "WPD018",
      "NLS163",
      "NLS189",
      "NLS144",
      "WPD024",
      "WPD012",
      "WPD010",
      "NLS176",
      "NLS160",
      "NLS135",
      "NLS190",
      "NLS069",
      "WPD023",
      "WPD005",
      "NLS198",
      "WPD027",
      "NLS149",
      "NLS185",
      "NLS172",
      "NLS164",
      "NLS182",
      "WPD025",
      "WPD003",
      "NLS170",
      "NLS127",
      "WPD015",
      "NLS167",
      "NLS186",
      "WPD016",
      "NLS169",
      "NLS035",
      "NLS153",
      "WPD021",
      "NLS155",
      "NLS166",
      "NLS191",
      "WPD004",
      "WPD009",
      "WPD029",
      "NLS211",
      "NLS201",
      "NLS152",
      "NLS174",
      "NLS165",
      "NLS148",
      "NLS161",
      "NLS159",
      "WPD019",
      "NLS208",
      "WPD026",
      "NLS154",
      "NLS173",
      "WPD006",
      "NLS177",
      "WPD008",
      "NLS101",
      "NLS033",
      "NLS022",
      "NLS124",
      "NLS056",
      "NLS209",
      "NLS162",
      "NLS195",
      "NLS139",
      "NLS002",
      "NLS210",
      "NLS141",
      "WPD007",
      "WPD001",
      "NLS147",
      "WPD011",
      "WPD014",
      "NLS158",
      "NLS196",
      "NLS140",
      "NLS187"
    ],
    "y_true": [
      4.0,
      5.0,
      2.0,
      3.0,
      3.0,
      3.0,
      4.0,
      2.0,
      9.0,
      2.0,
      3.0,
      4.0,
      7.0,
      1.0,
      1.0,
      0.0,
      5.0,
      5.0,
      2.0,
      7.0,
      3.0,
      3.0,
      4.0,
      1.0,
      6.0,
      4.0,
      5.0,
      10.0,
      0.0,
      3.0,
      3.0,
      2.0,
      4.0,
      7.0,
      3.0,
      3.0,
      0.0,
      7.0,
      6.0,
      3.0,
      5.0,
      1.0,
      2.0,
      3.0,
      1.0,
      3.0,
      2.0,
      4.0,
      1.0,
      1.0,
      5.0,
      9.0,
      2.0,
      8.0,
      4.0,
      2.0,
      12.0,
      4.0,
      4.0,
      7.0,
      5.0,
      7.0,
      4.0,
      0.0,
      5.0,
      2.0,
      0.0,
      1.0,
      6.0,
      4.0,
      0.0,
      4.0,
      11.0,
      5.0,
      9.0,
      8.0,
      5.0,
      3.0,
      1.0,
      3.0,
      2.0,
      5.0,
      5.0,
      2.0,
      3.0,
      3.0,
      3.0,
      4.0,
      4.0,
      14.0,
      8.0,
      6.0
    ],
    "y_pred": [
      3.877017415620921,
      8.285495342112364,
      5.153478970601438,
      1.9625265317885878,
      5.841281819935083,
      4.637837223435122,
      1.9927046935910688,
      6.812801651717646,
      6.7286065002820665,
      1.9550280370621538,
      1.5943659412894977,
      1.3852620583319855,
      9.524378671875727,
      -0.1312435201423822,
      2.5000898238699456,
      4.35742500192377,
      1.7034203739426916,
      2.2718930510723485,
      1.8963453042925351,
      4.495109367625239,
      0.37774151287463376,
      2.121125446797562,
      4.431316647321253,
      1.5575140173833766,
      1.436380425026206,
      5.401401476774349,
      2.531753509184299,
      4.942366939071154,
      3.273341359703281,
      1.6757127783491121,
      5.567392968229082,
      1.3937461296075107,
      7.074242348234532,
      5.836996387416832,
      3.0980430025292205,
      2.5366160656026975,
      0.1959922514173115,
      10.330351290649004,
      3.640291004018924,
      2.4773210918285162,
      5.535642349307092,
      1.9186858195214178,
      3.2966181850126155,
      3.52223011421243,
      0.5625877366154323,
      1.9025328564783013,
      0.5664004480327945,
      4.7321782657758655,
      -1.114354633355301,
      4.153213215617343,
      6.258807856623034,
      3.9197251652427347,
      1.8499173045729531,
      8.503863375722464,
      3.388379713042443,
      3.0873791154251364,
      11.339047696320984,
      3.3918357315876677,
      6.856818539583343,
      5.772530816699579,
      2.308015984838127,
      8.438531137558842,
      3.0144622791359517,
      2.940505905865899,
      8.314212513839943,
      2.227203322016249,
      0.7106714696248869,
      1.0346925772325928,
      2.7129882367017886,
      0.762627789670656,
      0.41202471735104657,
      6.790714911814948,
      16.308440933599638,
      2.248392440270138,
      13.858275018526674,
      4.656988995463394,
      3.832314793287296,
      3.36902338553365,
      1.19057601550827,
      1.8875370253540844,
      2.1804189015956887,
      2.6539033410487334,
      7.5974975550776245,
      1.0150276405048688,
      0.36041466406840234,
      3.2999895959066037,
      1.8034836838967898,
      1.6911515200631666,
      2.731602352498094,
      14.443887699592011,
      7.169621449190134,
      10.566466890285092
    ]
  }
}