{
  "name": "t3_svr",
  "results": {
    "C0.1_gscale": 0.2750276683707171,
    "C0.1_g0.01": 0.2724113925808305,
    "C0.1_g0.001": 0.27427272356473853,
    "C1.0_gscale": 0.2930165529983606,
    "C1.0_g0.01": 0.2802198281786412,
    "C1.0_g0.001": 0.296458822833367,
    "C10.0_gscale": 0.2840590081385801,
    "C10.0_g0.01": 0.28670558563481124,
    "C10.0_g0.001": 0.296893857788331
  },
  "best": {
    "C10.0_g0.001": 0.296893857788331
  },
  "delta_vs_iter47": -0.08150614221166902
}