{
  "name": "lockbox_t1_slotA2_stacked_correction",
  "created_at_utc": "20260515T082304Z",
  "preregistration": "results/preregistration_t1_ceiling_push_20260515_master.json",
  "slot": "slot_A2_stacked_correction",
  "formula_sha256": "c84dd8773d1ad6678cc602b9195f2b8670c7231cfbc181cca22291ef01a26c88",
  "feature_cache": "results/cache_stepfunction_spd_klc_crqa_mfdfa_ph_20260515T072624Z.csv",
  "oof_npz": "results/t1_iter34_per_item_oof_20260511_044242.npz",
  "n": 92,
  "baseline_iter34": {
    "n": 92,
    "ccc": 0.717,
    "cal_slope": 0.8151,
    "mae": 1.7356,
    "r": 0.7223,
    "pred_mean": 4.058,
    "pred_std": 3.106,
    "true_mean": 4.033,
    "true_std": 2.752,
    "label": "iter34_baseline"
  },
  "corrected_slotA2": {
    "n": 92,
    "ccc": 0.702,
    "cal_slope": 0.8185,
    "mae": 1.7913,
    "r": 0.7092,
    "pred_mean": 4.03,
    "pred_std": 3.176,
    "true_mean": 4.033,
    "true_std": 2.752,
    "label": "slotA2_corrected"
  },
  "delta_ccc": -0.015000000000000013,
  "bootstrap": {
    "delta_median": -0.01505989618550263,
    "delta_ci_lower": -0.03380032119415049,
    "delta_ci_upper": 0.0017184713457424796,
    "frac_positive": 0.0345,
    "n_boot": 2000
  },
  "fwer_gate_bonferroni_n4_alpha_0125": "FAIL",
  "fwer_gate_uncorrected_alpha_05": "FAIL",
  "null_gate": {},
  "meta_kind_dist": {
    "nnls": 20,
    "ridge": 72
  },
  "items_used": [
    10,
    13,
    14
  ],
  "fold_meta_summary": {
    "n_folds": 92,
    "mean_correction": -0.02799698569366333,
    "std_correction": 0.39592698185096914
  }
}
