{
  "name": "lockbox_t1_X2b_intercept_only_shift",
  "created_at_utc": "20260516T072944Z",
  "preregistration": "results/preregistration_t1_post_closure_X_series_20260516.json (X2b = X2 fix, intercept-only)",
  "null_mode": "real",
  "sanity_y_nan": false,
  "formula_sha256": "fda51f6ba24da34cd6d50305b22cc3a3260056047bd019506058539e2702ffa9",
  "fix_motivation": "X2 had \u0394_CCC=-0.051 but \u0394_MAE=-0.17 + D4_corr=+0.47. Slope=1 constraint preserves scale.",
  "duration_threshold_yr": 7.0,
  "stratum_info": {
    "n_intercepts_long": 92,
    "n_intercepts_short": 92,
    "n_intercepts_full": 0,
    "mean_intercept_long": -0.021955788550214694,
    "mean_intercept_short": -0.028578007886661056
  },
  "n_cohort": 92,
  "baselines": {
    "loocv_ccc_iter34": 0.7170378403014925,
    "loocv_mae_iter34": 1.7356018162374585,
    "loocv_pearson_iter34": 0.7223066495976541
  },
  "corrected": {
    "loocv_ccc": 0.707020925723511,
    "loocv_mae": 1.7767497049505285,
    "loocv_pearson": 0.7129246672413916,
    "delta_ccc": -0.010016914577981484,
    "delta_mae": 0.04114788871307007,
    "delta_pearson_r": -0.00938198235626253
  },
  "bootstrap_seed_A": {
    "median": -0.010135589922633914,
    "ci95": [
      -0.014577263067385932,
      -0.007105902721953746
    ],
    "frac_pos": 0.0
  },
  "bootstrap_seed_B": {
    "median": -0.010053500817295058,
    "ci95": [
      -0.014739577054584724,
      -0.007028680269813745
    ],
    "frac_pos": 0.0
  },
  "d4_audit": {
    "corr_correction_T1_sum_residual": -0.9954686785003397
  },
  "verdict_provisional": "VARIANCE_COMPRESSION_MIRAGE_LIKELY"
}