{
  "name": "t3_gb_paired_bootstrap",
  "ccc_gb_full": 0.4515898961717821,
  "ccc_gb_common": 0.4515898961717821,
  "ccc_iter47_common": 0.3783671177953899,
  "delta_raw": 0.07322277837639218,
  "n_common": 95,
  "per_seed_ccc": [
    0.44220402349917337,
    0.4604535450698351,
    0.4436270614302729
  ],
  "bootstrap": {
    "mean": 0.07636786510325812,
    "ci_low": -0.010743880359762887,
    "ci_high": 0.1801065199020006,
    "frac_gt_zero": 0.9549,
    "frac_above_mcid": 0.862
  },
  "sign_flip_p": 0.1045
}