{
  "name": "lockbox_t1_slotB_evening_self_norm_recovery",
  "created_at_utc": "20260515T190214Z",
  "preregistration_master": "results/preregistration_t1_ceiling_push_20260515_evening_master.json",
  "preregistration_amendment": "results/preregistration_t1_ceiling_push_20260515_evening_amendment_01.json",
  "session": "2026-05-15-evening-glass-ceiling-push-slotB-self-norm-recovery",
  "null_mode": "sid_shuffle",
  "sanity_y_nan": false,
  "formula_sha256": "84dddc8ac60ccfbf5344dbb748db6b187e14fc01bd548351b24802efa41b7f01",
  "n_cohort": 92,
  "n_features_selfnorm": 30,
  "alpha_grid": [
    10.0,
    30.0,
    100.0,
    300.0,
    1000.0
  ],
  "lambda_fixed": 1.0,
  "n_bootstrap": 5000,
  "primary_gate": {
    "rule": "replicated-uncorrected \u03b1=0.05 + MCID +0.005 + BH-FDR q<=0.10",
    "mcid": 0.005,
    "frac_pos_gate": 0.95
  },
  "baselines": {
    "loocv_ccc_t1_sum": 0.7170378403014925,
    "loocv_ccc_item13": 0.06743656916202519,
    "loocv_mae_t1_sum": 1.7356018162374585,
    "loocv_pearson_t1_sum": 0.7223066495976541
  },
  "seed_set_A": {
    "label": "seed_set_A",
    "loocv_ccc_t1_sum_baseline": 0.7170378403014925,
    "loocv_ccc_t1_sum_corrected": 0.7154043186604103,
    "delta_ccc_t1_sum": -0.001633521641082214,
    "delta_pearson_r_t1_sum": -0.0015915429748351029,
    "delta_mae_t1_sum": 0.006031243967528299,
    "loocv_ccc_item13_baseline": 0.06743656916202519,
    "loocv_ccc_item13_corrected": 0.032416451440850196,
    "delta_ccc_item13": -0.03502011772117499,
    "bootstrap_t1_sum": {
      "median": -0.0016624188659912775,
      "ci95": [
        -0.004947973382858031,
        0.0011396268595602512
      ],
      "frac_pos": 0.124
    },
    "bootstrap_item13": {
      "median": -0.03336433717464287,
      "ci95": [
        -0.06575184063110134,
        -0.008749039022727383
      ],
      "frac_pos": 0.0028
    }
  },
  "seed_set_B": {
    "label": "seed_set_B",
    "loocv_ccc_t1_sum_baseline": 0.7170378403014925,
    "loocv_ccc_t1_sum_corrected": 0.7153876646002629,
    "delta_ccc_t1_sum": -0.0016501757012296059,
    "delta_pearson_r_t1_sum": -0.0016367486051458435,
    "delta_mae_t1_sum": 0.005637124782541303,
    "loocv_ccc_item13_baseline": 0.06743656916202519,
    "loocv_ccc_item13_corrected": 0.030886840415267396,
    "delta_ccc_item13": -0.03654972874675779,
    "bootstrap_t1_sum": {
      "median": -0.001693109615946764,
      "ci95": [
        -0.004863669265224993,
        0.0011057057043494841
      ],
      "frac_pos": 0.1196
    },
    "bootstrap_item13": {
      "median": -0.03541636898587834,
      "ci95": [
        -0.06465997145496151,
        -0.010047503382370947
      ],
      "frac_pos": 0.0024
    }
  },
  "d4_audit_avg_seeds": {
    "delta_pearson_r_avg": -0.0016117662796425458,
    "delta_mae_avg": 0.00570477141572634,
    "corr_correction_T1_sum_residual": -0.10908823699108751,
    "corr_correction_item13_residual": -0.29368286954394623
  },
  "fivefold_screen": {
    "per_seed_deltas": [
      -0.0002807720452822071,
      -0.0002807720452822071,
      -0.00043139691952021053
    ],
    "mean_delta": -0.0003309803366948749,
    "seed_std": 7.100524665937541e-05,
    "promotion_gate_mean": 0.025,
    "promotion_gate_std": 0.02,
    "passes_promotion": false
  },
  "verdict_provisional": "VARIANCE_COMPRESSION_MIRAGE_LIKELY (\u0394MAE>0 & corr(c,sum_resid)<0)"
}