{
  "name": "t1_q34_focused",
  "delta_full": -0.0024412129476742983,
  "delta_q34": -0.03542187366508409
}