{
  "name": "lockbox_t1_slotE_blend_inner_cv",
  "created_at_utc": "20260515T084743Z",
  "preregistration": "results/preregistration_t1_ceiling_push_20260515_master.json",
  "slot": "slot_E_blend_inner_cv_post_scale_mismatch",
  "rationale": "Discovery: iter34 t1_sum_pred and sum-of-per-item-preds differ by std=1.94 (different chains). Linear blend with inner-CV weight selection from W_GRID=(0,0.2,0.4,0.5,0.6,0.7,0.8,1.0) yields step-function lift. Leakage-clean.",
  "W_GRID": [
    0.0,
    0.2,
    0.4,
    0.5,
    0.6,
    0.7,
    0.8,
    1.0
  ],
  "INNER_NFOLDS": 5,
  "n": 92,
  "baseline_iter34_ccc": 0.7170378403014925,
  "p2_4items_ccc": 0.6605456439166324,
  "p2_i13only_ccc": 0.6397191298833784,
  "E1_4item_blend": {
    "ccc": 0.7384170697666737,
    "delta": 0.021379229465181115,
    "bootstrap": {
      "med": 0.023307881088050764,
      "ci_lo": -0.014005369190970432,
      "ci_hi": 0.05858953005236766,
      "fp": 0.8675
    },
    "w_star_distribution": {
      "0.0": 0,
      "0.2": 0,
      "0.4": 0,
      "0.5": 1,
      "0.6": 91,
      "0.7": 0,
      "0.8": 0,
      "1.0": 0
    },
    "fwer_bonferroni_n4": "FAIL"
  },
  "E2_i13only_blend": {
    "ccc": 0.735703060455899,
    "delta": 0.018665220154406414,
    "bootstrap": {
      "med": 0.020570214149306987,
      "ci_lo": -0.018328249063661407,
      "ci_hi": 0.05725342942848467,
      "fp": 0.8255
    },
    "w_star_distribution": {
      "0.0": 0,
      "0.2": 0,
      "0.4": 0,
      "0.5": 1,
      "0.6": 90,
      "0.7": 1,
      "0.8": 0,
      "1.0": 0
    },
    "fwer_bonferroni_n4": "FAIL"
  }
}
