{
  "name": "t1_wildcard_a_per_task_specialist",
  "created_at_utc": "2026-05-12T21:11:24.433232+00:00",
  "mode": "loocv",
  "seeds": [
    42
  ],
  "n": 92,
  "metrics_pooled_new": {
    "n": 92,
    "ccc": 0.5526,
    "cal_slope": 0.7628,
    "mae": 1.8977,
    "r": 0.5761,
    "pred_mean": 4.271,
    "pred_std": 3.644,
    "true_mean": 4.033,
    "true_std": 2.752,
    "label": "t1_wildcard_a_pooled"
  },
  "metrics_pooled_baseline": {
    "n": 92,
    "ccc": 0.717,
    "cal_slope": 0.8151,
    "mae": 1.7356,
    "r": 0.7223,
    "pred_mean": 4.058,
    "pred_std": 3.106,
    "true_mean": 4.033,
    "true_std": 2.752,
    "label": "t1_iter34_baseline_recomp"
  },
  "delta_ccc_pooled": -0.1644,
  "per_seed_ccc": [
    0.5526
  ],
  "per_seed_delta": [
    -0.1644
  ],
  "seed_delta_mean": -0.1644,
  "seed_delta_std": 0.0,
  "paired_bootstrap": {
    "n_boot": 5000,
    "mean_delta": -0.1383,
    "ci_low": -0.3865,
    "ci_high": 0.0289,
    "frac_gt_zero": 0.262,
    "bonferroni_n2_threshold": 0.975,
    "bonferroni_n2_cleared": false
  },
  "sign_flip_perm": {
    "n_perms": 10000,
    "obs_delta_mse": -4.482571,
    "p_value": 0.5649,
    "bonferroni_n2_threshold": 0.025,
    "bonferroni_n2_cleared": false
  },
  "spec_weights_mean_across_folds_and_seeds": [
    0.5065564480674536,
    -0.10766434989256911,
    0.15360894057973123,
    -0.03074915892733012,
    -0.006654951617032579
  ],
  "task_order": [
    "Balance",
    "HurriedPace",
    "SelfPace",
    "TUG",
    "TandemGait"
  ],
  "kill_criteria": {
    "seed_std_threshold": 0.025,
    "seed_std_violated": false,
    "delta_threshold": 0.025,
    "delta_violated": true
  },
  "verdict": "FAIL",
  "iter34_path": "/home/fiod/medical/results/t1_iter34_per_item_oof_20260511_044242.npz",
  "gsp_path": "/home/fiod/medical/results/v3_gsp_features.csv",
  "per_seed_results": [
    {
      "seed": 42,
      "n": 92,
      "t1_baseline_ccc": 0.717,
      "t1_new_ccc": 0.5526,
      "delta_ccc": -0.1644,
      "t1_new_mae": 1.8977,
      "t1_baseline_mae": 1.7356,
      "spec_weights_mean": [
        0.5065564480674536,
        -0.10766434989256911,
        0.15360894057973123,
        -0.03074915892733012,
        -0.006654951617032579
      ],
      "spec_weights_std": [
        0.10987954815699989,
        0.055393801241261864,
        0.16886742772430216,
        0.1653670401330218,
        0.1753881780298853
      ],
      "frac_meta_neg_weight": 1.0,
      "residual_correction_mean": 2.2741670723375247,
      "residual_correction_std": 21.999285888255717
    }
  ],
  "pooled_new_pred": [
    4.186438249180881,
    8.455924094436194,
    5.918529810020231,
    24.0,
    5.893595171994496,
    5.069860973322086,
    2.5835492215923757,
    4.484894308545373,
    6.7108033265734255,
    2.7830890647586815,
    1.0304786298681172,
    1.881792318284932,
    5.6544112534387505,
    0.0,
    2.2806116756697685,
    4.476447241040952,
    3.1439737415566995,
    1.948393504204776,
    2.236924977525213,
    4.588839969227487,
    1.1022518802896504,
    2.3198507504314647,
    5.981091320928204,
    2.016693345846438,
    1.536789985123674,
    4.954412377116732,
    3.1763509130347836,
    5.693208701297916,
    3.5425318388264944,
    1.3247516397340637,
    4.989439870516005,
    1.871515184049203,
    6.167623319197334,
    6.714195528704195,
    3.0959025339152637,
    2.9698775466573024,
    0.1422005195883367,
    9.78003214574389,
    3.2889999025876655,
    3.172475072829306,
    5.981373961993602,
    1.055422445369262,
    3.9063239919226396,
    3.9496733195829368,
    0.9378860001690972,
    2.261214691102553,
    1.4352784879657232,
    4.182519570177527,
    0.0,
    3.827484553516843,
    2.9508504829986224,
    4.744768199953874,
    1.8713870958999994,
    7.922029722193072,
    3.120641921711259,
    3.8128768605620054,
    10.880975507533464,
    3.599447668080061,
    4.7902408139135915,
    5.556586871984734,
    2.736711508053809,
    8.286722705935068,
    3.358936447823186,
    3.592589020146198,
    8.329085109315592,
    2.13953640638064,
    1.2028045061412846,
    1.551456703330696,
    3.0586501992623636,
    0.9140844440777394,
    0.7342788244966669,
    6.971570573720383,
    15.767022015307461,
    2.4739778040851057,
    13.085640719053812,
    3.1567587122476257,
    3.859235326733143,
    3.2000054335314183,
    1.563341676990584,
    1.8312787191800854,
    1.856024454614049,
    3.6517058378564236,
    7.43536332695556,
    1.295635597828102,
    0.5622261213981175,
    3.6247595142109192,
    1.851981552988876,
    1.4631410389517026,
    3.5346951640180193,
    13.613645047012058,
    7.652743261266115,
    10.660586431081473
  ],
  "pooled_baseline_pred": [
    4.025412326303354,
    9.096018575787012,
    5.554488245644539,
    1.8364209240701215,
    5.899899414097539,
    5.139141114758982,
    1.666533864790307,
    6.915195765367709,
    6.596031294766308,
    2.295522289489013,
    1.2558649324029718,
    1.2792128193362076,
    6.880814838662624,
    -0.14112060475915333,
    2.2635644692764134,
    4.281895725364751,
    1.929447417251163,
    2.691617996175101,
    1.941316503736245,
    4.575005787118154,
    0.9039569697454543,
    2.134263979999791,
    5.374889736983607,
    2.3608454069593336,
    1.3441614991669324,
    5.106542504477855,
    2.4664496199434205,
    5.879962234356646,
    3.332442446838506,
    1.7619587746253587,
    5.094970727294942,
    1.565771853948668,
    6.619877332950634,
    6.499289457656599,
    3.6737469292025993,
    2.6489987811196,
    0.2774204962041848,
    10.2259348051756,
    3.177047050346502,
    2.8241730235704607,
    6.417090082013183,
    1.795603652008391,
    3.412200199591626,
    3.5192701926640666,
    0.9530350188764026,
    1.9842063749129928,
    1.059117879969375,
    4.300929469814182,
    -0.5340227873535425,
    4.562961133372251,
    5.996291837682915,
    4.768205365388941,
    1.9404881028634733,
    8.213971382791556,
    3.287597114857041,
    3.457114905171968,
    10.808973898938739,
    3.54101557989395,
    4.7035105018530565,
    5.5084020781199925,
    2.7426665864794657,
    8.212474028194224,
    3.3826609349338175,
    3.5652644892893384,
    7.733744278392006,
    1.8518004340681273,
    1.173313280994515,
    1.3656487237493398,
    3.032034927644999,
    1.180801006771283,
    0.6547408303647315,
    7.066787356289704,
    15.85586939364903,
    2.579303291959946,
    13.385458363707203,
    3.760772602474244,
    3.747218691785267,
    3.1197597554361565,
    1.5116560381260797,
    1.8566944138636368,
    1.8517791661715182,
    3.5153689688688226,
    7.535982863013452,
    1.102054008870158,
    0.653871909804247,
    3.2616503728580724,
    1.8156601489529585,
    1.3811613524095083,
    3.4238573633534295,
    13.753093004963276,
    7.649663984248851,
    10.630926092762936
  ],
  "y_true": [
    4.0,
    5.0,
    2.0,
    3.0,
    3.0,
    3.0,
    4.0,
    2.0,
    9.0,
    2.0,
    3.0,
    4.0,
    7.0,
    1.0,
    1.0,
    0.0,
    5.0,
    5.0,
    2.0,
    7.0,
    3.0,
    3.0,
    4.0,
    1.0,
    6.0,
    4.0,
    5.0,
    10.0,
    0.0,
    3.0,
    3.0,
    2.0,
    4.0,
    7.0,
    3.0,
    3.0,
    0.0,
    7.0,
    6.0,
    3.0,
    5.0,
    1.0,
    2.0,
    3.0,
    1.0,
    3.0,
    2.0,
    4.0,
    1.0,
    1.0,
    5.0,
    9.0,
    2.0,
    8.0,
    4.0,
    2.0,
    12.0,
    4.0,
    4.0,
    7.0,
    5.0,
    7.0,
    4.0,
    0.0,
    5.0,
    2.0,
    0.0,
    1.0,
    6.0,
    4.0,
    0.0,
    4.0,
    11.0,
    5.0,
    9.0,
    8.0,
    5.0,
    3.0,
    1.0,
    3.0,
    2.0,
    5.0,
    5.0,
    2.0,
    3.0,
    3.0,
    3.0,
    4.0,
    4.0,
    14.0,
    8.0,
    6.0
  ],