{
  "n": 94,
  "ccc": 0.7087,
  "cal_slope": 0.8852,
  "mae": 1.9329,
  "r": 0.7233,
  "pred_mean": 4.172,
  "pred_std": 3.445,
  "true_mean": 4.106,
  "true_std": 2.815,
  "label": "t1_iter30b_V1_random",
  "variant": "V1_random",
  "preregistration_file": "preregistration_t1_iter30b_V1_random_20260505_201626.json",
  "is_lockbox_headline": true,
  "n_seeds": 3,
  "per_seed": [
    {
      "seed": 42,
      "ccc_mt": 0.7098650365460838,
      "ccc_i5": 0.6698051870162252,
      "delta": 0.04005984952985864,
      "wall": 1177.0559000968933
    },
    {
      "seed": 1337,
      "ccc_mt": 0.7064521677868,
      "ccc_i5": 0.6602247185261636,
      "delta": 0.04622744926063638,
      "wall": 1061.7640271186829
    },
    {
      "seed": 7,
      "ccc_mt": 0.7085731341176622,
      "ccc_i5": 0.6688256803817754,
      "delta": 0.03974745373588684,
      "wall": 1032.5913417339325
    }
  ],
  "ccc_iter5_direct_loocv_baseline": 0.6709,
  "delta_vs_iter5_direct": 0.0378,
  "bootstrap_delta_vs_iter5": {
    "n_boot": 5000,
    "delta_mean": 0.039592692833093274,
    "delta_ci_low": -0.02921456185105724,
    "delta_ci_high": 0.11908383952478496,
    "frac_above_zero": 0.8518,
    "frac_above_0.025": 0.63
  },
  "bootstrap_delta_vs_iter12_honest": null,
  "is_canonical_update": false,
  "per_subject": {
    "sids": [
      "NLS142",
      "NLS179",
      "NLS146",
      "NLS157",
      "NLS130",
      "NLS175",
      "WPD022",
      "NLS121",
      "NLS150",
      "WPD020",
      "NLS197",
      "NLS184",
      "NLS036",
      "NLS143",
      "NLS102",
      "NLS183",
      "NLS192",
      "WPD018",
      "WPD002",
      "NLS163",
      "NLS189",
      "NLS144",
      "WPD024",
      "WPD012",
      "WPD010",
      "NLS176",
      "NLS160",
      "NLS135",
      "NLS190",
      "NLS069",
      "WPD023",
      "WPD005",
      "NLS198",
      "WPD027",
      "NLS149",
      "NLS185",
      "NLS172",
      "NLS164",
      "NLS182",
      "WPD025",
      "WPD003",
      "NLS170",
      "NLS127",
      "WPD015",
      "NLS167",
      "NLS186",
      "WPD016",
      "NLS169",
      "NLS035",
      "NLS153",
      "WPD021",
      "NLS155",
      "NLS166",
      "NLS191",
      "WPD004",
      "WPD009",
      "WPD029",
      "NLS211",
      "NLS201",
      "NLS152",
      "NLS174",
      "NLS165",
      "NLS148",
      "NLS161",
      "NLS159",
      "WPD019",
      "NLS208",
      "WPD026",
      "NLS154",
      "NLS173",
      "WPD006",
      "NLS177",
      "WPD008",
      "NLS101",
      "NLS033",
      "NLS022",
      "NLS124",
      "NLS056",
      "NLS209",
      "NLS162",
      "NLS195",
      "NLS139",
      "NLS002",
      "NLS210",
      "NLS141",
      "WPD007",
      "WPD001",
      "NLS147",
      "WPD011",
      "WPD014",
      "NLS158",
      "NLS196",
      "NLS140",
      "NLS187"
    ],
    "y_true": [
      4.0,
      5.0,
      2.0,
      3.0,
      3.0,
      3.0,
      4.0,
      2.0,
      9.0,
      2.0,
      3.0,
      4.0,
      11.0,
      7.0,
      1.0,
      1.0,
      0.0,
      5.0,
      4.0,
      5.0,
      2.0,
      7.0,
      3.0,
      3.0,
      4.0,
      1.0,
      6.0,
      4.0,
      5.0,
      10.0,
      0.0,
      3.0,
      3.0,
      2.0,
      4.0,
      7.0,
      3.0,
      3.0,
      0.0,
      7.0,
      6.0,
      3.0,
      5.0,
      1.0,
      2.0,
      3.0,
      1.0,
      3.0,
      2.0,
      4.0,
      1.0,
      1.0,
      5.0,
      9.0,
      2.0,
      8.0,
      4.0,
      2.0,
      12.0,
      4.0,
      4.0,
      7.0,
      5.0,
      7.0,
      4.0,
      0.0,
      5.0,
      2.0,
      0.0,
      1.0,
      6.0,
      4.0,
      0.0,
      4.0,
      11.0,
      5.0,
      9.0,
      8.0,
      5.0,
      3.0,
      1.0,
      3.0,
      2.0,
      5.0,
      5.0,
      2.0,
      3.0,
      3.0,
      3.0,
      4.0,
      4.0,
      14.0,
      8.0,
      6.0
    ],
    "y_pred": [
      4.004607209260686,
      9.18477133531456,
      5.711422471531768,
      2.2085041946866992,
      6.404439453397019,
      4.710309404740057,
      2.6170731179537547,
      6.906847563764263,
      6.875480377489789,
      2.5027933548466073,
      1.7362564333318122,
      1.8337298021069757,
      7.172234953255263,
      10.134082369204654,
      -0.3872941668812855,
      2.0332545476014965,
      4.28621052055878,
      2.1500249685201482,
      1.8963999858985563,
      2.6403315820146385,
      1.3049872497042285,
      4.85950656582697,
      0.42435157371402016,
      1.1502897710482933,
      5.843843158407739,
      1.1463508810104839,
      1.7551192394328379,
      5.417418177498576,
      2.5315206326095576,
      7.004702439826976,
      3.388814758974885,
      1.5426145525916122,
      5.082014123417403,
      1.8711021972498127,
      6.515033724163801,
      5.878116956386293,
      3.67897338905019,
      2.4787563417374407,
      0.033101744771374175,
      11.003029318339458,
      3.8489431550680115,
      2.607370321371777,
      7.285157704885269,
      1.7977858935676434,
      4.171229956680153,
      4.722278439723609,
      0.7146553617459723,
      1.633844605844032,
      0.8989707436440906,
      6.07975246285023,
      -1.7139081823906288,
      3.156885516292226,
      5.711668654852699,
      3.748678259697924,
      1.8613484272650325,
      7.533169268881831,
      2.939941182916072,
      2.496363880389313,
      11.110471634636596,
      2.8698418717949608,
      8.265157951724596,
      6.670242980431535,
      1.944359202475514,
      10.237485465506575,
      2.8210889694164827,
      2.7458977670458222,
      10.175126672679419,
      1.9180932168743021,
      0.5894008512733695,
      1.1777576769095888,
      3.153713832433142,
      0.5674120844698821,
      -0.1885370969511738,
      6.709362452872718,
      16.10837137793121,
      2.731583559632527,
      13.720396437619499,
      3.490590243308876,
      2.7868792397017845,
      2.857858681847503,
      1.0225330961787078,
      1.3720430157586267,
      1.8434836857815038,
      2.8062229034840005,
      7.101469137013943,
      1.8102190984342517,
      1.6974695454104836,
      4.147142410816059,
      1.2843213574444114,
      1.334059109776897,
      3.7349543492495374,
      15.077258097760462,
      8.724886292826652,
      10.711942162227794
    ]
  }
}