{
  "name": "t3_knn",
  "results": {
    "3": 0.3164074354920215,
    "5": 0.3466325660019489,
    "10": 0.3527573904738051,
    "15": 0.3602253244817892,
    "20": 0.35876123743871136
  },
  "best_k": 15,
  "best_ccc": 0.3602253244817892,
  "delta_vs_iter47": -0.018174675518210837
}