{
  "n": 94,
  "ccc": 0.7084,
  "cal_slope": 0.886,
  "mae": 1.934,
  "r": 0.7232,
  "pred_mean": 4.167,
  "pred_std": 3.449,
  "true_mean": 4.106,
  "true_std": 2.815,
  "label": "t1_iter32_ensemble",
  "preregistration_file": "preregistration_t1_iter32_ensemble_20260506_041228.json",
  "is_lockbox_headline": true,
  "n_seeds": 3,
  "per_seed": [
    {
      "seed": 42,
      "ccc_mt": 0.7088833884716627,
      "ccc_i5": 0.6698051870162252,
      "delta": 0.0390782014554375,
      "wall": 169.8635334968567
    },
    {
      "seed": 1337,
      "ccc_mt": 0.7077442088449177,
      "ccc_i5": 0.6602247185261636,
      "delta": 0.04751949031875413,
      "wall": 169.901038646698
    },
    {
      "seed": 7,
      "ccc_mt": 0.7084551128530229,
      "ccc_i5": 0.6688256803817754,
      "delta": 0.039629432471247505,
      "wall": 170.00132751464844
    }
  ],
  "ccc_iter5_direct_loocv_baseline": 0.6709,
  "delta_vs_iter5_direct": 0.0375,
  "bootstrap_delta_vs_iter5": {
    "n_boot": 5000,
    "delta_mean": 0.03932564538802785,
    "delta_ci_low": -0.029288701277519383,
    "delta_ci_high": 0.11867156556831503,
    "frac_above_zero": 0.8516,
    "frac_above_0.025": 0.6282
  },
  "bootstrap_delta_vs_iter12_honest": null,
  "bootstrap_delta_vs_iter30b_v1_random": {
    "ccc_v1_lockbox": 0.7087,
    "delta_mean": -0.0002617614094231671,
    "delta_ci_low": -0.0014057088391062316,
    "delta_ci_high": 0.0009195368283549086,
    "frac_above_zero": 0.3182
  },
  "is_canonical_update": false,
  "per_subject": {
    "sids": [
      "NLS142",
      "NLS179",
      "NLS146",
      "NLS157",
      "NLS130",
      "NLS175",
      "WPD022",
      "NLS121",
      "NLS150",
      "WPD020",
      "NLS197",
      "NLS184",
      "NLS036",
      "NLS143",
      "NLS102",
      "NLS183",
      "NLS192",
      "WPD018",
      "WPD002",
      "NLS163",
      "NLS189",
      "NLS144",
      "WPD024",
      "WPD012",
      "WPD010",
      "NLS176",
      "NLS160",
      "NLS135",
      "NLS190",
      "NLS069",
      "WPD023",
      "WPD005",
      "NLS198",
      "WPD027",
      "NLS149",
      "NLS185",
      "NLS172",
      "NLS164",
      "NLS182",
      "WPD025",
      "WPD003",
      "NLS170",
      "NLS127",
      "WPD015",
      "NLS167",
      "NLS186",
      "WPD016",
      "NLS169",
      "NLS035",
      "NLS153",
      "WPD021",
      "NLS155",
      "NLS166",
      "NLS191",
      "WPD004",
      "WPD009",
      "WPD029",
      "NLS211",
      "NLS201",
      "NLS152",
      "NLS174",
      "NLS165",
      "NLS148",
      "NLS161",
      "NLS159",
      "WPD019",
      "NLS208",
      "WPD026",
      "NLS154",
      "NLS173",
      "WPD006",
      "NLS177",
      "WPD008",
      "NLS101",
      "NLS033",
      "NLS022",
      "NLS124",
      "NLS056",
      "NLS209",
      "NLS162",
      "NLS195",
      "NLS139",
      "NLS002",
      "NLS210",
      "NLS141",
      "WPD007",
      "WPD001",
      "NLS147",
      "WPD011",
      "WPD014",
      "NLS158",
      "NLS196",
      "NLS140",
      "NLS187"
    ],
    "y_true": [
      4.0,
      5.0,
      2.0,
      3.0,
      3.0,
      3.0,
      4.0,
      2.0,
      9.0,
      2.0,
      3.0,
      4.0,
      11.0,
      7.0,
      1.0,
      1.0,
      0.0,
      5.0,
      4.0,
      5.0,
      2.0,
      7.0,
      3.0,
      3.0,
      4.0,
      1.0,
      6.0,
      4.0,
      5.0,
      10.0,
      0.0,
      3.0,
      3.0,
      2.0,
      4.0,
      7.0,
      3.0,
      3.0,
      0.0,
      7.0,
      6.0,
      3.0,
      5.0,
      1.0,
      2.0,
      3.0,
      1.0,
      3.0,
      2.0,
      4.0,
      1.0,
      1.0,
      5.0,
      9.0,
      2.0,
      8.0,
      4.0,
      2.0,
      12.0,
      4.0,
      4.0,
      7.0,
      5.0,
      7.0,
      4.0,
      0.0,
      5.0,
      2.0,
      0.0,
      1.0,
      6.0,
      4.0,
      0.0,
      4.0,
      11.0,
      5.0,
      9.0,
      8.0,
      5.0,
      3.0,
      1.0,
      3.0,
      2.0,
      5.0,
      5.0,
      2.0,
      3.0,
      3.0,
      3.0,
      4.0,
      4.0,
      14.0,
      8.0,
      6.0
    ],
    "y_pred": [
      4.004906801283419,
      9.154889904733812,
      5.742090642067716,
      2.1920713675307466,
      6.4120567881661215,
      4.68985447885201,
      2.6243792890736746,
      6.915663404569636,
      6.854408615323295,
      2.494654335223603,
      1.748833374258151,
      1.8314478040461706,
      7.182729588752937,
      10.144147154072003,
      -0.4279482246387311,
      2.027656883245139,
      4.322328164247553,
      2.1352437405297837,
      1.8999013754776668,
      2.6722619638792424,
      1.2625649391101117,
      4.815479387385531,
      0.4418771065186247,
      1.1302240793833649,
      5.8282874470300605,
      1.1475862643276946,
      1.7647910564022598,
      5.38930779233932,
      2.5079393085768733,
      7.026197780206478,
      3.3465108773353194,
      1.547599048957488,
      4.99962448550662,
      1.8861313421933155,
      6.534965486184098,
      5.950049393525494,
      3.635207470723001,
      2.488650069742729,
      0.03432774109656241,
      11.058104156392098,
      3.853545167305478,
      2.6149119944493724,
      7.25809979216469,
      1.7900631677337966,
      4.11440971155499,
      4.699853026503225,
      0.6805987556664598,
      1.6520006046873739,
      0.8936163276172672,
      6.050271778336289,
      -1.7202541412521404,
      3.1803326652390207,
      5.708581434547706,
      3.7055521235248032,
      1.869627743342204,
      7.547249737874691,
      2.9834605246860035,
      2.51712022418218,
      11.09852781766448,
      2.8283898746549667,
      8.26750386409374,
      6.650701000584497,
      1.9754458054177946,
      10.275292189979131,
      2.797532244478098,
      2.757259650176204,
      10.192983622390003,
      1.9195752520409828,
      0.6163158112305154,
      1.1874278218871661,
      3.1277808619589007,
      0.5494081592753258,
      -0.17154005924244142,
      6.650200487243052,
      16.14251021846013,
      2.6755468766311243,
      13.725396913957747,
      3.4750658859572674,
      2.7575912101789757,
      2.8293172027439506,
      1.0126573742698464,
      1.398989073438577,
      1.8016896293678617,
      2.763573282808789,
      7.051069281123547,
      1.8101766197890463,
      1.699482944952253,
      4.150422471216463,
      1.2839160458844017,
      1.334261718963095,
      3.7326966000486794,
      15.092930469651117,
      8.733127664320596,
      10.692151280043475
    ]
  }
}