{
  "preregistration_id": "peritem_7_hy_residual_item_insole_20260430_202002",
  "item": 7,
  "variant": "hy_residual_item",
  "eval": "loocv",
  "n_subjects": 94,
  "seeds": [
    42,
    1337,
    7
  ],
  "ccc_mean": 0.22150000000000003,
  "ccc_std": 0.014470199261470687,
  "mae_mean": 0.6996333333333333,
  "per_seed": [
    {
      "seed": 42,
      "n": 94,
      "ccc": 0.2403,
      "cal_slope": 0.1755,
      "mae": 0.6881,
      "r": 0.2586,
      "pred_mean": 1.69,
      "pred_std": 0.558,
      "true_mean": 1.702,
      "true_std": 0.823,
      "label": ""
    },
    {
      "seed": 1337,
      "n": 94,
      "ccc": 0.2191,
      "cal_slope": 0.1591,
      "mae": 0.7104,
      "r": 0.2372,
      "pred_mean": 1.66,
      "pred_std": 0.552,
      "true_mean": 1.702,
      "true_std": 0.823,
      "label": ""
    },
    {
      "seed": 7,
      "n": 94,
      "ccc": 0.2051,
      "cal_slope": 0.1468,
      "mae": 0.7004,
      "r": 0.2245,
      "pred_mean": 1.65,
      "pred_std": 0.538,
      "true_mean": 1.702,
      "true_std": 0.823,
      "label": ""
    }
  ],
  "oof_mean": [
    1.5367235170979257,
    2.369829466258208,
    1.1366749622962447,
    1.2143576562656866,
    2.499453125812185,
    1.467478615593297,
    1.2107574137101003,
    2.4494703604933314,
    2.119973143114063,
    1.539221176440089,
    1.5582000126708129,
    1.827139444319678,
    2.1047735466315927,
    2.2565291182909886,
    1.629444151238426,
    2.085873312419992,
    1.809800433179146,
    1.089335260032487,
    1.3694341984543128,
    1.505713795628336,
    1.8327255769015078,
    2.2078824611449632,
    1.091642102732154,
    1.1478867336762797,
    1.7405879505252784,
    1.2152643006539272,
    1.8383307220213576,
    2.4236063122217595,
    0.942200435214442,
    0.7956141853251247,
    1.1553608269068254,
    1.12001579578198,
    1.790522903573607,
    1.3135920388207225,
    2.5213855482447496,
    1.8697950227219993,
    1.0908169996897559,
    1.5540701315380456,
    1.0476484707104965,
    2.7132690099445065,
    0.9809613367151093,
    1.2005353696762175,
    2.6883533000094277,
    1.7044688481163297,
    1.7513826650793047,
    1.917607329198068,
    1.5136132971105216,
    1.3694026845225402,
    1.153559289626605,
    1.371412933760874,
    1.0238212278251952,
    1.5440288558882498,
    2.323366473377692,
    1.3181073519725002,
    1.003035429269729,
    2.6623909986288994,
    0.7872210035919732,
    1.4397981042255352,
    2.6735777328829573,
    1.7387879023165607,
    1.6340223764412976,
    1.4263089599773717,
    1.1360889128982332,
    2.3494440351001895,
    1.7477936087337398,
    0.7262231837882879,
    1.1319436329302661,
    1.4056641383585973,
    1.3084069546261847,
    1.5120369517354864,
    1.4679406046295327,
    1.145093110872329,
    1.8852154566978712,
    2.8438705248732,
    2.3065475281214782,
    2.202365010403746,
    2.5903337221623057,
    1.3312458997624488,
    1.8161680539425669,
    1.821536464583983,
    1.5550628369178174,
    1.7055182647803846,
    1.4727513898608715,
    1.566222505348703,
    2.8742014038583954,
    0.9643364260307431,
    1.4715879916243726,
    1.8214200805845764,
    1.1786199357382705,
    1.2647283602505117,
    1.6832418232859763,
    1.9039874663495648,
    2.021042807986094,
    3.0440238788103637
  ],
  "y_true": [
    1.0,
    3.0,
    3.0,
    2.0,
    2.0,
    2.0,
    1.0,
    1.0,
    3.0,
    1.0,
    2.0,
    1.0,
    2.0,
    3.0,
    2.0,
    2.0,
    1.0,
    1.0,
    0.0,
    2.0,
    1.0,
    2.0,
    2.0,
    1.0,
    2.0,
    2.0,
    1.0,
    3.0,
    2.0,
    1.0,
    1.0,
    1.0,
    2.0,
    1.0,
    2.0,
    3.0,
    2.0,
    2.0,
    2.0,
    2.0,
    1.0,
    2.0,
    0.0,
    0.0,
    2.0,
    1.0,
    0.0,
    1.0,
    2.0,
    3.0,
    2.0,
    1.0,
    1.0,
    2.0,
    2.0,
    2.0,
    1.0,
    2.0,
    3.0,
    2.0,
    3.0,
    3.0,
    1.0,
    3.0,
    3.0,
    1.0,
    1.0,
    2.0,
    2.0,
    2.0,
    0.0,
    1.0,
    1.0,
    1.0,
    2.0,
    2.0,
    3.0,
    2.0,
    2.0,
    2.0,
    1.0,
    2.0,
    2.0,
    2.0,
    3.0,
    1.0,
    0.0,
    1.0,
    2.0,
    1.0,
    1.0,
    3.0,
    3.0,
    1.0
  ],
  "null_tests": {
    "scrambled_label_ccc": 0.017860688147580742,
    "canary_feature_ccc": 0.37391945780250285,
    "sid_shuffle_insole_ccc": 0.35615322256452303
  },
  "wall_clock_s": 420.22460103034973
}