{
  "name": "t1_stride_gsp_combined",
  "delta": -0.006058677565048187,
  "baseline_ccc": 0.7170378403014925,
  "corrected_ccc": 0.7109791627364443
}