{
  "name": "t1_wildcard_a_per_task_specialist",
  "created_at_utc": "2026-05-12T21:09:09.830987+00:00",
  "mode": "loocv",
  "seeds": [
    42
  ],
  "n": 92,
  "metrics_pooled_new": {
    "n": 92,
    "ccc": -0.0008,
    "cal_slope": -3.0895,
    "mae": 27.1015,
    "r": -0.0348,
    "pred_mean": 29.678,
    "pred_std": 244.161,
    "true_mean": 4.033,
    "true_std": 2.752,
    "label": "t1_wildcard_a_pooled"
  },
  "metrics_pooled_baseline": {
    "n": 92,
    "ccc": 0.6187,
    "cal_slope": 0.4106,
    "mae": 1.5041,
    "r": 0.718,
    "pred_mean": 4.074,
    "pred_std": 1.574,
    "true_mean": 4.033,
    "true_std": 2.752,
    "label": "t1_iter34_baseline_recomp"
  },
  "delta_ccc_pooled": -0.6195,
  "per_seed_ccc": [
    -0.0008
  ],
  "per_seed_delta": [
    -0.6195
  ],
  "seed_delta_mean": -0.6195,
  "seed_delta_std": 0.0,
  "paired_bootstrap": {
    "n_boot": 5000,
    "mean_delta": -0.3861,
    "ci_low": -0.7143,
    "ci_high": 0.0016,
    "frac_gt_zero": 0.0352,
    "bonferroni_n2_threshold": 0.975,
    "bonferroni_n2_cleared": false
  },
  "sign_flip_perm": {
    "n_perms": 10000,
    "obs_delta_mse": -60322.908477,
    "p_value": 0.9196,
    "bonferroni_n2_threshold": 0.025,
    "bonferroni_n2_cleared": false
  },
  "spec_weights_mean_across_folds_and_seeds": [
    0.10150854903700098,
    -0.010356280046814647,
    -0.2108170220470508,
    0.06064200204039952,
    0.024890447178628417,
    0.5817610839041665
  ],
  "task_order": [
    "Balance",
    "HurriedPace",
    "SelfPace",
    "TUG",
    "TandemGait"
  ],
  "kill_criteria": {
    "seed_std_threshold": 0.025,
    "seed_std_violated": false,
    "delta_threshold": 0.025,
    "delta_violated": true
  },
  "verdict": "FAIL",
  "iter34_path": "/home/fiod/medical/results/t1_iter34_per_item_oof_20260511_044242.npz",
  "gsp_path": "/home/fiod/medical/results/v3_gsp_features.csv",
  "per_seed_results": [
    {
      "seed": 42,
      "n": 92,
      "t1_baseline_ccc": 0.6187,
      "t1_new_ccc": -0.0008,
      "delta_ccc": -0.6195,
      "t1_new_mae": 27.1015,
      "t1_baseline_mae": 1.5041,
      "spec_weights_mean": [
        0.10150854903700098,
        -0.010356280046814647,
        -0.2108170220470508,
        0.06064200204039952,
        0.024890447178628417,
        0.5817610839041665
      ],
      "spec_weights_std": [
        0.039732483406713974,
        0.0049617025318081966,
        0.055655739936583584,
        0.04981819914427618,
        0.10132032174581478,
        0.02198761992936908
      ],
      "frac_meta_neg_weight": 1.0
    }
  ],
  "pooled_new_pred": [
    3.626414064230869,
    4.2626530512119825,
    4.492952064079589,
    2358.780578306402,
    4.385376416720439,
    5.600416905606004,
    2.786870323147974,
    4.935146508852165,
    6.14275737962361,
    2.712039188280173,
    2.121312770362177,
    2.7361820562905352,
    5.354821609534154,
    2.7379921286473743,
    2.287391069439446,
    4.765474072979127,
    3.107473199365121,
    4.394770201323056,
    3.762878055906042,
    4.327591362032686,
    3.2174157627016036,
    3.349252742504967,
    4.555250456290443,
    3.7436102764037895,
    2.326152680654393,
    3.1459821577094966,
    2.8058386783596445,
    7.462185506513512,
    4.004443735051341,
    2.9341733030946116,
    5.448581078154839,
    2.6618745033993667,
    4.233554122895282,
    4.77124003568204,
    3.39472731056284,
    3.1760411114521427,
    2.54528435364132,
    6.5611896198174495,
    4.255152414586836,
    3.4228368776330385,
    5.4903349278095614,
    2.4177448993342487,
    3.7717183751058716,
    4.064769891311036,
    3.5726472819912027,
    2.7424841564315026,
    2.5211181224006345,
    4.137206886320339,
    2.3992900396370223,
    5.104704100896646,
    4.846203897301366,
    4.319755911869631,
    2.869684564323477,
    8.681215835222375,
    4.009094142891339,
    3.7249828445840176,
    8.380983871211685,
    4.058901368212223,
    4.6017911496685855,
    3.966387235734218,
    4.2320273426439865,
    6.10420950895316,
    3.9991813747200244,
    2.6444861252196565,
    6.767498080477021,
    2.8865194022318286,
    3.7640580611926553,
    2.2043359440827306,
    4.170733160366591,
    3.0591832530525913,
    2.8819899651031387,
    4.779716331801238,
    9.58773073457794,
    2.650163531423285,
    8.415918851434812,
    6.348370649818118,
    3.8685793191048665,
    3.1864669632644307,
    2.858382801352061,
    3.0082800258388813,
    2.5862281429343392,
    3.5402621653704966,
    4.424441575628057,
    2.191093333226277,
    3.184774672992849,
    4.7804588575291,
    3.0030868111637896,
    2.2621500933588656,
    3.694033044095931,
    7.128326203451346,
    5.079966883896073,
    4.086079607058271
  ],
  "pooled_baseline_pred": [
    3.7244667962140383,
    4.248389674184692,
    4.505898820330064,
    3.2265839609887412,
    4.49782225079493,
    5.571572050211831,
    2.784177069494685,
    4.815374814839225,
    6.1428841231627205,
    2.7412524521293924,
    2.084567137156333,
    2.7595803029593617,
    5.070595308591547,
    2.7541572219150083,
    2.3575216955819758,
    4.60935687286011,
    3.216265249070167,
    3.9332121798899893,
    3.792731107337971,
    4.319991143616151,
    3.097958372122414,
    3.3357581276651196,
    4.529511948600896,
    3.7465577024904633,
    2.283890765889163,
    3.369820610087677,
    2.677051079497945,
    7.586295919561749,
    4.119542861122634,
    2.819491517101291,
    5.458616331237802,
    2.5665926509596444,
    4.175053008669619,
    4.781740970454984,
    3.635464914225064,
    3.2902533985397917,
    2.3522009595439974,
    6.647653831584079,
    4.438691252086169,
    3.3922034745734075,
    5.315869976551765,
    2.4752993013194646,
    3.9035543309576237,
    3.474413821749146,
    3.4423333817647674,
    2.861520331776883,
    2.479629272618337,
    4.3658594917178295,
    1.9454277236178052,
    4.949208715451021,
    4.38591117961877,
    4.3858092762886285,
    3.121932232504023,
    8.649139146888981,
    4.260508618916282,
    3.6087122265464995,
    8.661881921164476,
    3.903475879640101,
    4.893523420979357,
    4.057274854269433,
    3.941923892010478,
    5.900929552824792,
    4.0506859463881115,
    2.7711342386052054,
    7.323143000759955,
    2.9334087581909634,
    3.5653645467612174,
    2.229761888750537,
    4.293679129384666,
    3.0522319240091917,
    3.097708506405933,
    4.798123389197171,
    9.932176526312976,
    2.5961275253373786,
    8.370681741212737,
    6.160180589992784,
    3.8439691030551995,
    3.2613305220144513,
    2.6425378686233256,
    2.781596461176166,
    2.7533266701995056,
    3.6706565984751465,
    4.470801941799489,
    2.2834981385107067,
    3.235831646386937,
    4.666702720835693,
    3.0171542966182865,
    2.345133987689789,
    3.7241322990464596,
    7.208525126821203,
    5.032690741547076,
    4.242304107422382
  ],
  "y_true": [
    4.0,
    5.0,
    2.0,
    3.0,
    3.0,
    3.0,
    4.0,
    2.0,
    9.0,
    2.0,
    3.0,
    4.0,
    7.0,
    1.0,
    1.0,
    0.0,
    5.0,
    5.0,
    2.0,
    7.0,
    3.0,
    3.0,
    4.0,
    1.0,
    6.0,
    4.0,
    5.0,
    10.0,
    0.0,
    3.0,
    3.0,
    2.0,
    4.0,
    7.0,
    3.0,
    3.0,
    0.0,
    7.0,
    6.0,
    3.0,
    5.0,
    1.0,
    2.0,
    3.0,
    1.0,
    3.0,
    2.0,
    4.0,
    1.0,
    1.0,
    5.0,
    9.0,
    2.0,
    8.0,
    4.0,
    2.0,
    12.0,
    4.0,
    4.0,
    7.0,
    5.0,
    7.0,
    4.0,
    0.0,
    5.0,
    2.0,
    0.0,
    1.0,
    6.0,
    4.0,
    0.0,
    4.0,
    11.0,
    5.0,
    9.0,
    8.0,
    5.0,
    3.0,
    1.0,
    3.0,
    2.0,
    5.0,
    5.0,
    2.0,
    3.0,
    3.0,
    3.0,
    4.0,
    4.0,
    14.0,
    8.0,
    6.0
  ],