{
  "n": 92,
  "ccc": 0.717,
  "cal_slope": 0.8143,
  "mae": 1.7346,
  "r": 0.7222,
  "pred_mean": 4.058,
  "pred_std": 3.103,
  "true_mean": 4.033,
  "true_std": 2.752,
  "label": "t1_iter34_phase0_drop18",
  "variant": "drop18",
  "drop_item": 18,
  "no_k500": false,
  "goal_v1_phase0_cell": "(b) drop chain item 18",
  "bases": [
    "lgb",
    "xgb",
    "et"
  ],
  "n_subjects": 92,
  "item_order_chain_baseline": [
    9,
    10,
    11,
    12,
    13,
    14,
    15,
    18
  ],
  "chain_items_after_drop": [
    9,
    10,
    11,
    12,
    13,
    14,
    15
  ],
  "preregistration_file": "preregistration_t1_iter34_phase0_drop18_20260512_134931.json",
  "is_phase0_ablation": true,
  "is_canonical_update": false,
  "n_seeds": 3,
  "per_seed": [
    {
      "seed": 42,
      "ccc_mt": 0.7163800173821161,
      "wall": 447.0209000110626
    },
    {
      "seed": 1337,
      "ccc_mt": 0.7169036923480566,
      "wall": 445.2616307735443
    },
    {
      "seed": 7,
      "ccc_mt": 0.7174916602124872,
      "wall": 445.6601495742798
    }
  ],
  "wall_time_total_s": 1337.942788362503,
  "bootstrap_delta_vs_iter34_hygiene": {
    "n_boot": 5000,
    "delta_mean": -1.7047513454153451e-06,
    "delta_ci_low": -0.0008875575439636352,
    "delta_ci_high": 0.0008655423663748365,
    "frac_above_zero": 0.5,
    "frac_above_0.025": 0.0,
    "ccc_iter34_hygiene": 0.717,
    "delta_meanof_predmeans": -0.0
  },
  "per_subject": {
    "sids": [
      "NLS142",
      "NLS179",
      "NLS146",
      "NLS157",
      "NLS130",
      "NLS175",
      "WPD022",
      "NLS121",
      "NLS150",
      "WPD020",
      "NLS197",
      "NLS184",
      "NLS143",
      "NLS102",
      "NLS183",
      "NLS192",
      "WPD018",
      "NLS163",
      "NLS189",
      "NLS144",
      "WPD024",
      "WPD012",
      "WPD010",
      "NLS176",
      "NLS160",
      "NLS135",
      "NLS190",
      "NLS069",
      "WPD023",
      "WPD005",
      "NLS198",
      "WPD027",
      "NLS149",
      "NLS185",
      "NLS172",
      "NLS164",
      "NLS182",
      "WPD025",
      "WPD003",
      "NLS170",
      "NLS127",
      "WPD015",
      "NLS167",
      "NLS186",
      "WPD016",
      "NLS169",
      "NLS035",
      "NLS153",
      "WPD021",
      "NLS155",
      "NLS166",
      "NLS191",
      "WPD004",
      "WPD009",
      "WPD029",
      "NLS211",
      "NLS201",
      "NLS152",
      "NLS174",
      "NLS165",
      "NLS148",
      "NLS161",
      "NLS159",
      "WPD019",
      "NLS208",
      "WPD026",
      "NLS154",
      "NLS173",
      "WPD006",
      "NLS177",
      "WPD008",
      "NLS101",
      "NLS033",
      "NLS022",
      "NLS124",
      "NLS056",
      "NLS209",
      "NLS162",
      "NLS195",
      "NLS139",
      "NLS002",
      "NLS210",
      "NLS141",
      "WPD007",
      "WPD001",
      "NLS147",
      "WPD011",
      "WPD014",
      "NLS158",
      "NLS196",
      "NLS140",
      "NLS187"
    ],
    "y_true": [
      4.0,
      5.0,
      2.0,
      3.0,
      3.0,
      3.0,
      4.0,
      2.0,
      9.0,
      2.0,
      3.0,
      4.0,
      7.0,
      1.0,
      1.0,
      0.0,
      5.0,
      5.0,
      2.0,
      7.0,
      3.0,
      3.0,
      4.0,
      1.0,
      6.0,
      4.0,
      5.0,
      10.0,
      0.0,
      3.0,
      3.0,
      2.0,
      4.0,
      7.0,
      3.0,
      3.0,
      0.0,
      7.0,
      6.0,
      3.0,
      5.0,
      1.0,
      2.0,
      3.0,
      1.0,
      3.0,
      2.0,
      4.0,
      1.0,
      1.0,
      5.0,
      9.0,
      2.0,
      8.0,
      4.0,
      2.0,
      12.0,
      4.0,
      4.0,
      7.0,
      5.0,
      7.0,
      4.0,
      0.0,
      5.0,
      2.0,
      0.0,
      1.0,
      6.0,
      4.0,
      0.0,
      4.0,
      11.0,
      5.0,
      9.0,
      8.0,
      5.0,
      3.0,
      1.0,
      3.0,
      2.0,
      5.0,
      5.0,
      2.0,
      3.0,
      3.0,
      3.0,
      4.0,
      4.0,
      14.0,
      8.0,
      6.0
    ],
    "y_pred": [
      4.012302296012982,
      9.119805333579182,
      5.555304241267042,
      1.8469019112948164,
      5.8728137226056,
      5.1531579050395075,
      1.6989796746302288,
      6.900664907515639,
      6.615912500659785,
      2.304086658066906,
      1.2575450118682734,
      1.2850717994979635,
      6.884830619351661,
      -0.15881947260187168,
      2.255523242735563,
      4.278314316228351,
      1.9330937217581319,
      2.7137162178251835,
      1.938602800109134,
      4.567888359931442,
      0.8915172077357082,
      2.1275388519453156,
      5.375824783276797,
      2.3678157935151436,
      1.3400064683362096,
      5.12038990278129,
      2.47272056398092,
      5.852445069162699,
      3.3396283147618706,
      1.766212218352905,
      5.135379477898073,
      1.5720442531076835,
      6.6094732636256355,
      6.480431569224234,
      3.6480849504763335,
      2.657149730735156,
      0.27056633340026853,
      10.21267812792322,
      3.1788098375499856,
      2.831746039927849,
      6.422441138665913,
      1.8016433786833854,
      3.4095636151556405,
      3.4989471433928236,
      0.9591590061643394,
      1.9741390561183005,
      1.05736749879257,
      4.312754640178588,
      -0.5272721988328267,
      4.532792696017882,
      6.00552920159964,
      4.786961151157041,
      1.9513849887292352,
      8.188048020743517,
      3.28953266969393,
      3.4574176483704835,
      10.75304296441548,
      3.5576066382616633,
      4.703002042761739,
      5.4961692609099435,
      2.7314154748085357,
      8.219563824661286,
      3.3785183046787757,
      3.567436393380946,
      7.728906013154854,
      1.8502843197008023,
      1.1970565814181764,
      1.372433044918294,
      3.029806067947108,
      1.1999932730942835,
      0.6623416341080758,
      7.076453633041832,
      15.887166235078459,
      2.590474271093671,
      13.340362453026614,
      3.7623142997564654,
      3.780463116814007,
      3.1278214747705833,
      1.4905344278161194,
      1.834266274198745,
      1.8590492605938855,
      3.4944294863190195,
      7.541513720536732,
      1.0957194540246018,
      0.6674280888675969,
      3.2540486713417494,
      1.830875158904621,
      1.3847957899126098,
      3.4288786926375145,
      13.75352242555563,
      7.649887445165113,
      10.631826457269892
    ]
  }
}