{
  "item": 12,
  "variant": "coherence_plus_v2",
  "eval": "loocv",
  "n_subjects": 94,
  "seeds": [
    42,
    1337,
    7
  ],
  "ccc_mean": 0.5990333333333333,
  "ccc_std": 0.005267088590694329,
  "mae_mean": 0.5129666666666667,
  "per_seed": [
    {
      "n": 94,
      "ccc": 0.6059,
      "cal_slope": 0.4585,
      "mae": 0.5129,
      "r": 0.6399,
      "pred_mean": 0.553,
      "pred_std": 0.682,
      "true_mean": 0.564,
      "true_std": 0.952,
      "label": ""
    },
    {
      "n": 94,
      "ccc": 0.5931,
      "cal_slope": 0.4356,
      "mae": 0.5232,
      "r": 0.6362,
      "pred_mean": 0.575,
      "pred_std": 0.652,
      "true_mean": 0.564,
      "true_std": 0.952,
      "label": ""
    },
    {
      "n": 94,
      "ccc": 0.5981,
      "cal_slope": 0.4465,
      "mae": 0.5028,
      "r": 0.6361,
      "pred_mean": 0.547,
      "pred_std": 0.668,
      "true_mean": 0.564,
      "true_std": 0.952,
      "label": ""
    }
  ],
  "_oof_array": [
    0.5731174774418765,
    0.49372961879327665,
    1.1877273652483813,
    -0.01239523869865635,
    0.37307001105683835,
    0.6310142653643255,
    0.1236817978623234,
    0.6179912312311115,
    2.2920710242905122,
    0.03675610680827523,
    0.003062361470215594,
    -0.0830607502001879,
    0.47067555646481113,
    1.696832428580165,
    0.07686152238090493,
    -0.049340613861113373,
    0.36956443744051626,
    0.30530795729524157,
    0.12622345080668732,
    0.4641931919883411,
    0.056681757015066704,
    0.6272232377509283,
    0.09669527327010748,
    -0.0568009440035201,
    0.3299296439658566,
    0.4026440400239133,
    0.07953947368516123,
    0.3816621443285692,
    0.39302138387356594,
    1.5331727519085714,
    0.14806603974379492,
    0.3605563499669755,
    0.9937075998649124,
    0.12127689280376168,
    0.6589555539234896,
    0.3929399955533306,
    0.20916612680554977,
    0.47961935032386077,
    0.2155471529975751,
    1.4944390206390528,
    -0.03678804537989391,
    -0.014146309839512124,
    1.0434152402943704,
    0.23824996242467122,
    0.5700367006347725,
    0.853532056882433,
    0.1344168057243694,
    -0.10396663551268635,
    0.09212442031366597,
    0.9763790602790378,
    -0.044538284161544095,
    1.0069812410647447,
    0.7962027126761155,
    0.029170720073022335,
    0.2500839952486333,
    2.4050177815891263,
    0.3313798210549315,
    0.036101270765010525,
    2.2794287537091287,
    0.7471635743258574,
    1.8193458378397807,
    0.7681843196454546,
    -0.18036530915829715,
    2.3129052312292346,
    0.607934482099755,
    0.016149077307118797,
    0.9934578534651259,
    0.14801491960382027,
    0.3573849713990008,
    0.02160509373239783,
    0.2580502067861593,
    0.22089284126786013,
    -0.021286795270349657,
    0.6735713788896334,
    3.1009805640484216,
    0.36261371911079127,
    1.5042305203678394,
    1.5965275113698068,
    0.3737955469029995,
    0.42974931958426327,
    0.14532166166622287,
    0.13116507638420857,
    0.45760825990102644,
    0.3034530938690559,
    0.8469633750296154,
    -0.009226243118850614,
    0.11910125335822525,
    0.9846343991322476,
    0.11988380951648141,
    0.06720920292729453,
    0.30497778152483473,
    2.243950535933536,
    0.9153950235114797,
    0.29934797789174694
  ]
}