{
  "name": "lockbox_t1_slotC_evening_standalone_item13_lgb_replacement",
  "created_at_utc": "20260515T203329Z",
  "preregistration_master": "results/preregistration_t1_ceiling_push_20260515_evening_master.json",
  "preregistration_amendment_01": "results/preregistration_t1_ceiling_push_20260515_evening_amendment_01.json",
  "preregistration_amendment_02": "results/preregistration_t1_ceiling_push_20260515_evening_amendment_02.json",
  "session": "2026-05-15-evening-glass-ceiling-push-slotC-replacement",
  "null_mode": "scrambled_y",
  "sanity_y_nan": false,
  "formula_sha256": "86995b24f12e7abcc5b6da0e5a6308691f2211e9bd1a5c966545fee007366aa9",
  "n_cohort": 92,
  "n_features": 30,
  "lgb_params": {
    "objective": "regression",
    "metric": "mse",
    "num_leaves": 15,
    "learning_rate": 0.05,
    "n_estimators": 200,
    "min_data_in_leaf": 5,
    "feature_fraction": 0.8,
    "bagging_fraction": 0.8,
    "bagging_freq": 5,
    "verbose": -1,
    "n_jobs": 4
  },
  "n_bootstrap": 5000,
  "primary_gate": {
    "rule": "replicated-uncorrected \u03b1=0.05 + MCID +0.005 + BH-FDR q<=0.10",
    "mcid": 0.005,
    "frac_pos_gate": 0.95
  },
  "baselines": {
    "loocv_ccc_t1_sum": 0.7170378403014925,
    "loocv_ccc_item13": 0.06743656916202519,
    "loocv_mae_t1_sum": 1.7356018162374585,
    "loocv_pearson_t1_sum": 0.7223066495976541
  },
  "seed_set_A": {
    "label": "seed_set_A",
    "loocv_ccc_t1_sum_baseline": 0.7170378403014925,
    "loocv_ccc_t1_sum_replacement": 0.709344117652769,
    "delta_ccc_t1_sum": -0.007693722648723589,
    "delta_pearson_r_t1_sum": -0.01112567547294041,
    "delta_mae_t1_sum": -0.02043545702725802,
    "loocv_ccc_item13_baseline": 0.06743656916202519,
    "loocv_ccc_item13_standalone": -0.10119676084791694,
    "delta_ccc_item13": -0.16863333000994213,
    "bootstrap_t1_sum": {
      "median": -0.007722534149913196,
      "ci95": [
        -0.031056348409919853,
        0.00978100999412685
      ],
      "frac_pos": 0.2084
    },
    "bootstrap_item13": {
      "median": -0.1652212296653249,
      "ci95": [
        -0.327317756013938,
        0.0019378109561815696
      ],
      "frac_pos": 0.0272
    }
  },
  "seed_set_B": {
    "label": "seed_set_B",
    "loocv_ccc_t1_sum_baseline": 0.7170378403014925,
    "loocv_ccc_t1_sum_replacement": 0.7087921810368104,
    "delta_ccc_t1_sum": -0.008245659264682126,
    "delta_pearson_r_t1_sum": -0.011788962237322953,
    "delta_mae_t1_sum": -0.008446323446221315,
    "loocv_ccc_item13_baseline": 0.06743656916202519,
    "loocv_ccc_item13_standalone": -0.0834572748682582,
    "delta_ccc_item13": -0.15089384403028339,
    "bootstrap_t1_sum": {
      "median": -0.008079118202833468,
      "ci95": [
        -0.03016965525434137,
        0.009035711304007767
      ],
      "frac_pos": 0.194
    },
    "bootstrap_item13": {
      "median": -0.14733762346842333,
      "ci95": [
        -0.3028642338249499,
        0.010135300224926943
      ],
      "frac_pos": 0.0338
    }
  },
  "d4_audit_avg_seeds": {
    "delta_pearson_r_avg": -0.011286877268583906,
    "delta_mae_avg": -0.014440890236740112,
    "corr_replacement_T1_sum_residual": 0.1658728272727631,
    "corr_replacement_item13_residual": 0.09102500720657125
  },
  "fivefold_screen": {
    "per_seed_deltas": [
      -0.00964523863243505,
      -0.010055397264330801,
      -0.014189137348600722
    ],
    "mean_delta": -0.011296591081788857,
    "seed_std": 0.002052181839744404,
    "promotion_gate_mean": 0.025,
    "promotion_gate_std": 0.02,
    "passes_promotion": false
  },
  "verdict_provisional": "FAIL_ITEM13_STANDALONE_TOO_WEAK"
}