{
  "name": "lockbox_t1_slotB_evening_self_norm_recovery",
  "created_at_utc": "20260515T190223Z",
  "preregistration_master": "results/preregistration_t1_ceiling_push_20260515_evening_master.json",
  "preregistration_amendment": "results/preregistration_t1_ceiling_push_20260515_evening_amendment_01.json",
  "session": "2026-05-15-evening-glass-ceiling-push-slotB-self-norm-recovery",
  "null_mode": "canary_noise",
  "sanity_y_nan": false,
  "formula_sha256": "84dddc8ac60ccfbf5344dbb748db6b187e14fc01bd548351b24802efa41b7f01",
  "n_cohort": 92,
  "n_features_selfnorm": 30,
  "alpha_grid": [
    10.0,
    30.0,
    100.0,
    300.0,
    1000.0
  ],
  "lambda_fixed": 1.0,
  "n_bootstrap": 5000,
  "primary_gate": {
    "rule": "replicated-uncorrected \u03b1=0.05 + MCID +0.005 + BH-FDR q<=0.10",
    "mcid": 0.005,
    "frac_pos_gate": 0.95
  },
  "baselines": {
    "loocv_ccc_t1_sum": 0.7170378403014925,
    "loocv_ccc_item13": 0.06743656916202519,
    "loocv_mae_t1_sum": 1.7356018162374585,
    "loocv_pearson_t1_sum": 0.7223066495976541
  },
  "seed_set_A": {
    "label": "seed_set_A",
    "loocv_ccc_t1_sum_baseline": 0.7170378403014925,
    "loocv_ccc_t1_sum_corrected": 0.7139550782635191,
    "delta_ccc_t1_sum": -0.003082762037973419,
    "delta_pearson_r_t1_sum": -0.0028711701756228836,
    "delta_mae_t1_sum": 0.01812542628330971,
    "loocv_ccc_item13_baseline": 0.06743656916202519,
    "loocv_ccc_item13_corrected": 0.019286914944536902,
    "delta_ccc_item13": -0.048149654217488284,
    "bootstrap_t1_sum": {
      "median": -0.002925039686688502,
      "ci95": [
        -0.010625953902240947,
        0.002496003852024101
      ],
      "frac_pos": 0.1526
    },
    "bootstrap_item13": {
      "median": -0.045286439717477776,
      "ci95": [
        -0.11292425219494356,
        0.01382963464698103
      ],
      "frac_pos": 0.0724
    }
  },
  "seed_set_B": {
    "label": "seed_set_B",
    "loocv_ccc_t1_sum_baseline": 0.7170378403014925,
    "loocv_ccc_t1_sum_corrected": 0.714777175037639,
    "delta_ccc_t1_sum": -0.0022606652638534896,
    "delta_pearson_r_t1_sum": -0.002082775231707301,
    "delta_mae_t1_sum": 0.013021224691283084,
    "loocv_ccc_item13_baseline": 0.06743656916202519,
    "loocv_ccc_item13_corrected": 0.03465977992313184,
    "delta_ccc_item13": -0.03277678923889335,
    "bootstrap_t1_sum": {
      "median": -0.0021659916944352653,
      "ci95": [
        -0.007605380105557413,
        0.0017108018283394607
      ],
      "frac_pos": 0.1458
    },
    "bootstrap_item13": {
      "median": -0.0314822204661961,
      "ci95": [
        -0.07749452977552734,
        0.01041884679911483
      ],
      "frac_pos": 0.0772
    }
  },
  "d4_audit_avg_seeds": {
    "delta_pearson_r_avg": -0.0024641102555282846,
    "delta_mae_avg": 0.01557332548729673,
    "corr_correction_T1_sum_residual": -0.12859954051553008,
    "corr_correction_item13_residual": -0.1974641686750024
  },
  "fivefold_screen": {
    "per_seed_deltas": [
      -0.0016456383280237796,
      0.00035438253934105823,
      -0.0023298358227921145
    ],
    "mean_delta": -0.0012070305371582786,
    "seed_std": 0.0011388706831942947,
    "promotion_gate_mean": 0.025,
    "promotion_gate_std": 0.02,
    "passes_promotion": false
  },
  "verdict_provisional": "VARIANCE_COMPRESSION_MIRAGE_LIKELY (\u0394MAE>0 & corr(c,sum_resid)<0)"
}