{
  "name": "lockbox_t1_slotA_evening_axial_correction",
  "created_at_utc": "20260515T185135Z",
  "preregistration_master": "results/preregistration_t1_ceiling_push_20260515_evening_master.json",
  "session": "2026-05-15-evening-glass-ceiling-push-slotA",
  "null_mode": "canary_noise",
  "sanity_y_nan": false,
  "formula_sha256": "19f8b0fdb7c55c468edea119025e43c74d39d41debf2e184a1e55ad1dadfccab",
  "n_cohort": 92,
  "n_features_kept": 24,
  "n_features_dropped_mounting_contaminated": 6,
  "alpha_grid": [
    10.0,
    30.0,
    100.0,
    300.0,
    1000.0
  ],
  "lambda_fixed": 1.0,
  "n_bootstrap": 5000,
  "primary_gate": {
    "rule": "replicated-uncorrected \u03b1=0.05 + MCID +0.005 + BH-FDR q<=0.10",
    "mcid": 0.005,
    "frac_pos_gate": 0.95
  },
  "report_only_gates": {
    "in_session_bonferroni_n_4_gate": 0.9875,
    "lifetime_bonferroni_n_28_gate": 0.99821
  },
  "baselines": {
    "loocv_ccc_t1_sum": 0.7170378403014925,
    "loocv_ccc_item13": 0.06743656916202519,
    "loocv_mae_t1_sum": 1.7356018162374585,
    "loocv_pearson_t1_sum": 0.7223066495976541
  },
  "seed_set_A": {
    "label": "seed_set_A",
    "loocv_ccc_t1_sum_baseline": 0.7170378403014925,
    "loocv_ccc_t1_sum_corrected": 0.7154188800530719,
    "delta_ccc_t1_sum": -0.0016189602484206755,
    "delta_pearson_r_t1_sum": -0.0016773439463106943,
    "delta_mae_t1_sum": 0.009119511513446144,
    "loocv_ccc_item13_baseline": 0.06743656916202519,
    "loocv_ccc_item13_corrected": 0.031499191346162685,
    "delta_ccc_item13": -0.0359373778158625,
    "bootstrap_t1_sum": {
      "median": -0.0016287036351694817,
      "ci95": [
        -0.003938081250497441,
        -0.00017347868827550554
      ],
      "frac_pos": 0.0148
    },
    "bootstrap_item13": {
      "median": -0.035377261504055284,
      "ci95": [
        -0.04718445952968418,
        -0.022665197403511646
      ],
      "frac_pos": 0.0
    }
  },
  "seed_set_B": {
    "label": "seed_set_B",
    "loocv_ccc_t1_sum_baseline": 0.7170378403014925,
    "loocv_ccc_t1_sum_corrected": 0.7155064304622494,
    "delta_ccc_t1_sum": -0.0015314098392431585,
    "delta_pearson_r_t1_sum": -0.0015875832796279354,
    "delta_mae_t1_sum": 0.008834217129845001,
    "loocv_ccc_item13_baseline": 0.06743656916202519,
    "loocv_ccc_item13_corrected": 0.0323825674954482,
    "delta_ccc_item13": -0.03505400166657699,
    "bootstrap_t1_sum": {
      "median": -0.001539937540710079,
      "ci95": [
        -0.003757740541392193,
        -0.00013803289594166277
      ],
      "frac_pos": 0.0162
    },
    "bootstrap_item13": {
      "median": -0.03454649082786669,
      "ci95": [
        -0.046006754119935246,
        -0.02208091103191625
      ],
      "frac_pos": 0.0
    }
  },
  "d4_audit_avg_seeds": {
    "delta_pearson_r_avg": -0.0016323941115292673,
    "delta_mae_avg": 0.008976864321645683,
    "corr_correction_T1_sum_residual": -0.19432980214192896,
    "corr_correction_item13_residual": -0.5269307951177857
  },
  "fivefold_screen": {
    "per_seed_deltas": [
      -0.0024969359826582105,
      -0.0012715686789085412,
      -0.0009938130516198296
    ],
    "mean_delta": -0.0015874392377288604,
    "seed_std": 0.0006530315428320691,
    "promotion_gate_mean": 0.025,
    "promotion_gate_std": 0.02,
    "passes_promotion": false
  },
  "verdict_provisional": "VARIANCE_COMPRESSION_MIRAGE_LIKELY (\u0394MAE>0 & corr(c,sum_resid)<0)"
}