{
  "name": "lockbox_t1_X2e_global_affine",
  "created_at_utc": "20260516T073605Z",
  "preregistration": "results/preregistration_t1_post_closure_X_series_20260516.json (X2e diagnostic: global affine vs duration stratification)",
  "null_mode": "real",
  "sanity_y_nan": true,
  "formula_sha256": "6a5e73d6f360ac7aefb8ed30d3f638c493e34fa582c64135d3e01765ce1093be",
  "n_cohort": 92,
  "slope_info": {
    "slope_mean": 0.6400583251124433,
    "slope_std": 0.0074965556310040826,
    "intercept_mean": 1.4354463366298849,
    "intercept_std": 0.031063886182499174
  },
  "baselines": {
    "loocv_ccc_iter34": 0.7170378403014925,
    "loocv_mae_iter34": 1.7356018162374585,
    "loocv_pearson_iter34": 0.7223066495976541
  },
  "corrected": {
    "loocv_ccc": 0.6696008222083559,
    "loocv_mae": 1.5399965732152774,
    "loocv_pearson": 0.7060312217222757,
    "delta_ccc": -0.04743701809313661,
    "delta_mae": -0.19560524302218107,
    "delta_pearson_r": -0.01627542787537839
  },
  "bootstrap_seed_A": {
    "median": -0.04776188076892113,
    "ci95": [
      -0.09701390952750896,
      0.006253126011044855
    ],
    "frac_pos": 0.0416
  },
  "bootstrap_seed_B": {
    "median": -0.048212434429477424,
    "ci95": [
      -0.09691016182339973,
      0.007718914015550677
    ],
    "frac_pos": 0.0462
  },
  "d4_audit": {
    "corr_correction_T1_sum_residual": 0.4707419932967431
  },
  "verdict_provisional": "FAIL"
}