{
  "n": 92,
  "ccc": 0.7198,
  "cal_slope": 0.7675,
  "mae": 1.6684,
  "r": 0.7212,
  "pred_mean": 4.053,
  "pred_std": 2.929,
  "true_mean": 4.033,
  "true_std": 2.752,
  "label": "t1_iter34_phase0_drop13",
  "variant": "drop13",
  "drop_item": 13,
  "no_k500": false,
  "goal_v1_phase0_cell": "(b) drop chain item 13",
  "bases": [
    "lgb",
    "xgb",
    "et"
  ],
  "n_subjects": 92,
  "item_order_chain_baseline": [
    9,
    10,
    11,
    12,
    13,
    14,
    15,
    18
  ],
  "chain_items_after_drop": [
    9,
    10,
    11,
    12,
    14,
    15,
    18
  ],
  "preregistration_file": "preregistration_t1_iter34_phase0_drop13_20260512_124221.json",
  "is_phase0_ablation": true,
  "is_canonical_update": false,
  "n_seeds": 3,
  "per_seed": [
    {
      "seed": 42,
      "ccc_mt": 0.7186285520752245,
      "wall": 445.6538174152374
    },
    {
      "seed": 1337,
      "ccc_mt": 0.7199873866841004,
      "wall": 448.76647877693176
    },
    {
      "seed": 7,
      "ccc_mt": 0.7204556169436926,
      "wall": 446.45295000076294
    }
  ],
  "wall_time_total_s": 1340.873349905014,
  "bootstrap_delta_vs_iter34_hygiene": {
    "n_boot": 5000,
    "delta_mean": 0.0025614227833620513,
    "delta_ci_low": -0.015422944302821946,
    "delta_ci_high": 0.01820574044035521,
    "frac_above_zero": 0.6384,
    "frac_above_0.025": 0.0024,
    "ccc_iter34_hygiene": 0.717,
    "delta_meanof_predmeans": 0.0028
  },
  "per_subject": {
    "sids": [
      "NLS142",
      "NLS179",
      "NLS146",
      "NLS157",
      "NLS130",
      "NLS175",
      "WPD022",
      "NLS121",
      "NLS150",
      "WPD020",
      "NLS197",
      "NLS184",
      "NLS143",
      "NLS102",
      "NLS183",
      "NLS192",
      "WPD018",
      "NLS163",
      "NLS189",
      "NLS144",
      "WPD024",
      "WPD012",
      "WPD010",
      "NLS176",
      "NLS160",
      "NLS135",
      "NLS190",
      "NLS069",
      "WPD023",
      "WPD005",
      "NLS198",
      "WPD027",
      "NLS149",
      "NLS185",
      "NLS172",
      "NLS164",
      "NLS182",
      "WPD025",
      "WPD003",
      "NLS170",
      "NLS127",
      "WPD015",
      "NLS167",
      "NLS186",
      "WPD016",
      "NLS169",
      "NLS035",
      "NLS153",
      "WPD021",
      "NLS155",
      "NLS166",
      "NLS191",
      "WPD004",
      "WPD009",
      "WPD029",
      "NLS211",
      "NLS201",
      "NLS152",
      "NLS174",
      "NLS165",
      "NLS148",
      "NLS161",
      "NLS159",
      "WPD019",
      "NLS208",
      "WPD026",
      "NLS154",
      "NLS173",
      "WPD006",
      "NLS177",
      "WPD008",
      "NLS101",
      "NLS033",
      "NLS022",
      "NLS124",
      "NLS056",
      "NLS209",
      "NLS162",
      "NLS195",
      "NLS139",
      "NLS002",
      "NLS210",
      "NLS141",
      "WPD007",
      "WPD001",
      "NLS147",
      "WPD011",
      "WPD014",
      "NLS158",
      "NLS196",
      "NLS140",
      "NLS187"
    ],
    "y_true": [
      4.0,
      5.0,
      2.0,
      3.0,
      3.0,
      3.0,
      4.0,
      2.0,
      9.0,
      2.0,
      3.0,
      4.0,
      7.0,
      1.0,
      1.0,
      0.0,
      5.0,
      5.0,
      2.0,
      7.0,
      3.0,
      3.0,
      4.0,
      1.0,
      6.0,
      4.0,
      5.0,
      10.0,
      0.0,
      3.0,
      3.0,
      2.0,
      4.0,
      7.0,
      3.0,
      3.0,
      0.0,
      7.0,
      6.0,
      3.0,
      5.0,
      1.0,
      2.0,
      3.0,
      1.0,
      3.0,
      2.0,
      4.0,
      1.0,
      1.0,
      5.0,
      9.0,
      2.0,
      8.0,
      4.0,
      2.0,
      12.0,
      4.0,
      4.0,
      7.0,
      5.0,
      7.0,
      4.0,
      0.0,
      5.0,
      2.0,
      0.0,
      1.0,
      6.0,
      4.0,
      0.0,
      4.0,
      11.0,
      5.0,
      9.0,
      8.0,
      5.0,
      3.0,
      1.0,
      3.0,
      2.0,
      5.0,
      5.0,
      2.0,
      3.0,
      3.0,
      3.0,
      4.0,
      4.0,
      14.0,
      8.0,
      6.0
    ],
    "y_pred": [
      4.398068377969831,
      9.27368032142729,
      5.864974169253877,
      1.9012099409549503,
      5.733128841532262,
      5.058178536516798,
      2.2861703711991006,
      6.493191750579453,
      6.529853209185468,
      2.2529199019893227,
      1.5347500886422691,
      1.8419062712427905,
      6.452006807070565,
      -0.14591850891714606,
      2.493096484525432,
      4.0281222154006455,
      2.2845028014512456,
      2.489481358095846,
      2.235002400948393,
      4.828047080024532,
      0.8602354714764447,
      2.3546718065879295,
      5.222274799134997,
      2.2065050188555624,
      1.7332536221258643,
      5.0226502004817855,
      2.7897913658813436,
      5.159265687805837,
      3.2557814698287615,
      2.1116308277273164,
      4.569603353172195,
      2.139698491213845,
      6.566565180278734,
      6.1716433253398195,
      3.507829274672813,
      2.9798307717800703,
      0.5280951437959147,
      9.899583522426493,
      2.9031615453447532,
      2.622676895812616,
      6.432656047885556,
      2.1056365810465785,
      3.5090816042831254,
      3.429756250862533,
      0.9054079967215759,
      2.095410823837474,
      1.4990107381336397,
      4.4153788446149,
      -0.16414166097924765,
      4.242559480699748,
      5.57442264851364,
      4.81686567063563,
      2.119446894725689,
      7.6376555864208315,
      2.9178087348213064,
      3.2779085481881567,
      10.455985773974795,
      2.9605742057481215,
      4.663489004123844,
      5.579270830391614,
      2.5571767869014757,
      7.660282167693612,
      3.739354747132245,
      3.76144266008807,
      7.49293151463148,
      2.0415534095396684,
      0.9629271338344395,
      1.4970891393618426,
      3.164838541471306,
      1.7750660340946904,
      0.8627095864270578,
      6.4579878869353715,
      15.271640314312782,
      2.5600780131645533,
      12.799467647668045,
      3.4670679728093856,
      3.8000724661057497,
      3.17624445224903,
      1.6483972736639065,
      2.042863431352695,
      1.9666204203949373,
      3.5246370156485844,
      7.34583322793243,
      1.6775456864617986,
      0.7036905620713639,
      3.282385694943319,
      1.8830217425329714,
      1.6221148057748545,
      3.428190304579902,
      13.264962528283034,
      7.601866805808719,
      10.881508946719
    ]
  }
}