{
  "name": "lockbox_t1_X2c_slope_clipped_affine",
  "created_at_utc": "20260516T073336Z",
  "preregistration": "results/preregistration_t1_post_closure_X_series_20260516.json (X2c = X2 fix codex-informed: clip slope \u00b15%)",
  "null_mode": "real",
  "sanity_y_nan": true,
  "formula_sha256": "4605261b4a9e3eae0e43040fcdfd8e01b0b6e9fb55974f77b2baa4840e0515c2",
  "slope_clip": [
    0.95,
    1.05
  ],
  "stratum_info": {
    "slope_mean": 0.9500000000000001,
    "slope_min": 0.95,
    "slope_max": 0.95,
    "raw_slope_long_mean": 0.7112992875305499,
    "raw_slope_short_mean": 0.5067424846727839
  },
  "n_cohort": 92,
  "baselines": {
    "loocv_ccc_iter34": 0.7170378403014925,
    "loocv_mae_iter34": 1.7356018162374585
  },
  "corrected": {
    "loocv_ccc": 0.7107669702798662,
    "loocv_mae": 1.7279967125744284,
    "delta_ccc": -0.006270870021626296,
    "delta_mae": -0.007605103663030022,
    "delta_pearson_r": -0.009350349770602007
  },
  "bootstrap_seed_A": {
    "median": -0.006528574798697173,
    "ci95": [
      -0.015628175438739598,
      0.0012068970035705577
    ],
    "frac_pos": 0.05
  },
  "bootstrap_seed_B": {
    "median": -0.006496443783399586,
    "ci95": [
      -0.015779152811312036,
      0.001302343262718056
    ],
    "frac_pos": 0.054
  },
  "d4_audit": {
    "corr_correction_T1_sum_residual": 0.2253100037062391
  },
  "verdict_provisional": "FAIL"
}