{
  "name": "t3_elastic_local",
  "results": {
    "a0.1_l0.1": 0.01629706311464486,
    "a0.1_l0.5": 0.05345933691791026,
    "a0.1_l0.9": 0.03874137046651871,
    "a0.5_l0.1": 0.024964833265644797,
    "a0.5_l0.5": 0.08510141842676452,
    "a0.5_l0.9": 0.04560730854175402,
    "a1.0_l0.1": 0.04158695190626036,
    "a1.0_l0.5": 0.11375781461198561,
    "a1.0_l0.9": 0.06790411559573929
  },
  "best": {
    "a1.0_l0.5": 0.11375781461198561
  },
  "delta_vs_iter47": -0.26464218538801443
}