{
  "n": 92,
  "ccc": 0.7068,
  "cal_slope": 0.7638,
  "mae": 1.7374,
  "r": 0.7088,
  "pred_mean": 4.058,
  "pred_std": 2.966,
  "true_mean": 4.033,
  "true_std": 2.752,
  "label": "t1_iter34_phase0_drop11",
  "variant": "drop11",
  "drop_item": 11,
  "no_k500": false,
  "goal_v1_phase0_cell": "(b) drop chain item 11",
  "bases": [
    "lgb",
    "xgb",
    "et"
  ],
  "n_subjects": 92,
  "item_order_chain_baseline": [
    9,
    10,
    11,
    12,
    13,
    14,
    15,
    18
  ],
  "chain_items_after_drop": [
    9,
    10,
    12,
    13,
    14,
    15,
    18
  ],
  "preregistration_file": "preregistration_t1_iter34_phase0_drop11_20260512_115709.json",
  "is_phase0_ablation": true,
  "is_canonical_update": false,
  "n_seeds": 3,
  "per_seed": [
    {
      "seed": 42,
      "ccc_mt": 0.70625019812055,
      "wall": 452.0443799495697
    },
    {
      "seed": 1337,
      "ccc_mt": 0.7072254330058114,
      "wall": 455.7217824459076
    },
    {
      "seed": 7,
      "ccc_mt": 0.7066410443628777,
      "wall": 454.62960410118103
    }
  ],
  "wall_time_total_s": 1362.3958685398102,
  "bootstrap_delta_vs_iter34_hygiene": {
    "n_boot": 5000,
    "delta_mean": -0.010667313149239898,
    "delta_ci_low": -0.028038243711823507,
    "delta_ci_high": 0.0030346675047564797,
    "frac_above_zero": 0.0752,
    "frac_above_0.025": 0.0,
    "ccc_iter34_hygiene": 0.717,
    "delta_meanof_predmeans": -0.0102
  },
  "per_subject": {
    "sids": [
      "NLS142",
      "NLS179",
      "NLS146",
      "NLS157",
      "NLS130",
      "NLS175",
      "WPD022",
      "NLS121",
      "NLS150",
      "WPD020",
      "NLS197",
      "NLS184",
      "NLS143",
      "NLS102",
      "NLS183",
      "NLS192",
      "WPD018",
      "NLS163",
      "NLS189",
      "NLS144",
      "WPD024",
      "WPD012",
      "WPD010",
      "NLS176",
      "NLS160",
      "NLS135",
      "NLS190",
      "NLS069",
      "WPD023",
      "WPD005",
      "NLS198",
      "WPD027",
      "NLS149",
      "NLS185",
      "NLS172",
      "NLS164",
      "NLS182",
      "WPD025",
      "WPD003",
      "NLS170",
      "NLS127",
      "WPD015",
      "NLS167",
      "NLS186",
      "WPD016",
      "NLS169",
      "NLS035",
      "NLS153",
      "WPD021",
      "NLS155",
      "NLS166",
      "NLS191",
      "WPD004",
      "WPD009",
      "WPD029",
      "NLS211",
      "NLS201",
      "NLS152",
      "NLS174",
      "NLS165",
      "NLS148",
      "NLS161",
      "NLS159",
      "WPD019",
      "NLS208",
      "WPD026",
      "NLS154",
      "NLS173",
      "WPD006",
      "NLS177",
      "WPD008",
      "NLS101",
      "NLS033",
      "NLS022",
      "NLS124",
      "NLS056",
      "NLS209",
      "NLS162",
      "NLS195",
      "NLS139",
      "NLS002",
      "NLS210",
      "NLS141",
      "WPD007",
      "WPD001",
      "NLS147",
      "WPD011",
      "WPD014",
      "NLS158",
      "NLS196",
      "NLS140",
      "NLS187"
    ],
    "y_true": [
      4.0,
      5.0,
      2.0,
      3.0,
      3.0,
      3.0,
      4.0,
      2.0,
      9.0,
      2.0,
      3.0,
      4.0,
      7.0,
      1.0,
      1.0,
      0.0,
      5.0,
      5.0,
      2.0,
      7.0,
      3.0,
      3.0,
      4.0,
      1.0,
      6.0,
      4.0,
      5.0,
      10.0,
      0.0,
      3.0,
      3.0,
      2.0,
      4.0,
      7.0,
      3.0,
      3.0,
      0.0,
      7.0,
      6.0,
      3.0,
      5.0,
      1.0,
      2.0,
      3.0,
      1.0,
      3.0,
      2.0,
      4.0,
      1.0,
      1.0,
      5.0,
      9.0,
      2.0,
      8.0,
      4.0,
      2.0,
      12.0,
      4.0,
      4.0,
      7.0,
      5.0,
      7.0,
      4.0,
      0.0,
      5.0,
      2.0,
      0.0,
      1.0,
      6.0,
      4.0,
      0.0,
      4.0,
      11.0,
      5.0,
      9.0,
      8.0,
      5.0,
      3.0,
      1.0,
      3.0,
      2.0,
      5.0,
      5.0,
      2.0,
      3.0,
      3.0,
      3.0,
      4.0,
      4.0,
      14.0,
      8.0,
      6.0
    ],
    "y_pred": [
      3.6413901516444214,
      8.992981756621406,
      5.740645080588211,
      1.8663866896341894,
      6.006632663219091,
      4.582073854804302,
      1.7434044776291042,
      6.728946502365008,
      6.498970666857267,
      2.5255655706804307,
      1.5044028328552603,
      1.0900700245482629,
      6.950412201187876,
      0.06909780761499107,
      2.3154666662994274,
      4.254842142736057,
      1.8388707314033848,
      2.738741902190796,
      1.6396463740581464,
      4.507455653976975,
      0.8607146858773812,
      2.164280301499914,
      5.55039024443998,
      2.6017472810488247,
      1.5417074988849786,
      5.24845606673044,
      2.555465809631615,
      5.531246550003922,
      3.2010038979310558,
      1.9721442860738456,
      5.2336766972546735,
      1.7836469057443172,
      6.71795063999156,
      6.383396058947376,
      3.5995621549521535,
      2.682028088964788,
      0.4760754746717019,
      9.968373140365435,
      3.230091577569855,
      2.7991143643426946,
      6.6081458479309605,
      1.981913587591709,
      3.777466130651812,
      3.464892922027801,
      1.2018087231709804,
      2.085519333974275,
      1.2349140727155226,
      4.133513111356989,
      -0.26481558554724316,
      4.571620602221345,
      6.0859829326231205,
      4.177456475990019,
      2.1798158217761263,
      7.939569104532564,
      3.558883539855285,
      3.5785277817798935,
      9.919557599453102,
      3.8678939898966576,
      4.812551925458582,
      5.492337786688117,
      2.6756358671400835,
      8.20333657323234,
      2.920804430051754,
      3.8015792849256833,
      7.250614122288038,
      2.0500130937320415,
      1.4291633676918867,
      1.4931944638240477,
      3.096247274473797,
      1.3253953704160617,
      0.7041404579705838,
      6.985550402178833,
      15.345168046263487,
      2.812558540445778,
      12.600736429045563,
      3.5791621097747144,
      3.8596533345642814,
      3.2130326348697102,
      1.6757510156210593,
      1.9847334840291069,
      1.9883103867779621,
      3.5580497244546674,
      7.2524949608117675,
      1.287318835369038,
      0.797402307567136,
      3.331078435972399,
      1.810449726603345,
      1.6076594400455295,
      3.197594673552462,
      13.541709568714674,
      7.587050505178095,
      10.601523963827514
    ]
  }
}