{
  "mode": "v2_v3_append",
  "n_subjects": 92,
  "seeds": [
    42,
    1337,
    7
  ],
  "feature_count_used": 2301,
  "k_selection": true,
  "per_seed": [
    {
      "seed": 42,
      "ccc": 0.7006115504827405,
      "wall_s": 493.2426438331604
    },
    {
      "seed": 1337,
      "ccc": 0.7018107993693394,
      "wall_s": 597.8820044994354
    },
    {
      "seed": 7,
      "ccc": 0.6996794615957889,
      "wall_s": 645.6436235904694
    }
  ],
  "headline": {
    "n": 92,
    "ccc": 0.7008,
    "cal_slope": 0.7895,
    "mae": 1.8015,
    "r": 0.7053,
    "pred_mean": 4.023,
    "pred_std": 3.081,
    "true_mean": 4.033,
    "true_std": 2.752,
    "label": "t1_v3_gsp_v2_v3_append"
  },
  "comparator_iter34_ccc": 0.717,
  "delta_vs_iter34_observed": -0.016199999999999992,
  "sign_flip": {
    "test": "per_subject_sign_flip_permutation_on_se_diff",
    "n_subjects": 92,
    "n_perms": 10000,
    "observed_mean_diff_se": -0.23362564181520817,
    "p_one_sided": 0.7802
  },
  "bca": {
    "test": "BCa_95_CI_on_delta_CCC",
    "n_boot": 5000,
    "delta_ccc_observed": -0.016251551612399995,
    "ci_low": -0.05375059224150641,
    "ci_high": 0.010889320787041273,
    "z0": -0.0025066308995717666,
    "a": -0.026885825102355144
  },
  "decision": {
    "verdict": "FAIL",
    "p_one_sided": 0.7802,
    "p_threshold_bonferroni": 0.05,
    "ci_low": -0.05375059224150641,
    "ci_high": 0.010889320787041273,
    "delta_ccc_observed": -0.016251551612399995,
    "mcid_delta": 0.025,
    "gates": {
      "sign_flip_p_passes": false,
      "bca_excludes_zero": false,
      "point_delta_meets_mcid": false
    }
  },
  "wall_time_total_s": 1736.7683880329132,
  "per_subject": {
    "sids": [
      "NLS142",
      "NLS179",
      "NLS146",
      "NLS157",
      "NLS130",
      "NLS175",
      "WPD022",
      "NLS121",
      "NLS150",
      "WPD020",
      "NLS197",
      "NLS184",
      "NLS143",
      "NLS102",
      "NLS183",
      "NLS192",
      "WPD018",
      "NLS163",
      "NLS189",
      "NLS144",
      "WPD024",
      "WPD012",
      "WPD010",
      "NLS176",
      "NLS160",
      "NLS135",
      "NLS190",
      "NLS069",
      "WPD023",
      "WPD005",
      "NLS198",
      "WPD027",
      "NLS149",
      "NLS185",
      "NLS172",
      "NLS164",
      "NLS182",
      "WPD025",
      "WPD003",
      "NLS170",
      "NLS127",
      "WPD015",
      "NLS167",
      "NLS186",
      "WPD016",
      "NLS169",
      "NLS035",
      "NLS153",
      "WPD021",
      "NLS155",
      "NLS166",
      "NLS191",
      "WPD004",
      "WPD009",
      "WPD029",
      "NLS211",
      "NLS201",
      "NLS152",
      "NLS174",
      "NLS165",
      "NLS148",
      "NLS161",
      "NLS159",
      "WPD019",
      "NLS208",
      "WPD026",
      "NLS154",
      "NLS173",
      "WPD006",
      "NLS177",
      "WPD008",
      "NLS101",
      "NLS033",
      "NLS022",
      "NLS124",
      "NLS056",
      "NLS209",
      "NLS162",
      "NLS195",
      "NLS139",
      "NLS002",
      "NLS210",
      "NLS141",
      "WPD007",
      "WPD001",
      "NLS147",
      "WPD011",
      "WPD014",
      "NLS158",
      "NLS196",
      "NLS140",
      "NLS187"
    ],
    "y_true": [
      4.0,
      5.0,
      2.0,
      3.0,
      3.0,
      3.0,
      4.0,
      2.0,
      9.0,
      2.0,
      3.0,
      4.0,
      7.0,
      1.0,
      1.0,
      0.0,
      5.0,
      5.0,
      2.0,
      7.0,
      3.0,
      3.0,
      4.0,
      1.0,
      6.0,
      4.0,
      5.0,
      10.0,
      0.0,
      3.0,
      3.0,
      2.0,
      4.0,
      7.0,
      3.0,
      3.0,
      0.0,
      7.0,
      6.0,
      3.0,
      5.0,
      1.0,
      2.0,
      3.0,
      1.0,
      3.0,
      2.0,
      4.0,
      1.0,
      1.0,
      5.0,
      9.0,
      2.0,
      8.0,
      4.0,
      2.0,
      12.0,
      4.0,
      4.0,
      7.0,
      5.0,
      7.0,
      4.0,
      0.0,
      5.0,
      2.0,
      0.0,
      1.0,
      6.0,
      4.0,
      0.0,
      4.0,
      11.0,
      5.0,
      9.0,
      8.0,
      5.0,
      3.0,
      1.0,
      3.0,
      2.0,
      5.0,
      5.0,
      2.0,
      3.0,
      3.0,
      3.0,
      4.0,
      4.0,
      14.0,
      8.0,
      6.0
    ],
    "y_pred": [
      3.5265229496176125,
      8.167657098411242,
      6.078356584589284,
      2.308001412402503,
      6.023326944027029,
      4.217508639788775,
      1.6277149659874546,
      6.936323673001488,
      6.222640852502207,
      1.8060307590946874,
      1.8083433424100364,
      2.1970152172756374,
      8.762295883150989,
      -0.5963295624657944,
      2.193008388029367,
      3.900619209018927,
      2.214389363132856,
      2.1325290030379858,
      1.8474781857816343,
      4.571727450864575,
      1.0941791089089048,
      1.4925933938528626,
      5.638266237256648,
      2.2374685038339908,
      1.010566424247954,
      5.315295483713958,
      3.0170518746693435,
      4.436485914882735,
      3.2582262348791082,
      1.4792668936937208,
      5.079640412105898,
      1.9049754025167978,
      7.00316693364491,
      6.100691420321431,
      3.6375666609220474,
      3.0397315631595525,
      0.4970612658324806,
      8.636246080158012,
      3.499710668648978,
      2.6112123447696653,
      5.600791653581019,
      2.129794943326462,
      3.252198991362473,
      4.4118314278969955,
      1.0040700778557052,
      1.8812277026517137,
      0.616848086396767,
      5.332102846278938,
      -0.6591275389269301,
      4.308643823697649,
      4.982235387802839,
      4.005274838579859,
      2.265469089301996,
      7.066614795322718,
      3.190341221912499,
      2.7893686586719224,
      11.286476153974542,
      3.443998903009991,
      5.8861056547955455,
      5.566039767684333,
      2.45586788167884,
      7.733185493973314,
      3.030135450983766,
      3.316761011904653,
      8.373597962850214,
      2.012916026841565,
      1.3337897695406695,
      1.611700740860657,
      2.597329185327289,
      0.650030933628817,
      0.7909311779245639,
      6.871483764192859,
      16.353161974399253,
      2.730262795790542,
      12.926639645230798,
      5.012745799806687,
      3.6871813552555692,
      3.5865573171845764,
      1.5332564646551734,
      1.8186315299454643,
      1.6391431876304228,
      2.878583795985818,
      7.72527770889462,
      1.4364075698171455,
      0.9711490597772904,
      3.384957933548206,
      1.8448542133945722,
      1.5730865975164459,
      3.190231712495892,
      13.281392453512487,
      7.177583254481358,
      11.249402097506206
    ]
  }
}