{
  "n": 92,
  "ccc": 0.717,
  "cal_slope": 0.8151,
  "mae": 1.7356,
  "r": 0.7223,
  "pred_mean": 4.058,
  "pred_std": 3.106,
  "true_mean": 4.033,
  "true_std": 2.752,
  "label": "t1_iter34_hybrid",
  "variant": "hybrid_8item_multibase",
  "bases": [
    "lgb",
    "xgb",
    "et"
  ],
  "n_subjects": 92,
  "item_order_chain": [
    9,
    10,
    11,
    12,
    13,
    14,
    15,
    18
  ],
  "auxiliary_items_used": [
    15,
    18
  ],
  "preregistration_file": "preregistration_t1_iter34_hygiene_corrected_20260510_200037.json",
  "is_lockbox_headline": true,
  "is_post_publication_replication_target": true,
  "family_wise_independence_claim": "Single pre-registered post-publication run; not part of iter33-B canonical-update family of comparisons (council 2026-05-06). Bonferroni adjustment trivial (n_tests=1).",
  "n_seeds": 3,
  "per_seed": [
    {
      "seed": 42,
      "ccc_mt": 0.7164576094207005,
      "ccc_i5": 0.6304326181449633,
      "delta": 0.08602499127573715,
      "wall": 546.6635634899139
    },
    {
      "seed": 1337,
      "ccc_mt": 0.7169036923480566,
      "ccc_i5": 0.5948243116089017,
      "delta": 0.12207938073915492,
      "wall": 549.1446390151978
    },
    {
      "seed": 7,
      "ccc_mt": 0.7174916602124872,
      "ccc_i5": 0.622045665221914,
      "delta": 0.09544599499057327,
      "wall": 548.8176183700562
    }
  ],
  "wall_time_total_s": 1644.6259536743164,
  "ccc_iter5_direct_loocv_baseline": 0.6197,
  "delta_vs_iter5_direct": 0.0973,
  "bootstrap_delta_vs_iter5": {
    "n_boot": 5000,
    "delta_mean": 0.09916425620915663,
    "delta_ci_low": 0.016911914328784406,
    "delta_ci_high": 0.19864173584318928,
    "frac_above_zero": 0.9908,
    "frac_above_0.025": 0.9578
  },
  "bootstrap_delta_vs_iter33b_8item": {
    "error": "missing iter33b oof at /home/fiod/pd-imu/results/lockbox_t1_iter33b_8item_20260506_071631.oof.npy"
  },
  "bootstrap_delta_vs_iter30b_v1_random": null,
  "metric_lift_vs_iter5_and_iter12": true,
  "canonical_update_policy": "disabled_for_hygiene_correction_replication",
  "is_canonical_update": false,
  "verdict_vs_iter33b": "UNKNOWN (iter33-B comparator missing)",
  "per_subject": {
    "sids": [
      "NLS142",
      "NLS179",
      "NLS146",
      "NLS157",
      "NLS130",
      "NLS175",
      "WPD022",
      "NLS121",
      "NLS150",
      "WPD020",
      "NLS197",
      "NLS184",
      "NLS143",
      "NLS102",
      "NLS183",
      "NLS192",
      "WPD018",
      "NLS163",
      "NLS189",
      "NLS144",
      "WPD024",
      "WPD012",
      "WPD010",
      "NLS176",
      "NLS160",
      "NLS135",
      "NLS190",
      "NLS069",
      "WPD023",
      "WPD005",
      "NLS198",
      "WPD027",
      "NLS149",
      "NLS185",
      "NLS172",
      "NLS164",
      "NLS182",
      "WPD025",
      "WPD003",
      "NLS170",
      "NLS127",
      "WPD015",
      "NLS167",
      "NLS186",
      "WPD016",
      "NLS169",
      "NLS035",
      "NLS153",
      "WPD021",
      "NLS155",
      "NLS166",
      "NLS191",
      "WPD004",
      "WPD009",
      "WPD029",
      "NLS211",
      "NLS201",
      "NLS152",
      "NLS174",
      "NLS165",
      "NLS148",
      "NLS161",
      "NLS159",
      "WPD019",
      "NLS208",
      "WPD026",
      "NLS154",
      "NLS173",
      "WPD006",
      "NLS177",
      "WPD008",
      "NLS101",
      "NLS033",
      "NLS022",
      "NLS124",
      "NLS056",
      "NLS209",
      "NLS162",
      "NLS195",
      "NLS139",
      "NLS002",
      "NLS210",
      "NLS141",
      "WPD007",
      "WPD001",
      "NLS147",
      "WPD011",
      "WPD014",
      "NLS158",
      "NLS196",
      "NLS140",
      "NLS187"
    ],
    "y_true": [
      4.0,
      5.0,
      2.0,
      3.0,
      3.0,
      3.0,
      4.0,
      2.0,
      9.0,
      2.0,
      3.0,
      4.0,
      7.0,
      1.0,
      1.0,
      0.0,
      5.0,
      5.0,
      2.0,
      7.0,
      3.0,
      3.0,
      4.0,
      1.0,
      6.0,
      4.0,
      5.0,
      10.0,
      0.0,
      3.0,
      3.0,
      2.0,
      4.0,
      7.0,
      3.0,
      3.0,
      0.0,
      7.0,
      6.0,
      3.0,
      5.0,
      1.0,
      2.0,
      3.0,
      1.0,
      3.0,
      2.0,
      4.0,
      1.0,
      1.0,
      5.0,
      9.0,
      2.0,
      8.0,
      4.0,
      2.0,
      12.0,
      4.0,
      4.0,
      7.0,
      5.0,
      7.0,
      4.0,
      0.0,
      5.0,
      2.0,
      0.0,
      1.0,
      6.0,
      4.0,
      0.0,
      4.0,
      11.0,
      5.0,
      9.0,
      8.0,
      5.0,
      3.0,
      1.0,
      3.0,
      2.0,
      5.0,
      5.0,
      2.0,
      3.0,
      3.0,
      3.0,
      4.0,
      4.0,
      14.0,
      8.0,
      6.0
    ],
    "y_pred": [
      4.025412326303354,
      9.096018575787012,
      5.554488245644539,
      1.8364209240701215,
      5.899899414097539,
      5.139141114758982,
      1.666533864790307,
      6.915195765367709,
      6.596031294766308,
      2.295522289489013,
      1.2558649324029718,
      1.2792128193362076,
      6.880814838662624,
      -0.14112060475915333,
      2.2635644692764134,
      4.281895725364751,
      1.929447417251163,
      2.691617996175101,
      1.941316503736245,
      4.575005787118154,
      0.9039569697454543,
      2.134263979999791,
      5.374889736983607,
      2.3608454069593336,
      1.3441614991669324,
      5.106542504477855,
      2.4664496199434205,
      5.879962234356646,
      3.332442446838506,
      1.7619587746253587,
      5.094970727294942,
      1.565771853948668,
      6.619877332950634,
      6.499289457656599,
      3.6737469292025993,
      2.6489987811196,
      0.2774204962041848,
      10.2259348051756,
      3.177047050346502,
      2.8241730235704607,
      6.417090082013183,
      1.795603652008391,
      3.412200199591626,
      3.5192701926640666,
      0.9530350188764026,
      1.9842063749129928,
      1.059117879969375,
      4.300929469814182,
      -0.5340227873535425,
      4.562961133372251,
      5.996291837682915,
      4.768205365388941,
      1.9404881028634733,
      8.213971382791556,
      3.287597114857041,
      3.457114905171968,
      10.808973898938739,
      3.54101557989395,
      4.7035105018530565,
      5.5084020781199925,
      2.7426665864794657,
      8.212474028194224,
      3.3826609349338175,
      3.5652644892893384,
      7.733744278392006,
      1.8518004340681273,
      1.173313280994515,
      1.3656487237493398,
      3.032034927644999,
      1.180801006771283,
      0.6547408303647315,
      7.066787356289704,
      15.85586939364903,
      2.579303291959946,
      13.385458363707203,
      3.760772602474244,
      3.747218691785267,
      3.1197597554361565,
      1.5116560381260797,
      1.8566944138636368,
      1.8517791661715182,
      3.5153689688688226,
      7.535982863013452,
      1.102054008870158,
      0.653871909804247,
      3.2616503728580724,
      1.8156601489529585,
      1.3811613524095083,
      3.4238573633534295,
      13.753093004963276,
      7.649663984248851,
      10.630926092762936
    ]
  }
}
