{
  "name": "t3_k250_hgb_3seeds",
  "ccc_pooled": 0.40282592907565595,
  "delta": 0.02442592907565594,
  "ci_low": -0.14243887047129328,
  "ci_high": 0.15556909358519805,
  "frac_gt_zero": 0.6166,
  "per_seed_ccc": [
    0.4028259290756559,
    0.4028259290756559,
    0.4028259290756559
  ]
}