{
  "name": "lockbox_t1_slotC_richer_ph_downstream",
  "created_at_utc": "20260515T085147Z",
  "preregistration": "results/preregistration_t1_ceiling_push_20260515_master.json",
  "slot": "slot_C_richer_ph_mfdfa",
  "feature_cache": "results/cache_stepfunction_v2_ph_v2_mfdfa_v2_20260515T085037Z.csv",
  "results": {
    "baseline_iter34": {
      "n": 92,
      "ccc": 0.717,
      "cal_slope": 0.8151,
      "mae": 1.7356,
      "r": 0.7223,
      "pred_mean": 4.058,
      "pred_std": 3.106,
      "true_mean": 4.033,
      "true_std": 2.752,
      "label": "iter34_baseline"
    },
    "n": 92,
    "C1_item13_replace_richer_ph": {
      "alpha": 10.0,
      "item_13_decomp": {
        "ccc": 0.172195519124333,
        "r": 0.20370221154230234,
        "C_b": 0.8453296496918196,
        "MAE": 0.5959925605767988,
        "RMSE": 0.7655756590018126,
        "var_ratio": 0.5511124242526734
      },
      "metrics": {
        "n": 92,
        "ccc": 0.7138,
        "cal_slope": 0.8218,
        "mae": 1.7611,
        "r": 0.7201,
        "pred_mean": 4.061,
        "pred_std": 3.141,
        "true_mean": 4.033,
        "true_std": 2.752,
        "label": "slotC1_item13_replace_richer"
      },
      "delta_ccc": -0.0031999999999999806,
      "bootstrap": {
        "delta_median": -0.00265016338102958,
        "delta_ci_lower": -0.022953818070966803,
        "delta_ci_upper": 0.013416339132586122,
        "frac_positive": 0.3735,
        "n_boot": 2000
      }
    },
    "C2_item13_corr_richer_ph": {
      "alpha": 10.0,
      "item_13_corrected_decomp": {
        "ccc": 0.05438422919467487,
        "r": 0.056450580114660316,
        "C_b": 0.963395399732809,
        "MAE": 0.7161564342845826,
        "RMSE": 0.9002699140372159,
        "var_ratio": 0.7603279822873881
      },
      "item_13_baseline_decomp": {
        "ccc": 0.0674365691619195,
        "r": 0.09470485099420695,
        "C_b": 0.7120709071822119,
        "MAE": 0.6265038953311852,
        "RMSE": 0.771400336345462,
        "var_ratio": 0.4183792604534842
      },
      "corr_delta_sum_resid": -0.16703990663295254,
      "metrics": {
        "n": 92,
        "ccc": 0.7024,
        "cal_slope": 0.8237,
        "mae": 1.8221,
        "r": 0.7102,
        "pred_mean": 4.065,
        "pred_std": 3.192,
        "true_mean": 4.033,
        "true_std": 2.752,
        "label": "slotC2_item13_corr_richer"
      },
      "delta_ccc": -0.014599999999999946,
      "bootstrap": {
        "delta_median": -0.014434154763954543,
        "delta_ci_lower": -0.037476744981473756,
        "delta_ci_upper": 0.0043319036403297395,
        "frac_positive": 0.0715,
        "n_boot": 2000
      }
    }
  }
}
