{
  "name": "t3_bayes_ridge",
  "ccc": 0.1723907305287039,
  "delta": -0.2060092694712961
}