{
  "mode": "v3_only",
  "n_subjects": 92,
  "seeds": [
    42,
    1337,
    7
  ],
  "feature_count_used": 550,
  "k_selection": true,
  "per_seed": [
    {
      "seed": 42,
      "ccc": 0.7255585047917158,
      "wall_s": 463.78696513175964
    },
    {
      "seed": 1337,
      "ccc": 0.7260840817601022,
      "wall_s": 467.4416751861572
    },
    {
      "seed": 7,
      "ccc": 0.7226226601069901,
      "wall_s": 466.6421082019806
    }
  ],
  "headline": {
    "n": 92,
    "ccc": 0.7249,
    "cal_slope": 0.8749,
    "mae": 1.8111,
    "r": 0.736,
    "pred_mean": 4.1,
    "pred_std": 3.272,
    "true_mean": 4.033,
    "true_std": 2.752,
    "label": "t1_v3_gsp_v3_only"
  },
  "comparator_iter34_ccc": 0.717,
  "delta_vs_iter34_observed": 0.007900000000000018,
  "sign_flip": {
    "test": "per_subject_sign_flip_permutation_on_se_diff",
    "n_subjects": 92,
    "n_perms": 10000,
    "observed_mean_diff_se": -0.1564066391769574,
    "p_one_sided": 0.6063
  },
  "bca": {
    "test": "BCa_95_CI_on_delta_CCC",
    "n_boot": 5000,
    "delta_ccc_observed": 0.007883445770256015,
    "ci_low": -0.04013396594878666,
    "ci_high": 0.06579847534389685,
    "z0": 0.0005013256759256267,
    "a": 0.01503347411766627
  },
  "decision": {
    "verdict": "FAIL",
    "p_one_sided": 0.6063,
    "p_threshold_bonferroni": 0.05,
    "ci_low": -0.04013396594878666,
    "ci_high": 0.06579847534389685,
    "delta_ccc_observed": 0.007883445770256015,
    "mcid_delta": 0.025,
    "gates": {
      "sign_flip_p_passes": false,
      "bca_excludes_zero": false,
      "point_delta_meets_mcid": false
    }
  },
  "wall_time_total_s": 1397.8708622455597,
  "per_subject": {
    "sids": [
      "NLS142",
      "NLS179",
      "NLS146",
      "NLS157",
      "NLS130",
      "NLS175",
      "WPD022",
      "NLS121",
      "NLS150",
      "WPD020",
      "NLS197",
      "NLS184",
      "NLS143",
      "NLS102",
      "NLS183",
      "NLS192",
      "WPD018",
      "NLS163",
      "NLS189",
      "NLS144",
      "WPD024",
      "WPD012",
      "WPD010",
      "NLS176",
      "NLS160",
      "NLS135",
      "NLS190",
      "NLS069",
      "WPD023",
      "WPD005",
      "NLS198",
      "WPD027",
      "NLS149",
      "NLS185",
      "NLS172",
      "NLS164",
      "NLS182",
      "WPD025",
      "WPD003",
      "NLS170",
      "NLS127",
      "WPD015",
      "NLS167",
      "NLS186",
      "WPD016",
      "NLS169",
      "NLS035",
      "NLS153",
      "WPD021",
      "NLS155",
      "NLS166",
      "NLS191",
      "WPD004",
      "WPD009",
      "WPD029",
      "NLS211",
      "NLS201",
      "NLS152",
      "NLS174",
      "NLS165",
      "NLS148",
      "NLS161",
      "NLS159",
      "WPD019",
      "NLS208",
      "WPD026",
      "NLS154",
      "NLS173",
      "WPD006",
      "NLS177",
      "WPD008",
      "NLS101",
      "NLS033",
      "NLS022",
      "NLS124",
      "NLS056",
      "NLS209",
      "NLS162",
      "NLS195",
      "NLS139",
      "NLS002",
      "NLS210",
      "NLS141",
      "WPD007",
      "WPD001",
      "NLS147",
      "WPD011",
      "WPD014",
      "NLS158",
      "NLS196",
      "NLS140",
      "NLS187"
    ],
    "y_true": [
      4.0,
      5.0,
      2.0,
      3.0,
      3.0,
      3.0,
      4.0,
      2.0,
      9.0,
      2.0,
      3.0,
      4.0,
      7.0,
      1.0,
      1.0,
      0.0,
      5.0,
      5.0,
      2.0,
      7.0,
      3.0,
      3.0,
      4.0,
      1.0,
      6.0,
      4.0,
      5.0,
      10.0,
      0.0,
      3.0,
      3.0,
      2.0,
      4.0,
      7.0,
      3.0,
      3.0,
      0.0,
      7.0,
      6.0,
      3.0,
      5.0,
      1.0,
      2.0,
      3.0,
      1.0,
      3.0,
      2.0,
      4.0,
      1.0,
      1.0,
      5.0,
      9.0,
      2.0,
      8.0,
      4.0,
      2.0,
      12.0,
      4.0,
      4.0,
      7.0,
      5.0,
      7.0,
      4.0,
      0.0,
      5.0,
      2.0,
      0.0,
      1.0,
      6.0,
      4.0,
      0.0,
      4.0,
      11.0,
      5.0,
      9.0,
      8.0,
      5.0,
      3.0,
      1.0,
      3.0,
      2.0,
      5.0,
      5.0,
      2.0,
      3.0,
      3.0,
      3.0,
      4.0,
      4.0,
      14.0,
      8.0,
      6.0
    ],
    "y_pred": [
      3.636054518875707,
      7.484851877827816,
      6.876555615216501,
      1.802775961258935,
      6.605783654792968,
      2.436110608818138,
      2.7257884357699855,
      4.837931268853976,
      8.189573727171561,
      1.9956267746270848,
      1.6876148841581686,
      2.0391742504105395,
      11.602353247924142,
      -0.2938991542726403,
      3.2389660955959143,
      3.1514249902101867,
      1.9215841138915242,
      3.0007229587578195,
      0.08351693029535297,
      3.660712736361089,
      1.3568573937394326,
      2.1733278862566134,
      6.563287353795913,
      1.0941026418072173,
      1.4115471464465699,
      4.644617802685939,
      3.4453186778479155,
      6.634382515224135,
      3.5880150341999335,
      0.39436854410998484,
      3.537521845166911,
      2.3608253432465225,
      5.322291771468634,
      6.1555059567483115,
      5.234060876451511,
      2.3572687221248025,
      0.6408883522134635,
      9.505716418436926,
      6.179567194112781,
      1.8479350126604797,
      6.272049072373927,
      3.081464493440056,
      4.348334973906641,
      5.712677247480055,
      -0.5843452605676697,
      2.136051102694721,
      1.0948934495001632,
      5.632005517944248,
      -0.19101868493181673,
      3.5785296886221367,
      5.542582425048296,
      7.071374751927895,
      2.332097642186373,
      7.671822057306141,
      3.5760859522222384,
      4.065702891789003,
      11.211577370876313,
      4.049929380338402,
      6.460599282725318,
      5.590116416958243,
      2.5204245760260275,
      9.428183612282405,
      1.4335521300655047,
      2.618443315421825,
      7.538347871338477,
      2.7607041206703493,
      0.2772818382661593,
      1.6853337387379643,
      2.3410431652639794,
      0.5811693005836357,
      0.6411852430410317,
      5.7210965150430475,
      15.173329628286844,
      1.9506256969573323,
      12.844917897254414,
      2.7560367193449746,
      3.1223295845059305,
      2.8167885177802883,
      1.2085433354317925,
      1.7243072449978198,
      1.8510441268655582,
      2.674280887934563,
      7.348806857554043,
      1.3297199332058722,
      0.31778680587310265,
      3.940555334749611,
      2.263443511316129,
      2.4718569983349936,
      3.21812674721958,
      14.224363555652483,
      6.180833610635834,
      12.455115161729777
    ]
  }
}