{
  "name": "t3_et",
  "ccc_pooled": 0.36767133276607716,
  "delta": -0.01072866723392285
}