{
  "item": 9,
  "variant": "hy_residual_item",
  "eval": "loocv",
  "n_subjects": 94,
  "seeds": [
    42,
    1337,
    7
  ],
  "ccc_mean": 0.44366666666666665,
  "ccc_std": 0.01388172259563713,
  "mae_mean": 0.3415000000000001,
  "per_seed": [
    {
      "n": 94,
      "ccc": 0.4322,
      "cal_slope": 0.3336,
      "mae": 0.3476,
      "r": 0.4548,
      "pred_mean": 0.303,
      "pred_std": 0.358,
      "true_mean": 0.266,
      "true_std": 0.488,
      "label": ""
    },
    {
      "n": 94,
      "ccc": 0.4356,
      "cal_slope": 0.3298,
      "mae": 0.3432,
      "r": 0.4616,
      "pred_mean": 0.296,
      "pred_std": 0.348,
      "true_mean": 0.266,
      "true_std": 0.488,
      "label": ""
    },
    {
      "n": 94,
      "ccc": 0.4632,
      "cal_slope": 0.3408,
      "mae": 0.3337,
      "r": 0.499,
      "pred_mean": 0.301,
      "pred_std": 0.333,
      "true_mean": 0.266,
      "true_std": 0.488,
      "label": ""
    }
  ],
  "wall_time_s": 302.7741358280182,
  "pre_registration": "preregistration_peritem_9_20260430_143044.json"
}