{
  "n": 92,
  "ccc": 0.7128,
  "cal_slope": 0.7707,
  "mae": 1.7408,
  "r": 0.7148,
  "pred_mean": 4.032,
  "pred_std": 2.968,
  "true_mean": 4.033,
  "true_std": 2.752,
  "label": "t1_iter34_phase0_drop14",
  "variant": "drop14",
  "drop_item": 14,
  "no_k500": false,
  "goal_v1_phase0_cell": "(b) drop chain item 14",
  "bases": [
    "lgb",
    "xgb",
    "et"
  ],
  "n_subjects": 92,
  "item_order_chain_baseline": [
    9,
    10,
    11,
    12,
    13,
    14,
    15,
    18
  ],
  "chain_items_after_drop": [
    9,
    10,
    11,
    12,
    13,
    15,
    18
  ],
  "preregistration_file": "preregistration_t1_iter34_phase0_drop14_20260512_130445.json",
  "is_phase0_ablation": true,
  "is_canonical_update": false,
  "n_seeds": 3,
  "per_seed": [
    {
      "seed": 42,
      "ccc_mt": 0.7120204603611595,
      "wall": 446.8316881656647
    },
    {
      "seed": 1337,
      "ccc_mt": 0.7127434122456455,
      "wall": 445.91441106796265
    },
    {
      "seed": 7,
      "ccc_mt": 0.7132880047575205,
      "wall": 454.681654214859
    }
  ],
  "wall_time_total_s": 1347.4278602600098,
  "bootstrap_delta_vs_iter34_hygiene": {
    "n_boot": 5000,
    "delta_mean": -0.004031647691468851,
    "delta_ci_low": -0.019873465605848403,
    "delta_ci_high": 0.010836442137158482,
    "frac_above_zero": 0.3032,
    "frac_above_0.025": 0.0004,
    "ccc_iter34_hygiene": 0.717,
    "delta_meanof_predmeans": -0.0042
  },
  "per_subject": {
    "sids": [
      "NLS142",
      "NLS179",
      "NLS146",
      "NLS157",
      "NLS130",
      "NLS175",
      "WPD022",
      "NLS121",
      "NLS150",
      "WPD020",
      "NLS197",
      "NLS184",
      "NLS143",
      "NLS102",
      "NLS183",
      "NLS192",
      "WPD018",
      "NLS163",
      "NLS189",
      "NLS144",
      "WPD024",
      "WPD012",
      "WPD010",
      "NLS176",
      "NLS160",
      "NLS135",
      "NLS190",
      "NLS069",
      "WPD023",
      "WPD005",
      "NLS198",
      "WPD027",
      "NLS149",
      "NLS185",
      "NLS172",
      "NLS164",
      "NLS182",
      "WPD025",
      "WPD003",
      "NLS170",
      "NLS127",
      "WPD015",
      "NLS167",
      "NLS186",
      "WPD016",
      "NLS169",
      "NLS035",
      "NLS153",
      "WPD021",
      "NLS155",
      "NLS166",
      "NLS191",
      "WPD004",
      "WPD009",
      "WPD029",
      "NLS211",
      "NLS201",
      "NLS152",
      "NLS174",
      "NLS165",
      "NLS148",
      "NLS161",
      "NLS159",
      "WPD019",
      "NLS208",
      "WPD026",
      "NLS154",
      "NLS173",
      "WPD006",
      "NLS177",
      "WPD008",
      "NLS101",
      "NLS033",
      "NLS022",
      "NLS124",
      "NLS056",
      "NLS209",
      "NLS162",
      "NLS195",
      "NLS139",
      "NLS002",
      "NLS210",
      "NLS141",
      "WPD007",
      "WPD001",
      "NLS147",
      "WPD011",
      "WPD014",
      "NLS158",
      "NLS196",
      "NLS140",
      "NLS187"
    ],
    "y_true": [
      4.0,
      5.0,
      2.0,
      3.0,
      3.0,
      3.0,
      4.0,
      2.0,
      9.0,
      2.0,
      3.0,
      4.0,
      7.0,
      1.0,
      1.0,
      0.0,
      5.0,
      5.0,
      2.0,
      7.0,
      3.0,
      3.0,
      4.0,
      1.0,
      6.0,
      4.0,
      5.0,
      10.0,
      0.0,
      3.0,
      3.0,
      2.0,
      4.0,
      7.0,
      3.0,
      3.0,
      0.0,
      7.0,
      6.0,
      3.0,
      5.0,
      1.0,
      2.0,
      3.0,
      1.0,
      3.0,
      2.0,
      4.0,
      1.0,
      1.0,
      5.0,
      9.0,
      2.0,
      8.0,
      4.0,
      2.0,
      12.0,
      4.0,
      4.0,
      7.0,
      5.0,
      7.0,
      4.0,
      0.0,
      5.0,
      2.0,
      0.0,
      1.0,
      6.0,
      4.0,
      0.0,
      4.0,
      11.0,
      5.0,
      9.0,
      8.0,
      5.0,
      3.0,
      1.0,
      3.0,
      2.0,
      5.0,
      5.0,
      2.0,
      3.0,
      3.0,
      3.0,
      4.0,
      4.0,
      14.0,
      8.0,
      6.0
    ],
    "y_pred": [
      3.877259537204226,
      9.077198296132702,
      5.333774960113122,
      2.150044040429678,
      5.229734271398497,
      5.07049397882114,
      1.7461126465853714,
      6.897471565472979,
      6.534741057706197,
      2.3653474070990117,
      1.6101702756480076,
      1.4494021577686087,
      6.9932889245682945,
      -0.3337153015265882,
      2.2670895219754392,
      4.0870607822421805,
      1.9128981633473405,
      3.322493369688632,
      2.108327835408594,
      4.5539021749032464,
      0.794949636203606,
      1.7791127617036329,
      5.085416669305622,
      2.7829736250167723,
      1.4648715533690269,
      5.398783736138021,
      2.5304176128863047,
      5.911614840143359,
      2.85022321133369,
      1.6616514375533473,
      5.082792828337035,
      1.4007185632103063,
      6.910724588626752,
      6.508871572964455,
      3.9550898087429247,
      2.442074569297349,
      0.5329199102754522,
      10.057183023516764,
      2.518003139520482,
      2.8265283211320287,
      6.485439077815708,
      1.988818353247541,
      3.3921098093566577,
      4.155141080377896,
      0.9862765314089321,
      1.9628294006919014,
      0.9947734748663465,
      4.171458907751215,
      -0.20853474671083413,
      4.851939011991554,
      5.995602743887601,
      4.762278141941512,
      2.007833512736452,
      7.29524038596898,
      2.71749333626827,
      3.132601821811608,
      9.993686529863695,
      3.9579770440387922,
      4.544506546455501,
      5.757099066756772,
      2.8281915530539705,
      8.260883352461212,
      3.575048691365699,
      3.855500463098529,
      6.844108033087211,
      1.7100412811324694,
      1.4816992040765378,
      1.6979591277201196,
      2.5676018155703906,
      1.1260588795311717,
      0.33149340843810354,
      7.239187083222618,
      15.043305241875702,
      2.8097188224158036,
      12.690259663002001,
      4.018076496223478,
      3.7423675628592705,
      3.4368850403666826,
      1.4945218398354394,
      2.143159127025291,
      1.9077720807238716,
      3.475330001343352,
      7.572048169735756,
      0.9795709638073236,
      0.9353843716576217,
      3.673378827362256,
      2.099408950213945,
      1.2497559742524011,
      3.412242936666388,
      13.128758474576756,
      7.319400185560499,
      10.616960300612709
    ]
  }
}