{
  "mode": "v3_mos_only",
  "n_subjects": 92,
  "seeds": [
    42,
    1337,
    7
  ],
  "feature_count_used": 344,
  "k_selection": true,
  "per_seed": [
    {
      "seed": 42,
      "ccc": 0.643936002560357,
      "wall_s": 327.08638215065
    },
    {
      "seed": 1337,
      "ccc": 0.6444552811901327,
      "wall_s": 312.2207622528076
    },
    {
      "seed": 7,
      "ccc": 0.6450371826445522,
      "wall_s": 347.177077293396
    }
  ],
  "headline": {
    "n": 92,
    "ccc": 0.6447,
    "cal_slope": 0.7564,
    "mae": 1.9631,
    "r": 0.6519,
    "pred_mean": 4.093,
    "pred_std": 3.193,
    "true_mean": 4.033,
    "true_std": 2.752,
    "label": "t1_v3_combined_v3_mos_only"
  },
  "comparator_iter34_ccc": 0.717,
  "delta_vs_iter34_observed": -0.07229999999999992,
  "sign_flip": {
    "test": "per_subject_sign_flip_permutation_on_se_diff",
    "n_subjects": 92,
    "n_perms": 10000,
    "observed_mean_diff_se": -1.4430619722637927,
    "p_one_sided": 0.993
  },
  "bca": {
    "test": "BCa_95_CI_on_delta_CCC",
    "n_boot": 5000,
    "delta_ccc_observed": -0.0723639979951416,
    "ci_low": -0.1445789563737252,
    "ci_high": -0.023737039479456764,
    "z0": -0.05015358346473367,
    "a": -0.021948649272868853
  },
  "decision": {
    "verdict": "FAIL",
    "p_one_sided": 0.993,
    "p_threshold_bonferroni": 0.05,
    "ci_low": -0.1445789563737252,
    "ci_high": -0.023737039479456764,
    "delta_ccc_observed": -0.0723639979951416,
    "mcid_delta": 0.025,
    "gates": {
      "sign_flip_p_passes": false,
      "bca_excludes_zero": true,
      "point_delta_meets_mcid": false
    }
  },
  "wall_time_total_s": 986.4843392372131,
  "per_subject": {
    "sids": [
      "NLS142",
      "NLS179",
      "NLS146",
      "NLS157",
      "NLS130",
      "NLS175",
      "WPD022",
      "NLS121",
      "NLS150",
      "WPD020",
      "NLS197",
      "NLS184",
      "NLS143",
      "NLS102",
      "NLS183",
      "NLS192",
      "WPD018",
      "NLS163",
      "NLS189",
      "NLS144",
      "WPD024",
      "WPD012",
      "WPD010",
      "NLS176",
      "NLS160",
      "NLS135",
      "NLS190",
      "NLS069",
      "WPD023",
      "WPD005",
      "NLS198",
      "WPD027",
      "NLS149",
      "NLS185",
      "NLS172",
      "NLS164",
      "NLS182",
      "WPD025",
      "WPD003",
      "NLS170",
      "NLS127",
      "WPD015",
      "NLS167",
      "NLS186",
      "WPD016",
      "NLS169",
      "NLS035",
      "NLS153",
      "WPD021",
      "NLS155",
      "NLS166",
      "NLS191",
      "WPD004",
      "WPD009",
      "WPD029",
      "NLS211",
      "NLS201",
      "NLS152",
      "NLS174",
      "NLS165",
      "NLS148",
      "NLS161",
      "NLS159",
      "WPD019",
      "NLS208",
      "WPD026",
      "NLS154",
      "NLS173",
      "WPD006",
      "NLS177",
      "WPD008",
      "NLS101",
      "NLS033",
      "NLS022",
      "NLS124",
      "NLS056",
      "NLS209",
      "NLS162",
      "NLS195",
      "NLS139",
      "NLS002",
      "NLS210",
      "NLS141",
      "WPD007",
      "WPD001",
      "NLS147",
      "WPD011",
      "WPD014",
      "NLS158",
      "NLS196",
      "NLS140",
      "NLS187"
    ],
    "y_true": [
      4.0,
      5.0,
      2.0,
      3.0,
      3.0,
      3.0,
      4.0,
      2.0,
      9.0,
      2.0,
      3.0,
      4.0,
      7.0,
      1.0,
      1.0,
      0.0,
      5.0,
      5.0,
      2.0,
      7.0,
      3.0,
      3.0,
      4.0,
      1.0,
      6.0,
      4.0,
      5.0,
      10.0,
      0.0,
      3.0,
      3.0,
      2.0,
      4.0,
      7.0,
      3.0,
      3.0,
      0.0,
      7.0,
      6.0,
      3.0,
      5.0,
      1.0,
      2.0,
      3.0,
      1.0,
      3.0,
      2.0,
      4.0,
      1.0,
      1.0,
      5.0,
      9.0,
      2.0,
      8.0,
      4.0,
      2.0,
      12.0,
      4.0,
      4.0,
      7.0,
      5.0,
      7.0,
      4.0,
      0.0,
      5.0,
      2.0,
      0.0,
      1.0,
      6.0,
      4.0,
      0.0,
      4.0,
      11.0,
      5.0,
      9.0,
      8.0,
      5.0,
      3.0,
      1.0,
      3.0,
      2.0,
      5.0,
      5.0,
      2.0,
      3.0,
      3.0,
      3.0,
      4.0,
      4.0,
      14.0,
      8.0,
      6.0
    ],
    "y_pred": [
      4.336163197824083,
      9.031922187092173,
      6.724983089628499,
      1.502383695600608,
      7.926662220547059,
      2.979077905609168,
      1.669773538718804,
      6.130830375410781,
      6.229259611418875,
      2.7609570825457133,
      2.130075254542275,
      1.1038328244450042,
      8.967652750995118,
      -0.6977446597870737,
      2.4296319742167736,
      3.2718944696348875,
      1.253891068360949,
      2.944717049291255,
      2.1749104113039057,
      4.549808581547521,
      0.8839920257209548,
      1.7792397678652982,
      5.536274305278627,
      1.6947894997812991,
      1.4449333641731321,
      4.924533785847938,
      2.458525514306055,
      4.218062019928105,
      3.2075608623126786,
      0.9832432160335,
      4.8751415894951995,
      2.7413545508527477,
      8.01812793031422,
      7.4577718695254775,
      5.151284785604449,
      2.71517259530564,
      0.6844205279052559,
      11.202793508814429,
      3.057753761827559,
      2.529644648917464,
      5.887050943049144,
      1.78576125093951,
      7.133405959954005,
      3.3200660648250477,
      0.816233430872284,
      2.9054448469909873,
      1.4616456515366096,
      4.491328405494117,
      0.1365238497786323,
      2.81798280440314,
      5.22381039471433,
      4.283194213236817,
      1.9576574981580777,
      8.905724278981117,
      5.989009365440086,
      2.9759508979938984,
      10.134096674304729,
      2.6536788319161935,
      4.601966978992942,
      8.118786312723246,
      2.6530901018346973,
      7.055660690467048,
      1.286381854223664,
      4.810870663475626,
      6.986911784901015,
      2.0385900577624363,
      0.8160412142509438,
      2.232978974482385,
      1.1269789114495026,
      1.322400936540039,
      -0.3654997335679484,
      7.064176873174511,
      13.476454331159381,
      2.2166301152272525,
      13.558516487179487,
      1.8279859453003293,
      4.3444733820350425,
      3.933392311874371,
      2.032815923700904,
      2.1497782332738073,
      3.1630425400574897,
      2.2346332116485215,
      9.553743609521177,
      1.2384670984337272,
      0.16975641121062676,
      1.743939193029559,
      2.293249519981506,
      1.959664117929676,
      3.2070754507324026,
      13.664599743988203,
      7.332834575220898,
      10.876286371085408
    ]
  }
}