{
  "n": 92,
  "ccc": 0.7094,
  "cal_slope": 0.7195,
  "mae": 1.6698,
  "r": 0.7094,
  "pred_mean": 4.049,
  "pred_std": 2.791,
  "true_mean": 4.033,
  "true_std": 2.752,
  "label": "t1_iter34_phase0_drop10",
  "variant": "drop10",
  "drop_item": 10,
  "no_k500": false,
  "goal_v1_phase0_cell": "(b) drop chain item 10",
  "bases": [
    "lgb",
    "xgb",
    "et"
  ],
  "n_subjects": 92,
  "item_order_chain_baseline": [
    9,
    10,
    11,
    12,
    13,
    14,
    15,
    18
  ],
  "chain_items_after_drop": [
    9,
    11,
    12,
    13,
    14,
    15,
    18
  ],
  "preregistration_file": "preregistration_t1_iter34_phase0_drop10_20260512_113411.json",
  "is_phase0_ablation": true,
  "is_canonical_update": false,
  "n_seeds": 3,
  "per_seed": [
    {
      "seed": 42,
      "ccc_mt": 0.709528567642081,
      "wall": 418.8768241405487
    },
    {
      "seed": 1337,
      "ccc_mt": 0.7092516399345038,
      "wall": 483.5345673561096
    },
    {
      "seed": 7,
      "ccc_mt": 0.7092324923339591,
      "wall": 473.7628381252289
    }
  ],
  "wall_time_total_s": 1376.1743319034576,
  "bootstrap_delta_vs_iter34_hygiene": {
    "n_boot": 5000,
    "delta_mean": -0.008141530254664988,
    "delta_ci_low": -0.03674527543025725,
    "delta_ci_high": 0.014275614798782879,
    "frac_above_zero": 0.281,
    "frac_above_0.025": 0.0016,
    "ccc_iter34_hygiene": 0.717,
    "delta_meanof_predmeans": -0.0076
  },
  "per_subject": {
    "sids": [
      "NLS142",
      "NLS179",
      "NLS146",
      "NLS157",
      "NLS130",
      "NLS175",
      "WPD022",
      "NLS121",
      "NLS150",
      "WPD020",
      "NLS197",
      "NLS184",
      "NLS143",
      "NLS102",
      "NLS183",
      "NLS192",
      "WPD018",
      "NLS163",
      "NLS189",
      "NLS144",
      "WPD024",
      "WPD012",
      "WPD010",
      "NLS176",
      "NLS160",
      "NLS135",
      "NLS190",
      "NLS069",
      "WPD023",
      "WPD005",
      "NLS198",
      "WPD027",
      "NLS149",
      "NLS185",
      "NLS172",
      "NLS164",
      "NLS182",
      "WPD025",
      "WPD003",
      "NLS170",
      "NLS127",
      "WPD015",
      "NLS167",
      "NLS186",
      "WPD016",
      "NLS169",
      "NLS035",
      "NLS153",
      "WPD021",
      "NLS155",
      "NLS166",
      "NLS191",
      "WPD004",
      "WPD009",
      "WPD029",
      "NLS211",
      "NLS201",
      "NLS152",
      "NLS174",
      "NLS165",
      "NLS148",
      "NLS161",
      "NLS159",
      "WPD019",
      "NLS208",
      "WPD026",
      "NLS154",
      "NLS173",
      "WPD006",
      "NLS177",
      "WPD008",
      "NLS101",
      "NLS033",
      "NLS022",
      "NLS124",
      "NLS056",
      "NLS209",
      "NLS162",
      "NLS195",
      "NLS139",
      "NLS002",
      "NLS210",
      "NLS141",
      "WPD007",
      "WPD001",
      "NLS147",
      "WPD011",
      "WPD014",
      "NLS158",
      "NLS196",
      "NLS140",
      "NLS187"
    ],
    "y_true": [
      4.0,
      5.0,
      2.0,
      3.0,
      3.0,
      3.0,
      4.0,
      2.0,
      9.0,
      2.0,
      3.0,
      4.0,
      7.0,
      1.0,
      1.0,
      0.0,
      5.0,
      5.0,
      2.0,
      7.0,
      3.0,
      3.0,
      4.0,
      1.0,
      6.0,
      4.0,
      5.0,
      10.0,
      0.0,
      3.0,
      3.0,
      2.0,
      4.0,
      7.0,
      3.0,
      3.0,
      0.0,
      7.0,
      6.0,
      3.0,
      5.0,
      1.0,
      2.0,
      3.0,
      1.0,
      3.0,
      2.0,
      4.0,
      1.0,
      1.0,
      5.0,
      9.0,
      2.0,
      8.0,
      4.0,
      2.0,
      12.0,
      4.0,
      4.0,
      7.0,
      5.0,
      7.0,
      4.0,
      0.0,
      5.0,
      2.0,
      0.0,
      1.0,
      6.0,
      4.0,
      0.0,
      4.0,
      11.0,
      5.0,
      9.0,
      8.0,
      5.0,
      3.0,
      1.0,
      3.0,
      2.0,
      5.0,
      5.0,
      2.0,
      3.0,
      3.0,
      3.0,
      4.0,
      4.0,
      14.0,
      8.0,
      6.0
    ],
    "y_pred": [
      3.9807300192020256,
      8.820984173120332,
      5.63796315360014,
      1.7711205981847324,
      5.8504771305669605,
      4.834688875898443,
      1.9359161400095033,
      6.614871183161218,
      6.710391021694034,
      2.648955668775719,
      1.6910872966055266,
      1.46630436031469,
      6.640184117079417,
      0.2447011256113806,
      2.9748970174790443,
      4.042746300096365,
      2.0898207856049216,
      2.642644681858275,
      2.014949156211879,
      4.412575750523701,
      1.3911915720934267,
      2.5172052552467092,
      5.250426729048203,
      2.3331163500237673,
      1.6479896839914128,
      5.252105576940355,
      2.916732819694342,
      4.860859557394694,
      3.478749707903243,
      2.218641134233619,
      4.775257351729489,
      1.8706553204066116,
      6.07391485865244,
      6.088118810023778,
      3.6016795251341502,
      2.963348679063706,
      0.762258692920593,
      9.369556212714196,
      3.3270930745207323,
      3.0308548161876145,
      6.226698881833386,
      2.328183362234374,
      3.437712563432173,
      3.570403395765076,
      0.8912778437227077,
      2.251283723357154,
      1.3667579817017492,
      4.305294160870337,
      -0.05270139680236093,
      3.778068438685739,
      5.924208775205757,
      4.454158283304854,
      2.08341495968225,
      7.388214151434901,
      3.2484275892225174,
      3.837039648140862,
      9.61166369177276,
      3.6795465857865355,
      4.405763655485322,
      5.375705391186718,
      2.678475276329424,
      8.093864272309881,
      3.299269518243421,
      3.559494928398747,
      6.905686882628288,
      2.0989662572746544,
      1.267046930637578,
      1.7403133427861037,
      2.805170394470211,
      1.4770433612794562,
      0.9455539240235359,
      7.132281534160157,
      14.762508168862544,
      2.865549545203526,
      12.072189867099036,
      3.432420479701086,
      3.780592975924797,
      3.3399819103981816,
      1.9923526699361556,
      2.048209060822433,
      2.2102956637633153,
      3.5965361209636413,
      7.605277390158778,
      1.5151348029084553,
      0.7664715029020139,
      2.8615875842907053,
      1.9861117390959846,
      1.9268255219041468,
      3.851756551417908,
      12.894336173214976,
      7.536837472886841,
      10.554281550605031
    ]
  }
}