{
  "mode": "v3_titd_no_kselect",
  "n_subjects": 92,
  "seeds": [
    42,
    1337,
    7
  ],
  "feature_count_used": 96,
  "k_selection": false,
  "per_seed": [
    {
      "seed": 42,
      "ccc": 0.6703321085188958,
      "wall_s": 90.07345700263977
    },
    {
      "seed": 1337,
      "ccc": 0.6662777960496925,
      "wall_s": 88.75871300697327
    },
    {
      "seed": 7,
      "ccc": 0.6717235969749221,
      "wall_s": 90.50245118141174
    }
  ],
  "headline": {
    "n": 92,
    "ccc": 0.6701,
    "cal_slope": 0.7596,
    "mae": 1.8468,
    "r": 0.6748,
    "pred_mean": 4.047,
    "pred_std": 3.098,
    "true_mean": 4.033,
    "true_std": 2.752,
    "label": "t1_v3_combined_v3_titd_no_kselect"
  },
  "comparator_iter34_ccc": 0.717,
  "delta_vs_iter34_observed": -0.04689999999999994,
  "sign_flip": {
    "test": "per_subject_sign_flip_permutation_on_se_diff",
    "n_subjects": 92,
    "n_perms": 10000,
    "observed_mean_diff_se": -0.7926938350587125,
    "p_one_sided": 0.926
  },
  "bca": {
    "test": "BCa_95_CI_on_delta_CCC",
    "n_boot": 5000,
    "delta_ccc_observed": -0.046959338702349585,
    "ci_low": -0.10077844073007187,
    "ci_high": 0.002207969199807024,
    "z0": -0.024567428181125117,
    "a": -0.014463061702569363
  },
  "decision": {
    "verdict": "FAIL",
    "p_one_sided": 0.926,
    "p_threshold_bonferroni": 0.05,
    "ci_low": -0.10077844073007187,
    "ci_high": 0.002207969199807024,
    "delta_ccc_observed": -0.046959338702349585,
    "mcid_delta": 0.025,
    "gates": {
      "sign_flip_p_passes": false,
      "bca_excludes_zero": false,
      "point_delta_meets_mcid": false
    }
  },
  "wall_time_total_s": 269.3347146511078,
  "per_subject": {
    "sids": [
      "NLS142",
      "NLS179",
      "NLS146",
      "NLS157",
      "NLS130",
      "NLS175",
      "WPD022",
      "NLS121",
      "NLS150",
      "WPD020",
      "NLS197",
      "NLS184",
      "NLS143",
      "NLS102",
      "NLS183",
      "NLS192",
      "WPD018",
      "NLS163",
      "NLS189",
      "NLS144",
      "WPD024",
      "WPD012",
      "WPD010",
      "NLS176",
      "NLS160",
      "NLS135",
      "NLS190",
      "NLS069",
      "WPD023",
      "WPD005",
      "NLS198",
      "WPD027",
      "NLS149",
      "NLS185",
      "NLS172",
      "NLS164",
      "NLS182",
      "WPD025",
      "WPD003",
      "NLS170",
      "NLS127",
      "WPD015",
      "NLS167",
      "NLS186",
      "WPD016",
      "NLS169",
      "NLS035",
      "NLS153",
      "WPD021",
      "NLS155",
      "NLS166",
      "NLS191",
      "WPD004",
      "WPD009",
      "WPD029",
      "NLS211",
      "NLS201",
      "NLS152",
      "NLS174",
      "NLS165",
      "NLS148",
      "NLS161",
      "NLS159",
      "WPD019",
      "NLS208",
      "WPD026",
      "NLS154",
      "NLS173",
      "WPD006",
      "NLS177",
      "WPD008",
      "NLS101",
      "NLS033",
      "NLS022",
      "NLS124",
      "NLS056",
      "NLS209",
      "NLS162",
      "NLS195",
      "NLS139",
      "NLS002",
      "NLS210",
      "NLS141",
      "WPD007",
      "WPD001",
      "NLS147",
      "WPD011",
      "WPD014",
      "NLS158",
      "NLS196",
      "NLS140",
      "NLS187"
    ],
    "y_true": [
      4.0,
      5.0,
      2.0,
      3.0,
      3.0,
      3.0,
      4.0,
      2.0,
      9.0,
      2.0,
      3.0,
      4.0,
      7.0,
      1.0,
      1.0,
      0.0,
      5.0,
      5.0,
      2.0,
      7.0,
      3.0,
      3.0,
      4.0,
      1.0,
      6.0,
      4.0,
      5.0,
      10.0,
      0.0,
      3.0,
      3.0,
      2.0,
      4.0,
      7.0,
      3.0,
      3.0,
      0.0,
      7.0,
      6.0,
      3.0,
      5.0,
      1.0,
      2.0,
      3.0,
      1.0,
      3.0,
      2.0,
      4.0,
      1.0,
      1.0,
      5.0,
      9.0,
      2.0,
      8.0,
      4.0,
      2.0,
      12.0,
      4.0,
      4.0,
      7.0,
      5.0,
      7.0,
      4.0,
      0.0,
      5.0,
      2.0,
      0.0,
      1.0,
      6.0,
      4.0,
      0.0,
      4.0,
      11.0,
      5.0,
      9.0,
      8.0,
      5.0,
      3.0,
      1.0,
      3.0,
      2.0,
      5.0,
      5.0,
      2.0,
      3.0,
      3.0,
      3.0,
      4.0,
      4.0,
      14.0,
      8.0,
      6.0
    ],
    "y_pred": [
      3.1505286227065166,
      8.505674968754082,
      7.109731362771947,
      0.9535242611846347,
      4.417712375346089,
      3.1525522128012824,
      1.7830990057041678,
      5.800219390886866,
      6.335272097614726,
      2.057090016422008,
      4.057610380953412,
      1.6905360661694349,
      9.372508116708817,
      0.9348038647732381,
      2.5842522559866086,
      3.4089572189877426,
      2.9289756788128742,
      1.746001820364994,
      2.0602035021362854,
      3.6597657070046936,
      2.7602310919378787,
      1.0318147683112138,
      3.317270644648108,
      1.8480171975874373,
      3.2537918053418955,
      5.260769478525854,
      2.3672302003259866,
      5.64423587292308,
      2.6056629385022396,
      2.102149294524295,
      5.031837527550988,
      0.7676868634407664,
      6.1166502431044,
      7.792284330937213,
      5.132982360800541,
      2.3681759096380812,
      1.825245981756751,
      12.021177681191809,
      1.7336893944966072,
      2.31218231927932,
      4.567897753307773,
      2.031308997868468,
      5.255484347401745,
      3.5583180875637406,
      0.38057257478150835,
      2.4412279290349264,
      1.849264171238093,
      4.799675567523451,
      0.3921723163323187,
      4.205343984056333,
      4.380967973429882,
      5.1287128782247215,
      2.0575917021370143,
      7.719734130308197,
      5.081346350275042,
      3.4706227649286103,
      8.210653124636687,
      2.8078458493535496,
      3.4005994385377396,
      7.8421065248049855,
      2.4537954538175586,
      5.782394081911479,
      3.089881340907971,
      3.867123356590034,
      5.668794625390724,
      2.8628074937547763,
      0.9188933326432617,
      1.5608492801208331,
      2.4517402058854114,
      4.34711403079209,
      0.021401466130093787,
      7.944062333029488,
      15.456391000962816,
      2.312710911809251,
      14.514263499568777,
      2.784346763987745,
      3.351460614874791,
      2.678029452763392,
      1.3440166148382973,
      3.2958818625871533,
      2.2255804541969573,
      2.487286323074415,
      7.52261665768408,
      2.9535562436716947,
      0.8016568132712975,
      0.028300326422613598,
      2.808645337788848,
      1.4322046039777323,
      1.9752351292350738,
      12.587376530902715,
      7.5861131361024965,
      12.667167120212428
    ]
  }
}