{
  "name": "lockbox_t1_X2c_slope_clipped_affine",
  "created_at_utc": "20260516T073336Z",
  "preregistration": "results/preregistration_t1_post_closure_X_series_20260516.json (X2c = X2 fix codex-informed: clip slope \u00b15%)",
  "null_mode": "scrambled_y",
  "sanity_y_nan": false,
  "formula_sha256": "4605261b4a9e3eae0e43040fcdfd8e01b0b6e9fb55974f77b2baa4840e0515c2",
  "slope_clip": [
    0.95,
    1.05
  ],
  "stratum_info": {
    "slope_mean": 0.9500000000000001,
    "slope_min": 0.95,
    "slope_max": 0.95,
    "raw_slope_long_mean": 0.1766407795710863,
    "raw_slope_short_mean": -0.09435091317917962
  },
  "n_cohort": 92,
  "baselines": {
    "loocv_ccc_iter34": 0.07084825404295846,
    "loocv_mae_iter34": 2.8796991986880256
  },
  "corrected": {
    "loocv_ccc": 0.05802772214769507,
    "loocv_mae": 2.8983824433333543,
    "delta_ccc": -0.012820531895263387,
    "delta_mae": 0.018683244645328667,
    "delta_pearson_r": -0.013162725852753278
  },
  "bootstrap_seed_A": {
    "median": -0.012873518517695054,
    "ci95": [
      -0.051948938546910725,
      0.021302690037079554
    ],
    "frac_pos": 0.2392
  },
  "bootstrap_seed_B": {
    "median": -0.011810408769288041,
    "ci95": [
      -0.05224921006004062,
      0.023829659915204627
    ],
    "frac_pos": 0.2572
  },
  "d4_audit": {
    "corr_correction_T1_sum_residual": 0.18333835874673265
  },
  "verdict_provisional": "FAIL"
}