{
  "name": "lockbox_t1_X2c_slope_clipped_affine",
  "created_at_utc": "20260516T073337Z",
  "preregistration": "results/preregistration_t1_post_closure_X_series_20260516.json (X2c = X2 fix codex-informed: clip slope \u00b15%)",
  "null_mode": "transductive",
  "sanity_y_nan": false,
  "formula_sha256": "4605261b4a9e3eae0e43040fcdfd8e01b0b6e9fb55974f77b2baa4840e0515c2",
  "slope_clip": [
    0.95,
    1.05
  ],
  "stratum_info": {
    "slope_mean": 1.05,
    "slope_min": 1.05,
    "slope_max": 1.05,
    "raw_slope_long_mean": 2.20916969624585,
    "raw_slope_short_mean": 1.5738524704924017
  },
  "n_cohort": 92,
  "baselines": {
    "loocv_ccc_iter34": 0.16008300477220996,
    "loocv_mae_iter34": 4.03417823043515
  },
  "corrected": {
    "loocv_ccc": 0.4810639826168756,
    "loocv_mae": 1.6667430022921652,
    "delta_ccc": 0.3209809778446656,
    "delta_mae": -2.367435228142985,
    "delta_pearson_r": -0.037506578447696115
  },
  "bootstrap_seed_A": {
    "median": 0.3167877910235919,
    "ci95": [
      0.23871233026877853,
      0.3824184560300127
    ],
    "frac_pos": 1.0
  },
  "bootstrap_seed_B": {
    "median": 0.31768833886472536,
    "ci95": [
      0.2404271816106893,
      0.3866895420018681
    ],
    "frac_pos": 1.0
  },
  "d4_audit": {
    "corr_correction_T1_sum_residual": 0.0824901571842542
  },
  "verdict_provisional": "PRIMARY_GATE_PASS_REPLICATED"
}