{
  "mode": "v3_no_kselect",
  "n_subjects": 92,
  "seeds": [
    42,
    1337,
    7
  ],
  "feature_count_used": 550,
  "k_selection": false,
  "per_seed": [
    {
      "seed": 42,
      "ccc": 0.7240391777319903,
      "wall_s": 785.3940970897675
    },
    {
      "seed": 1337,
      "ccc": 0.7247027056819436,
      "wall_s": 650.1657593250275
    },
    {
      "seed": 7,
      "ccc": 0.7227210073190427,
      "wall_s": 577.1521289348602
    }
  ],
  "headline": {
    "n": 92,
    "ccc": 0.724,
    "cal_slope": 0.8774,
    "mae": 1.8082,
    "r": 0.7355,
    "pred_mean": 4.104,
    "pred_std": 3.283,
    "true_mean": 4.033,
    "true_std": 2.752,
    "label": "t1_v3_gsp_v3_no_kselect"
  },
  "comparator_iter34_ccc": 0.717,
  "delta_vs_iter34_observed": 0.007000000000000006,
  "sign_flip": {
    "test": "per_subject_sign_flip_permutation_on_se_diff",
    "n_subjects": 92,
    "n_perms": 10000,
    "observed_mean_diff_se": -0.19523992565625323,
    "p_one_sided": 0.6307
  },
  "bca": {
    "test": "BCa_95_CI_on_delta_CCC",
    "n_boot": 5000,
    "delta_ccc_observed": 0.006923628744064492,
    "ci_low": -0.04302083256664395,
    "ci_high": 0.06498636086259174,
    "z0": -0.003007958465459176,
    "a": 0.010884927216412979
  },
  "decision": {
    "verdict": "FAIL",
    "p_one_sided": 0.6307,
    "p_threshold_bonferroni": 0.05,
    "ci_low": -0.04302083256664395,
    "ci_high": 0.06498636086259174,
    "delta_ccc_observed": 0.006923628744064492,
    "mcid_delta": 0.025,
    "gates": {
      "sign_flip_p_passes": false,
      "bca_excludes_zero": false,
      "point_delta_meets_mcid": false
    }
  },
  "wall_time_total_s": 2012.7121419906616,
  "per_subject": {
    "sids": [
      "NLS142",
      "NLS179",
      "NLS146",
      "NLS157",
      "NLS130",
      "NLS175",
      "WPD022",
      "NLS121",
      "NLS150",
      "WPD020",
      "NLS197",
      "NLS184",
      "NLS143",
      "NLS102",
      "NLS183",
      "NLS192",
      "WPD018",
      "NLS163",
      "NLS189",
      "NLS144",
      "WPD024",
      "WPD012",
      "WPD010",
      "NLS176",
      "NLS160",
      "NLS135",
      "NLS190",
      "NLS069",
      "WPD023",
      "WPD005",
      "NLS198",
      "WPD027",
      "NLS149",
      "NLS185",
      "NLS172",
      "NLS164",
      "NLS182",
      "WPD025",
      "WPD003",
      "NLS170",
      "NLS127",
      "WPD015",
      "NLS167",
      "NLS186",
      "WPD016",
      "NLS169",
      "NLS035",
      "NLS153",
      "WPD021",
      "NLS155",
      "NLS166",
      "NLS191",
      "WPD004",
      "WPD009",
      "WPD029",
      "NLS211",
      "NLS201",
      "NLS152",
      "NLS174",
      "NLS165",
      "NLS148",
      "NLS161",
      "NLS159",
      "WPD019",
      "NLS208",
      "WPD026",
      "NLS154",
      "NLS173",
      "WPD006",
      "NLS177",
      "WPD008",
      "NLS101",
      "NLS033",
      "NLS022",
      "NLS124",
      "NLS056",
      "NLS209",
      "NLS162",
      "NLS195",
      "NLS139",
      "NLS002",
      "NLS210",
      "NLS141",
      "WPD007",
      "WPD001",
      "NLS147",
      "WPD011",
      "WPD014",
      "NLS158",
      "NLS196",
      "NLS140",
      "NLS187"
    ],
    "y_true": [
      4.0,
      5.0,
      2.0,
      3.0,
      3.0,
      3.0,
      4.0,
      2.0,
      9.0,
      2.0,
      3.0,
      4.0,
      7.0,
      1.0,
      1.0,
      0.0,
      5.0,
      5.0,
      2.0,
      7.0,
      3.0,
      3.0,
      4.0,
      1.0,
      6.0,
      4.0,
      5.0,
      10.0,
      0.0,
      3.0,
      3.0,
      2.0,
      4.0,
      7.0,
      3.0,
      3.0,
      0.0,
      7.0,
      6.0,
      3.0,
      5.0,
      1.0,
      2.0,
      3.0,
      1.0,
      3.0,
      2.0,
      4.0,
      1.0,
      1.0,
      5.0,
      9.0,
      2.0,
      8.0,
      4.0,
      2.0,
      12.0,
      4.0,
      4.0,
      7.0,
      5.0,
      7.0,
      4.0,
      0.0,
      5.0,
      2.0,
      0.0,
      1.0,
      6.0,
      4.0,
      0.0,
      4.0,
      11.0,
      5.0,
      9.0,
      8.0,
      5.0,
      3.0,
      1.0,
      3.0,
      2.0,
      5.0,
      5.0,
      2.0,
      3.0,
      3.0,
      3.0,
      4.0,
      4.0,
      14.0,
      8.0,
      6.0
    ],
    "y_pred": [
      3.780841394922245,
      7.421365898511208,
      6.808207300153569,
      1.873326625280259,
      6.441855882176564,
      2.8307843413257654,
      2.811801161967885,
      4.80444084022509,
      8.218660826236908,
      2.0773355833834977,
      1.6550622165007802,
      1.9602015230619638,
      11.631097928444825,
      -0.3193736837204046,
      3.244613977368814,
      3.263934756596337,
      1.981723319819529,
      3.192126056066743,
      0.26151929276055047,
      3.5481987415257468,
      1.2488576870536774,
      2.186048880574711,
      6.657630085747205,
      0.9756927196436528,
      1.3797397339960824,
      4.693547488823391,
      3.339109353507029,
      6.504844831094325,
      3.540767223587045,
      0.40800067067150997,
      3.5818587606491294,
      2.298631667883966,
      5.2972811038546865,
      6.213445324795892,
      5.2380607335363,
      2.2609484435509395,
      0.6470155236646589,
      9.464361175952078,
      6.292106787001586,
      1.7978792566643103,
      6.2596296599871755,
      2.941427973212108,
      4.282310816671598,
      5.775221274323219,
      -0.618073379022206,
      2.0537965565752407,
      1.0153246634494044,
      5.574787661807775,
      -0.21167903964493018,
      3.641056137393154,
      5.527590890060565,
      7.063329407495883,
      2.154671134782107,
      7.711472761497874,
      3.7051461827339165,
      4.16502444655341,
      11.136206314714116,
      3.930539907470987,
      6.413791237508673,
      5.577582034102843,
      2.636685236186144,
      9.392602131749584,
      1.3938550979770223,
      2.561528049549825,
      7.700462017508781,
      2.744468530525824,
      0.10603148308735388,
      1.7160142002257421,
      2.3257782080473755,
      0.6169488636716252,
      0.7204564542565622,
      5.7466505681732984,
      15.169787076141766,
      1.9603252550169508,
      12.81062268702123,
      2.667334506596348,
      3.257961200535496,
      2.874593028704428,
      1.133932747479109,
      1.7831200178970557,
      1.716695239202726,
      2.7023609678967824,
      7.33534816588552,
      1.3769790824150474,
      0.4607914862555935,
      4.070072296350974,
      2.2128646603018938,
      2.31350357505618,
      3.184065949524262,
      14.36504930042276,
      6.146279700539808,
      12.748281573531644
    ]
  }
}