{
  "name": "t3_t1_as_feature",
  "n": 92,
  "ccc": 0.2976978167469242,
  "delta_vs_iter47": -0.08070218325307582
}