{
  "name": "t3_stride_gsp_hgb",
  "base_ccc": 0.3530341884117292,
  "aug_ccc": 0.35647986880872506,
  "delta": 0.003445680396995887
}