{
  "n": 98,
  "ccc": 0.5227,
  "cal_slope": 0.4018,
  "mae": 7.525,
  "r": 0.5485,
  "pred_mean": 24.722,
  "pred_std": 7.973,
  "true_mean": 24.418,
  "true_std": 10.884,
  "label": "t3_iter5_A3_tier1",
  "feature_set": "A3_tier1",
  "stage1_extras": [
    "cv_yrs",
    "cv_sex",
    "cv_dbs"
  ],
  "alpha": 1.0,
  "eval_mode": "loocv_3seed_mean",
  "n_seeds": 3,
  "per_seed_ccc": [
    0.5217062213253731,
    0.5136527455568858,
    0.5133836870391524
  ],
  "per_seed_mae": [
    7.430457393436401,
    7.707034963148893,
    7.604774126223279
  ],
  "per_subject": {
    "sids": [
      "NLS142",
      "NLS179",
      "NLS146",
      "NLS157",
      "NLS130",
      "NLS175",
      "WPD022",
      "NLS121",
      "NLS150",
      "WPD020",
      "NLS197",
      "NLS184",
      "NLS036",
      "NLS143",
      "NLS102",
      "NLS188",
      "NLS183",
      "WPD013",
      "NLS192",
      "WPD018",
      "WPD002",
      "NLS163",
      "NLS189",
      "NLS144",
      "WPD024",
      "WPD012",
      "WPD010",
      "NLS176",
      "NLS151",
      "NLS160",
      "NLS135",
      "NLS190",
      "NLS069",
      "WPD023",
      "WPD005",
      "NLS198",
      "WPD027",
      "NLS149",
      "NLS185",
      "NLS172",
      "NLS164",
      "NLS182",
      "WPD025",
      "WPD003",
      "NLS170",
      "NLS127",
      "WPD015",
      "NLS167",
      "NLS186",
      "WPD016",
      "NLS169",
      "NLS035",
      "NLS153",
      "WPD021",
      "NLS155",
      "NLS166",
      "NLS191",
      "WPD004",
      "WPD009",
      "WPD017",
      "WPD029",
      "NLS211",
      "NLS201",
      "NLS152",
      "NLS174",
      "NLS165",
      "NLS148",
      "NLS161",
      "NLS159",
      "WPD019",
      "NLS208",
      "WPD026",
      "NLS154",
      "NLS173",
      "WPD006",
      "NLS177",
      "WPD008",
      "NLS101",
      "NLS033",
      "NLS022",
      "NLS124",
      "NLS056",
      "NLS209",
      "NLS162",
      "NLS195",
      "NLS139",
      "NLS002",
      "NLS210",
      "NLS141",
      "WPD007",
      "WPD001",
      "NLS147",
      "WPD011",
      "WPD014",
      "NLS158",
      "NLS196",
      "NLS140",
      "NLS187"
    ],
    "y_true": [
      24.0,
      43.0,
      10.0,
      25.0,
      22.0,
      29.0,
      27.0,
      11.0,
      35.0,
      13.0,
      23.0,
      21.0,
      46.0,
      36.0,
      14.0,
      0.0,
      14.0,
      0.0,
      18.0,
      26.0,
      19.0,
      25.0,
      13.0,
      29.0,
      18.0,
      19.0,
      24.0,
      9.0,
      0.0,
      37.0,
      43.0,
      34.0,
      25.0,
      13.0,
      15.0,
      24.0,
      26.0,
      29.0,
      40.0,
      10.0,
      13.0,
      14.0,
      30.0,
      30.0,
      27.0,
      19.0,
      22.0,
      12.0,
      17.0,
      10.0,
      22.0,
      20.0,
      30.0,
      25.0,
      6.0,
      26.0,
      36.0,
      30.0,
      19.0,
      27.0,
      25.0,
      24.0,
      59.0,
      19.0,
      27.0,
      33.0,
      38.0,
      39.0,
      39.0,
      25.0,
      22.0,
      28.0,
      13.0,
      38.0,
      34.0,
      25.0,
      23.0,
      14.0,
      31.0,
      32.0,
      41.0,
      32.0,
      26.0,
      38.0,
      16.0,
      33.0,
      18.0,
      26.0,
      17.0,
      12.0,
      13.0,
      19.0,
      26.0,
      24.0,
      15.0,
      52.0,
      40.0,
      33.0
    ],
    "y_pred": [
      35.51493459197937,
      41.02851813477999,
      26.328117763006272,
      22.67307976140769,
      29.526003274539807,
      27.439503184456242,
      24.64882888414267,
      32.0995210729671,
      25.4761496875785,
      25.424093076876886,
      24.325529821970576,
      21.950422851267216,
      36.47947018364779,
      24.69215621963274,
      17.071998346651846,
      5.6047295300972495,
      28.718227711479415,
      7.562278245659894,
      27.443183154422986,
      16.949736492972047,
      28.268981190758765,
      22.03022808785218,
      15.34884124589649,
      21.958768308868674,
      16.21703018728621,
      22.643213895268797,
      28.679131989473756,
      23.17869829497521,
      7.153311736192831,
      22.833769283746324,
      32.654269158037444,
      26.38106320529177,
      15.325411132964357,
      30.482241537361215,
      18.6236444124909,
      26.721982218660273,
      23.1123239052161,
      29.163086041551754,
      36.07534855954634,
      25.483946822507964,
      21.87466297999622,
      15.968341338531715,
      37.57422964740118,
      24.589601062551207,
      29.03203754454879,
      27.63699491994139,
      26.609950978302987,
      23.174186240182006,
      25.171470343611784,
      18.507677334753694,
      19.65563459418671,
      14.170252741597714,
      28.731335291284235,
      14.622227039646871,
      18.18104878484287,
      35.22773023958774,
      30.247790431098252,
      27.660566091526405,
      26.38177116912074,
      15.643968221698609,
      23.977075671222547,
      20.44821198526927,
      34.153596833377215,
      22.809494083041383,
      21.042535419091518,
      23.856252495568356,
      27.45880240592976,
      27.74335251868315,
      24.593109802758438,
      1.5398743972267885,
      29.361214220294443,
      23.16455106206706,
      14.898604714250382,
      18.367883883968634,
      24.509146416637382,
      21.39115314945442,
      20.561198336273655,
      28.747030799130496,
      49.59346894681812,
      26.08609114154171,
      44.860656322749584,
      23.698167104131205,
      24.944274325464317,
      24.459630537763946,
      17.05526973381602,
      28.94045845363779,
      18.359025941601416,
      25.185916072470516,
      36.58580194922762,
      21.578692237862132,
      20.658344141339583,
      23.735378010524897,
      21.52345203537347,
      13.221469653119025,
      22.1921979265652,
      44.55310284743147,
      40.51635543453204,
      32.44430165894682
    ]
  },
  "preregistration_file": "preregistration_t3_iter5_20260502_171604.json",
  "is_lockbox_headline": true,
  "baseline_iter3_hy_residual_ccc_on_same_98": 0.4092,
  "baseline_published_hy_residual_ccc": 0.4092,
  "delta_vs_baseline_iter3": 0.1135,
  "bootstrap_delta_vs_iter3": {
    "n_boot": 2000,
    "delta_mean": 0.1135,
    "delta_ci_low": 0.0421,
    "delta_ci_high": 0.1865,
    "frac_positive": 1.0,
    "frac_above_0p01": 0.998
  }
}