{
  "n": 93,
  "ccc": 0.7219,
  "cal_slope": 0.8419,
  "mae": 1.8432,
  "r": 0.7294,
  "pred_mean": 4.091,
  "pred_std": 3.267,
  "true_mean": 4.108,
  "true_std": 2.83,
  "label": "t1_iter33b_8item",
  "variant": "V1_random_8item",
  "n_subjects": 93,
  "item_order_chain": [
    9,
    10,
    11,
    12,
    13,
    14,
    15,
    18
  ],
  "auxiliary_items_used": [
    15,
    18
  ],
  "preregistration_file": "preregistration_t1_iter33b_8item_20260506_055603.json",
  "is_lockbox_headline": true,
  "n_seeds": 3,
  "per_seed": [
    {
      "seed": 42,
      "ccc_mt": 0.7213400745308002,
      "ccc_i5": 0.6251700273066169,
      "delta": 0.09617004722418332,
      "wall": 1163.7089223861694
    },
    {
      "seed": 1337,
      "ccc_mt": 0.7216663666571901,
      "ccc_i5": 0.6553369330011617,
      "delta": 0.06632943365602839,
      "wall": 1144.785163640976
    },
    {
      "seed": 7,
      "ccc_mt": 0.7218864696171781,
      "ccc_i5": 0.6552121746286909,
      "delta": 0.0666742949884872,
      "wall": 1151.5364127159119
    }
  ],
  "ccc_iter5_direct_loocv_baseline": 0.6496,
  "delta_vs_iter5_direct": 0.0723,
  "bootstrap_delta_vs_iter5": {
    "n_boot": 5000,
    "delta_mean": 0.07424603697911618,
    "delta_ci_low": 0.002672958908029206,
    "delta_ci_high": 0.15529976235916548,
    "frac_above_zero": 0.979,
    "frac_above_0.025": 0.8976
  },
  "is_canonical_update": true,
  "per_subject": {
    "sids": [
      "NLS142",
      "NLS179",
      "NLS146",
      "NLS157",
      "NLS130",
      "NLS175",
      "WPD022",
      "NLS121",
      "NLS150",
      "WPD020",
      "NLS197",
      "NLS184",
      "NLS036",
      "NLS143",
      "NLS102",
      "NLS183",
      "NLS192",
      "WPD018",
      "NLS163",
      "NLS189",
      "NLS144",
      "WPD024",
      "WPD012",
      "WPD010",
      "NLS176",
      "NLS160",
      "NLS135",
      "NLS190",
      "NLS069",
      "WPD023",
      "WPD005",
      "NLS198",
      "WPD027",
      "NLS149",
      "NLS185",
      "NLS172",
      "NLS164",
      "NLS182",
      "WPD025",
      "WPD003",
      "NLS170",
      "NLS127",
      "WPD015",
      "NLS167",
      "NLS186",
      "WPD016",
      "NLS169",
      "NLS035",
      "NLS153",
      "WPD021",
      "NLS155",
      "NLS166",
      "NLS191",
      "WPD004",
      "WPD009",
      "WPD029",
      "NLS211",
      "NLS201",
      "NLS152",
      "NLS174",
      "NLS165",
      "NLS148",
      "NLS161",
      "NLS159",
      "WPD019",
      "NLS208",
      "WPD026",
      "NLS154",
      "NLS173",
      "WPD006",
      "NLS177",
      "WPD008",
      "NLS101",
      "NLS033",
      "NLS022",
      "NLS124",
      "NLS056",
      "NLS209",
      "NLS162",
      "NLS195",
      "NLS139",
      "NLS002",
      "NLS210",
      "NLS141",
      "WPD007",
      "WPD001",
      "NLS147",
      "WPD011",
      "WPD014",
      "NLS158",
      "NLS196",
      "NLS140",
      "NLS187"
    ],
    "y_true": [
      4.0,
      5.0,
      2.0,
      3.0,
      3.0,
      3.0,
      4.0,
      2.0,
      9.0,
      2.0,
      3.0,
      4.0,
      11.0,
      7.0,
      1.0,
      1.0,
      0.0,
      5.0,
      5.0,
      2.0,
      7.0,
      3.0,
      3.0,
      4.0,
      1.0,
      6.0,
      4.0,
      5.0,
      10.0,
      0.0,
      3.0,
      3.0,
      2.0,
      4.0,
      7.0,
      3.0,
      3.0,
      0.0,
      7.0,
      6.0,
      3.0,
      5.0,
      1.0,
      2.0,
      3.0,
      1.0,
      3.0,
      2.0,
      4.0,
      1.0,
      1.0,
      5.0,
      9.0,
      2.0,
      8.0,
      4.0,
      2.0,
      12.0,
      4.0,
      4.0,
      7.0,
      5.0,
      7.0,
      4.0,
      0.0,
      5.0,
      2.0,
      0.0,
      1.0,
      6.0,
      4.0,
      0.0,
      4.0,
      11.0,
      5.0,
      9.0,
      8.0,
      5.0,
      3.0,
      1.0,
      3.0,
      2.0,
      5.0,
      5.0,
      2.0,
      3.0,
      3.0,
      3.0,
      4.0,
      4.0,
      14.0,
      8.0,
      6.0
    ],
    "y_pred": [
      3.9420622637028395,
      9.366149978314953,
      6.149679687982137,
      1.7742969574815046,
      6.2474901671881815,
      4.589195103466878,
      2.343949489120094,
      6.4175512623673425,
      6.900644285662618,
      1.8880229372326198,
      2.0955007297948574,
      0.8716528811720922,
      7.743351381066158,
      8.47809181537311,
      -0.36324865018031477,
      2.2173143642424455,
      4.916503354603823,
      2.98030310765405,
      2.489542791979829,
      1.4110998918271864,
      5.194779985334825,
      0.6281476829036982,
      1.9515365891771523,
      5.4388204629081285,
      1.723610903786608,
      1.1606846545953082,
      4.9971559139926205,
      3.100536449184484,
      5.077647451607749,
      2.370790292527612,
      1.6139135105236715,
      4.5958674009479035,
      2.2555107890156063,
      7.368704710314401,
      7.1445005681822815,
      3.4038000832755984,
      3.377335535811006,
      -0.3466648704138793,
      8.574975571596557,
      3.399705007505263,
      2.3074244936892025,
      5.128451376819691,
      1.7510015213298153,
      3.4934825775241283,
      4.322459620614329,
      1.8802329177344088,
      1.9457614270977872,
      0.6802960175672014,
      6.573621841275976,
      -1.193761981010676,
      5.048123492179978,
      6.827593125857689,
      4.637788204515977,
      2.04177620027443,
      8.948160364772479,
      4.2226281953238525,
      3.2307860442334726,
      9.807886688227086,
      2.429332285289031,
      6.412672426300126,
      5.928540279518678,
      2.339919122510974,
      7.349290278529903,
      2.2961296274977157,
      2.0134438653414715,
      8.930868083336975,
      1.0139507291262515,
      1.033797671123831,
      1.2821605252337622,
      1.837306909663127,
      1.6996220445035917,
      0.6555862987137657,
      6.188098765771156,
      15.576653531796325,
      2.4114538940581203,
      14.32932132626866,
      4.989540494096244,
      4.784481545514982,
      3.2300819107996843,
      0.6574746255695331,
      2.0649808487338532,
      1.5604219208243706,
      3.1010734459208695,
      7.506185037833885,
      0.6255795735717129,
      0.2241009924348448,
      3.3035288034610795,
      1.365004204363509,
      1.1029641481925003,
      2.025554363763473,
      14.930603868139352,
      8.87754207819574,
      9.196564224047028
    ]
  }
}