{
  "n": 92,
  "ccc": 0.7072,
  "cal_slope": 0.7652,
  "mae": 1.7065,
  "r": 0.7092,
  "pred_mean": 4.051,
  "pred_std": 2.969,
  "true_mean": 4.033,
  "true_std": 2.752,
  "label": "t1_iter34_phase0_drop9",
  "variant": "drop9",
  "drop_item": 9,
  "no_k500": false,
  "goal_v1_phase0_cell": "(b) drop chain item 9",
  "bases": [
    "lgb",
    "xgb",
    "et"
  ],
  "n_subjects": 92,
  "item_order_chain_baseline": [
    9,
    10,
    11,
    12,
    13,
    14,
    15,
    18
  ],
  "chain_items_after_drop": [
    10,
    11,
    12,
    13,
    14,
    15,
    18
  ],
  "preregistration_file": "preregistration_t1_iter34_phase0_drop9_20260512_111249.json",
  "is_phase0_ablation": true,
  "is_canonical_update": false,
  "n_seeds": 3,
  "per_seed": [
    {
      "seed": 42,
      "ccc_mt": 0.7066060457777971,
      "wall": 426.938693523407
    },
    {
      "seed": 1337,
      "ccc_mt": 0.7083026561917265,
      "wall": 426.55793714523315
    },
    {
      "seed": 7,
      "ccc_mt": 0.7064185588048303,
      "wall": 426.0269339084625
    }
  ],
  "wall_time_total_s": 1279.5237941741943,
  "bootstrap_delta_vs_iter34_hygiene": {
    "n_boot": 5000,
    "delta_mean": -0.01056092485856607,
    "delta_ci_low": -0.02893842162409594,
    "delta_ci_high": 0.0025409278265423074,
    "frac_above_zero": 0.0684,
    "frac_above_0.025": 0.0,
    "ccc_iter34_hygiene": 0.717,
    "delta_meanof_predmeans": -0.0098
  },
  "per_subject": {
    "sids": [
      "NLS142",
      "NLS179",
      "NLS146",
      "NLS157",
      "NLS130",
      "NLS175",
      "WPD022",
      "NLS121",
      "NLS150",
      "WPD020",
      "NLS197",
      "NLS184",
      "NLS143",
      "NLS102",
      "NLS183",
      "NLS192",
      "WPD018",
      "NLS163",
      "NLS189",
      "NLS144",
      "WPD024",
      "WPD012",
      "WPD010",
      "NLS176",
      "NLS160",
      "NLS135",
      "NLS190",
      "NLS069",
      "WPD023",
      "WPD005",
      "NLS198",
      "WPD027",
      "NLS149",
      "NLS185",
      "NLS172",
      "NLS164",
      "NLS182",
      "WPD025",
      "WPD003",
      "NLS170",
      "NLS127",
      "WPD015",
      "NLS167",
      "NLS186",
      "WPD016",
      "NLS169",
      "NLS035",
      "NLS153",
      "WPD021",
      "NLS155",
      "NLS166",
      "NLS191",
      "WPD004",
      "WPD009",
      "WPD029",
      "NLS211",
      "NLS201",
      "NLS152",
      "NLS174",
      "NLS165",
      "NLS148",
      "NLS161",
      "NLS159",
      "WPD019",
      "NLS208",
      "WPD026",
      "NLS154",
      "NLS173",
      "WPD006",
      "NLS177",
      "WPD008",
      "NLS101",
      "NLS033",
      "NLS022",
      "NLS124",
      "NLS056",
      "NLS209",
      "NLS162",
      "NLS195",
      "NLS139",
      "NLS002",
      "NLS210",
      "NLS141",
      "WPD007",
      "WPD001",
      "NLS147",
      "WPD011",
      "WPD014",
      "NLS158",
      "NLS196",
      "NLS140",
      "NLS187"
    ],
    "y_true": [
      4.0,
      5.0,
      2.0,
      3.0,
      3.0,
      3.0,
      4.0,
      2.0,
      9.0,
      2.0,
      3.0,
      4.0,
      7.0,
      1.0,
      1.0,
      0.0,
      5.0,
      5.0,
      2.0,
      7.0,
      3.0,
      3.0,
      4.0,
      1.0,
      6.0,
      4.0,
      5.0,
      10.0,
      0.0,
      3.0,
      3.0,
      2.0,
      4.0,
      7.0,
      3.0,
      3.0,
      0.0,
      7.0,
      6.0,
      3.0,
      5.0,
      1.0,
      2.0,
      3.0,
      1.0,
      3.0,
      2.0,
      4.0,
      1.0,
      1.0,
      5.0,
      9.0,
      2.0,
      8.0,
      4.0,
      2.0,
      12.0,
      4.0,
      4.0,
      7.0,
      5.0,
      7.0,
      4.0,
      0.0,
      5.0,
      2.0,
      0.0,
      1.0,
      6.0,
      4.0,
      0.0,
      4.0,
      11.0,
      5.0,
      9.0,
      8.0,
      5.0,
      3.0,
      1.0,
      3.0,
      2.0,
      5.0,
      5.0,
      2.0,
      3.0,
      3.0,
      3.0,
      4.0,
      4.0,
      14.0,
      8.0,
      6.0
    ],
    "y_pred": [
      3.998446022234738,
      9.05878475671222,
      5.66621652825208,
      1.9311883932126352,
      6.059458410012212,
      4.808285663085783,
      1.745601079561031,
      6.942930709249157,
      6.251545039032361,
      2.5190089314442523,
      1.5134636776950252,
      1.4424344793122268,
      6.92757670932757,
      0.19202816608038464,
      2.5329812474909774,
      4.261296979145121,
      2.0606998770168534,
      2.472275030377202,
      2.0460610982117244,
      4.592627845034915,
      0.9217226138084883,
      2.1448653278542107,
      5.2100944516427505,
      2.146411063324196,
      1.6067296961890125,
      5.21233744979225,
      2.6310119900160363,
      5.1183161942167,
      3.460909200344941,
      1.782854014944383,
      5.006338403810052,
      1.8571073648605883,
      6.69561390832687,
      6.344416779018737,
      3.7073984983303596,
      2.819705947452596,
      0.5591528884808916,
      10.053089742141735,
      2.9886991919265156,
      3.059740831401594,
      6.137080455147589,
      1.8890534200588422,
      3.452867067706934,
      3.356084981043924,
      1.0842090140166543,
      2.177014926947905,
      1.2580707772988207,
      4.058036871425717,
      -0.34086900251262087,
      4.499323981206284,
      6.059676082671438,
      4.686282343200745,
      2.0381403024611084,
      7.87550930210618,
      3.3807014837555425,
      3.5493212882657965,
      10.558839418573525,
      3.509880878285333,
      4.3332266106299615,
      5.425770453773812,
      2.6757393252095665,
      7.9259639803551805,
      3.4062959765112617,
      3.6599007293709227,
      7.140537637895318,
      2.0406555683619523,
      1.297546968727128,
      1.5745168857390308,
      3.128326003942354,
      1.2636710699861584,
      0.9587875033462082,
      6.938384233258808,
      15.250490406569142,
      2.7972834161588658,
      13.086455288157625,
      3.37394627135459,
      3.8084816700039945,
      3.1446944957153486,
      1.6582461817503686,
      1.9363755510572356,
      2.013370438673324,
      3.5067355692097735,
      7.514562112735706,
      1.4178097261641203,
      0.5623868291087097,
      2.8070705814797186,
      2.033873467125722,
      1.6228890079852534,
      3.3063425521213556,
      13.422633621767105,
      7.388461791372316,
      10.663726774263411
    ]
  }
}