{
  "name": "lockbox_t1_slotA_evening_axial_correction",
  "created_at_utc": "20260515T185130Z",
  "preregistration_master": "results/preregistration_t1_ceiling_push_20260515_evening_master.json",
  "session": "2026-05-15-evening-glass-ceiling-push-slotA",
  "null_mode": "scrambled_y",
  "sanity_y_nan": false,
  "formula_sha256": "19f8b0fdb7c55c468edea119025e43c74d39d41debf2e184a1e55ad1dadfccab",
  "n_cohort": 92,
  "n_features_kept": 24,
  "n_features_dropped_mounting_contaminated": 6,
  "alpha_grid": [
    10.0,
    30.0,
    100.0,
    300.0,
    1000.0
  ],
  "lambda_fixed": 1.0,
  "n_bootstrap": 5000,
  "primary_gate": {
    "rule": "replicated-uncorrected \u03b1=0.05 + MCID +0.005 + BH-FDR q<=0.10",
    "mcid": 0.005,
    "frac_pos_gate": 0.95
  },
  "report_only_gates": {
    "in_session_bonferroni_n_4_gate": 0.9875,
    "lifetime_bonferroni_n_28_gate": 0.99821
  },
  "baselines": {
    "loocv_ccc_t1_sum": 0.7170378403014925,
    "loocv_ccc_item13": 0.06743656916202519,
    "loocv_mae_t1_sum": 1.7356018162374585,
    "loocv_pearson_t1_sum": 0.7223066495976541
  },
  "seed_set_A": {
    "label": "seed_set_A",
    "loocv_ccc_t1_sum_baseline": 0.7170378403014925,
    "loocv_ccc_t1_sum_corrected": 0.7203612147067571,
    "delta_ccc_t1_sum": 0.003323374405264534,
    "delta_pearson_r_t1_sum": 0.00334506006367985,
    "delta_mae_t1_sum": -0.012726220100559793,
    "loocv_ccc_item13_baseline": 0.06743656916202519,
    "loocv_ccc_item13_corrected": 0.05455116189387233,
    "delta_ccc_item13": -0.012885407268152856,
    "bootstrap_t1_sum": {
      "median": 0.0033749597297521583,
      "ci95": [
        -0.012351539782076789,
        0.017057823362726904
      ],
      "frac_pos": 0.6902
    },
    "bootstrap_item13": {
      "median": -0.010693831936662693,
      "ci95": [
        -0.1315942753240894,
        0.0938657219446168
      ],
      "frac_pos": 0.4252
    }
  },
  "seed_set_B": {
    "label": "seed_set_B",
    "loocv_ccc_t1_sum_baseline": 0.7170378403014925,
    "loocv_ccc_t1_sum_corrected": 0.7188668389736378,
    "delta_ccc_t1_sum": 0.0018289986721452545,
    "delta_pearson_r_t1_sum": 0.0021678577982791047,
    "delta_mae_t1_sum": -0.003037006059029901,
    "loocv_ccc_item13_baseline": 0.06743656916202519,
    "loocv_ccc_item13_corrected": 0.05940635893610703,
    "delta_ccc_item13": -0.008030210225918155,
    "bootstrap_t1_sum": {
      "median": 0.0022335685841378683,
      "ci95": [
        -0.014470052307119232,
        0.015578907262211294
      ],
      "frac_pos": 0.6152
    },
    "bootstrap_item13": {
      "median": -0.0060832635835596305,
      "ci95": [
        -0.12456018160635192,
        0.09530213261040166
      ],
      "frac_pos": 0.4548
    }
  },
  "d4_audit_avg_seeds": {
    "delta_pearson_r_avg": 0.0028056211061892045,
    "delta_mae_avg": -0.00788161307979518,
    "corr_correction_T1_sum_residual": 0.09199608405111961,
    "corr_correction_item13_residual": -0.018119994892408637
  },
  "fivefold_screen": {
    "per_seed_deltas": [
      -0.0016530544300905614,
      -0.0019211195982548057,
      -0.000822192855801096
    ],
    "mean_delta": -0.0014654556280488211,
    "seed_std": 0.0004678354263453496,
    "promotion_gate_mean": 0.025,
    "promotion_gate_std": 0.02,
    "passes_promotion": false
  },
  "verdict_provisional": "POSITIVE_BUT_SUB_GATE"
}