{
  "n": 93,
  "ccc": 0.7366,
  "cal_slope": 0.8215,
  "mae": 1.731,
  "r": 0.7406,
  "pred_mean": 4.089,
  "pred_std": 3.139,
  "true_mean": 4.108,
  "true_std": 2.83,
  "label": "t1_iter34_hybrid",
  "variant": "hybrid_8item_multibase",
  "bases": [
    "lgb",
    "xgb",
    "et"
  ],
  "n_subjects": 93,
  "item_order_chain": [
    9,
    10,
    11,
    12,
    13,
    14,
    15,
    18
  ],
  "auxiliary_items_used": [
    15,
    18
  ],
  "preregistration_file": "preregistration_t1_iter34_hybrid_20260506_135932.json",
  "is_lockbox_headline": true,
  "is_post_publication_replication_target": true,
  "family_wise_independence_claim": "Single pre-registered post-publication run; not part of iter33-B canonical-update family of comparisons (council 2026-05-06). Bonferroni adjustment trivial (n_tests=1).",
  "n_seeds": 3,
  "per_seed": [
    {
      "seed": 42,
      "ccc_mt": 0.7371096524022885,
      "ccc_i5": 0.6251700273066169,
      "delta": 0.11193962509567168,
      "wall": 318.14608693122864
    },
    {
      "seed": 1337,
      "ccc_mt": 0.7364624724140592,
      "ccc_i5": 0.6553369330011617,
      "delta": 0.08112553941289746,
      "wall": 318.3513159751892
    },
    {
      "seed": 7,
      "ccc_mt": 0.7358632810261327,
      "ccc_i5": 0.6552121746286909,
      "delta": 0.08065110639744189,
      "wall": 318.0821633338928
    }
  ],
  "wall_time_total_s": 954.5800008773804,
  "ccc_iter5_direct_loocv_baseline": 0.6496,
  "delta_vs_iter5_direct": 0.087,
  "bootstrap_delta_vs_iter5": {
    "n_boot": 5000,
    "delta_mean": 0.0890434512823314,
    "delta_ci_low": 0.02005089484245014,
    "delta_ci_high": 0.16725962673344716,
    "frac_above_zero": 0.9958,
    "frac_above_0.025": 0.9636
  },
  "bootstrap_delta_vs_iter33b_8item": {
    "n_boot": 5000,
    "delta_mean": 0.014797414303215217,
    "delta_ci_low": -0.0011721967659563985,
    "delta_ci_high": 0.032027052257334127,
    "frac_above_zero": 0.965,
    "frac_above_0.025": 0.1112,
    "ccc_iter33b": 0.7219,
    "delta_meanof_predmeans": 0.014655487734591133
  },
  "bootstrap_delta_vs_iter30b_v1_random": {
    "n_boot": 5000,
    "delta_mean": 0.026176102907082065,
    "delta_ci_low": -0.010499884147932792,
    "delta_ci_high": 0.061756842703544285,
    "frac_above_zero": 0.926,
    "frac_above_0.025": 0.5302,
    "ccc_iter30b_v1": 0.7103
  },
  "is_canonical_update": true,
  "verdict_vs_iter33b": "LIFT (frac>0 vs iter33-B \u2265 0.95)",
  "per_subject": {
    "sids": [
      "NLS142",
      "NLS179",
      "NLS146",
      "NLS157",
      "NLS130",
      "NLS175",
      "WPD022",
      "NLS121",
      "NLS150",
      "WPD020",
      "NLS197",
      "NLS184",
      "NLS036",
      "NLS143",
      "NLS102",
      "NLS183",
      "NLS192",
      "WPD018",
      "NLS163",
      "NLS189",
      "NLS144",
      "WPD024",
      "WPD012",
      "WPD010",
      "NLS176",
      "NLS160",
      "NLS135",
      "NLS190",
      "NLS069",
      "WPD023",
      "WPD005",
      "NLS198",
      "WPD027",
      "NLS149",
      "NLS185",
      "NLS172",
      "NLS164",
      "NLS182",
      "WPD025",
      "WPD003",
      "NLS170",
      "NLS127",
      "WPD015",
      "NLS167",
      "NLS186",
      "WPD016",
      "NLS169",
      "NLS035",
      "NLS153",
      "WPD021",
      "NLS155",
      "NLS166",
      "NLS191",
      "WPD004",
      "WPD009",
      "WPD029",
      "NLS211",
      "NLS201",
      "NLS152",
      "NLS174",
      "NLS165",
      "NLS148",
      "NLS161",
      "NLS159",
      "WPD019",
      "NLS208",
      "WPD026",
      "NLS154",
      "NLS173",
      "WPD006",
      "NLS177",
      "WPD008",
      "NLS101",
      "NLS033",
      "NLS022",
      "NLS124",
      "NLS056",
      "NLS209",
      "NLS162",
      "NLS195",
      "NLS139",
      "NLS002",
      "NLS210",
      "NLS141",
      "WPD007",
      "WPD001",
      "NLS147",
      "WPD011",
      "WPD014",
      "NLS158",
      "NLS196",
      "NLS140",
      "NLS187"
    ],
    "y_true": [
      4.0,
      5.0,
      2.0,
      3.0,
      3.0,
      3.0,
      4.0,
      2.0,
      9.0,
      2.0,
      3.0,
      4.0,
      11.0,
      7.0,
      1.0,
      1.0,
      0.0,
      5.0,
      5.0,
      2.0,
      7.0,
      3.0,
      3.0,
      4.0,
      1.0,
      6.0,
      4.0,
      5.0,
      10.0,
      0.0,
      3.0,
      3.0,
      2.0,
      4.0,
      7.0,
      3.0,
      3.0,
      0.0,
      7.0,
      6.0,
      3.0,
      5.0,
      1.0,
      2.0,
      3.0,
      1.0,
      3.0,
      2.0,
      4.0,
      1.0,
      1.0,
      5.0,
      9.0,
      2.0,
      8.0,
      4.0,
      2.0,
      12.0,
      4.0,
      4.0,
      7.0,
      5.0,
      7.0,
      4.0,
      0.0,
      5.0,
      2.0,
      0.0,
      1.0,
      6.0,
      4.0,
      0.0,
      4.0,
      11.0,
      5.0,
      9.0,
      8.0,
      5.0,
      3.0,
      1.0,
      3.0,
      2.0,
      5.0,
      5.0,
      2.0,
      3.0,
      3.0,
      3.0,
      4.0,
      4.0,
      14.0,
      8.0,
      6.0
    ],
    "y_pred": [
      3.6616248705298737,
      8.927417576615275,
      6.29787034352582,
      1.4423815345119273,
      6.135012120182821,
      4.105026384696827,
      2.132260144223299,
      6.348125001415002,
      6.9337885084543585,
      2.109227385849364,
      2.367722668379747,
      1.1027439912488546,
      7.889498877330127,
      8.825926139320167,
      -0.4557662151904947,
      2.450697650980185,
      4.294209898336278,
      2.4021285880134906,
      2.8074012329746716,
      1.6656277848979777,
      4.695270359172156,
      0.6103760715797527,
      1.972454427788079,
      5.6589256281566405,
      2.0546018714097225,
      1.4226085445014744,
      5.1251441685803245,
      3.0199690352504667,
      5.581433222888312,
      2.70724857383683,
      1.498979024343581,
      4.221274910210475,
      2.2676644629016396,
      7.253670918944475,
      7.057837919785304,
      3.601033885050034,
      2.9259497382221724,
      0.13643785523300878,
      9.144841807774887,
      3.756139351892422,
      2.667906332464949,
      5.523104896493037,
      1.8739882883116465,
      4.00994236599161,
      3.68406549329827,
      1.1328918085502957,
      1.8016983137198164,
      1.0942894204341347,
      5.872986984991152,
      -0.7603211124185071,
      4.710785915953468,
      6.012877076177548,
      4.7449367426228095,
      2.1404321847353565,
      8.12827856268448,
      4.061910892789305,
      3.3173896812266697,
      10.143580516249768,
      3.1400545566889018,
      6.371821400026502,
      5.848706570723631,
      2.335779755978775,
      7.748777069701163,
      2.6318027161925928,
      2.5311376896548228,
      7.854886152226747,
      1.6789430060216899,
      0.9841865326808281,
      1.2309099566132575,
      2.3367671449334604,
      1.4833146980657623,
      0.5906025884962728,
      6.244485902754202,
      15.538591102085022,
      2.6518119246963168,
      13.408914888642874,
      4.380774502756968,
      4.470198963936977,
      2.9514988013744463,
      1.0216035021323286,
      2.40036163585229,
      1.8457893512183452,
      3.2615767415910173,
      7.519384233330627,
      0.8363472678459395,
      0.5194744795401148,
      3.0538464702352113,
      1.1882633146922748,
      1.1258562401201042,
      2.4522465911912676,
      14.299651003485442,
      8.474210799714868,
      9.583789440488447
    ]
  }
}