{
  "mode": "v3_recovery_only",
  "n_subjects": 92,
  "seeds": [
    42,
    1337,
    7
  ],
  "feature_count_used": 291,
  "k_selection": true,
  "per_seed": [
    {
      "seed": 42,
      "ccc": 0.5377674746050991,
      "wall_s": 250.43285870552063
    },
    {
      "seed": 1337,
      "ccc": 0.5756604963398264,
      "wall_s": 213.98679971694946
    },
    {
      "seed": 7,
      "ccc": 0.5552808164934445,
      "wall_s": 212.14364957809448
    }
  ],
  "headline": {
    "n": 92,
    "ccc": 0.5592,
    "cal_slope": 0.4835,
    "mae": 1.761,
    "r": 0.5664,
    "pred_mean": 4.111,
    "pred_std": 2.349,
    "true_mean": 4.033,
    "true_std": 2.752,
    "label": "t1_v3_combined_v3_recovery_only"
  },
  "comparator_iter34_ccc": 0.717,
  "delta_vs_iter34_observed": -0.15779999999999994,
  "sign_flip": {
    "test": "per_subject_sign_flip_permutation_on_se_diff",
    "n_subjects": 92,
    "n_perms": 10000,
    "observed_mean_diff_se": -0.9022392181248573,
    "p_one_sided": 0.8449
  },
  "bca": {
    "test": "BCa_95_CI_on_delta_CCC",
    "n_boot": 5000,
    "delta_ccc_observed": -0.1578738705343662,
    "ci_low": -0.29792670536899524,
    "ci_high": -0.05493237424513069,
    "z0": -0.07074588669704919,
    "a": -0.031480374116072754
  },
  "decision": {
    "verdict": "FAIL",
    "p_one_sided": 0.8449,
    "p_threshold_bonferroni": 0.05,
    "ci_low": -0.29792670536899524,
    "ci_high": -0.05493237424513069,
    "delta_ccc_observed": -0.1578738705343662,
    "mcid_delta": 0.025,
    "gates": {
      "sign_flip_p_passes": false,
      "bca_excludes_zero": true,
      "point_delta_meets_mcid": false
    }
  },
  "wall_time_total_s": 676.5634043216705,
  "per_subject": {
    "sids": [
      "NLS142",
      "NLS179",
      "NLS146",
      "NLS157",
      "NLS130",
      "NLS175",
      "WPD022",
      "NLS121",
      "NLS150",
      "WPD020",
      "NLS197",
      "NLS184",
      "NLS143",
      "NLS102",
      "NLS183",
      "NLS192",
      "WPD018",
      "NLS163",
      "NLS189",
      "NLS144",
      "WPD024",
      "WPD012",
      "WPD010",
      "NLS176",
      "NLS160",
      "NLS135",
      "NLS190",
      "NLS069",
      "WPD023",
      "WPD005",
      "NLS198",
      "WPD027",
      "NLS149",
      "NLS185",
      "NLS172",
      "NLS164",
      "NLS182",
      "WPD025",
      "WPD003",
      "NLS170",
      "NLS127",
      "WPD015",
      "NLS167",
      "NLS186",
      "WPD016",
      "NLS169",
      "NLS035",
      "NLS153",
      "WPD021",
      "NLS155",
      "NLS166",
      "NLS191",
      "WPD004",
      "WPD009",
      "WPD029",
      "NLS211",
      "NLS201",
      "NLS152",
      "NLS174",
      "NLS165",
      "NLS148",
      "NLS161",
      "NLS159",
      "WPD019",
      "NLS208",
      "WPD026",
      "NLS154",
      "NLS173",
      "WPD006",
      "NLS177",
      "WPD008",
      "NLS101",
      "NLS033",
      "NLS022",
      "NLS124",
      "NLS056",
      "NLS209",
      "NLS162",
      "NLS195",
      "NLS139",
      "NLS002",
      "NLS210",
      "NLS141",
      "WPD007",
      "WPD001",
      "NLS147",
      "WPD011",
      "WPD014",
      "NLS158",
      "NLS196",
      "NLS140",
      "NLS187"
    ],
    "y_true": [
      4.0,
      5.0,
      2.0,
      3.0,
      3.0,
      3.0,
      4.0,
      2.0,
      9.0,
      2.0,
      3.0,
      4.0,
      7.0,
      1.0,
      1.0,
      0.0,
      5.0,
      5.0,
      2.0,
      7.0,
      3.0,
      3.0,
      4.0,
      1.0,
      6.0,
      4.0,
      5.0,
      10.0,
      0.0,
      3.0,
      3.0,
      2.0,
      4.0,
      7.0,
      3.0,
      3.0,
      0.0,
      7.0,
      6.0,
      3.0,
      5.0,
      1.0,
      2.0,
      3.0,
      1.0,
      3.0,
      2.0,
      4.0,
      1.0,
      1.0,
      5.0,
      9.0,
      2.0,
      8.0,
      4.0,
      2.0,
      12.0,
      4.0,
      4.0,
      7.0,
      5.0,
      7.0,
      4.0,
      0.0,
      5.0,
      2.0,
      0.0,
      1.0,
      6.0,
      4.0,
      0.0,
      4.0,
      11.0,
      5.0,
      9.0,
      8.0,
      5.0,
      3.0,
      1.0,
      3.0,
      2.0,
      5.0,
      5.0,
      2.0,
      3.0,
      3.0,
      3.0,
      4.0,
      4.0,
      14.0,
      8.0,
      6.0
    ],
    "y_pred": [
      3.9843880705521713,
      8.989679579758509,
      5.938156331267801,
      0.7265673132029504,
      3.558790695200365,
      2.83937084846789,
      2.844668209370319,
      8.083616151624073,
      4.324370460286248,
      5.131862214236221,
      3.603851825303624,
      1.9987302396592537,
      5.209125718689889,
      -0.7001096173615444,
      4.185997635191231,
      2.3377587488703155,
      3.5072873234419917,
      6.541065465983828,
      2.6698197452160204,
      3.9461475369411896,
      0.2384932156888997,
      3.9353308714319706,
      3.3701991799322433,
      1.296889848339678,
      4.356162319194958,
      4.199970778966416,
      6.1701667947453585,
      3.8756978513566516,
      1.8096821755083379,
      1.0382690668973091,
      5.437509877792432,
      1.771464258489593,
      6.591439751917225,
      7.290569189905665,
      4.196138877596005,
      3.554531031040744,
      0.605018626709553,
      9.330322969559118,
      1.8694724485989147,
      3.5072140061895145,
      5.609053724977145,
      2.364563767284633,
      3.4392578762322272,
      4.00210493842878,
      1.99897756690807,
      2.843400340928897,
      3.5358140891815872,
      3.596172997880521,
      0.738938353009645,
      4.586664124346677,
      5.9783706460150015,
      3.0408234553978395,
      2.228563504346131,
      5.63312055939565,
      2.5350992735941964,
      3.313298121873182,
      5.673688012374659,
      3.6765719524031226,
      5.131523152859514,
      6.003001366476404,
      2.7928474770691856,
      7.191948292716713,
      2.840082880344172,
      4.953066965937185,
      3.821257190127588,
      4.1039751670856335,
      2.742729261209504,
      3.788073339063009,
      2.854978627862947,
      3.9844037699973653,
      0.40514556932396983,
      5.571685748926304,
      10.6709334232955,
      2.1248199535895718,
      9.817857841733007,
      0.8037226773150749,
      4.713140518346479,
      5.121709548070766,
      1.3915086885847845,
      3.2402128029878874,
      2.67851407304399,
      4.183414478095285,
      8.008567459056103,
      2.59727172157247,
      3.2518096710207,
      3.4650548754935193,
      3.1536474212473298,
      3.7649055631388126,
      5.222666143010998,
      10.337698884281938,
      7.750387940584268,
      10.738672972780096
    ]
  }
}