{
  "n": 92,
  "ccc": 0.6901,
  "cal_slope": 0.6762,
  "mae": 1.6878,
  "r": 0.6902,
  "pred_mean": 4.058,
  "pred_std": 2.696,
  "true_mean": 4.033,
  "true_std": 2.752,
  "label": "t1_iter34_phase0_drop12",
  "variant": "drop12",
  "drop_item": 12,
  "no_k500": false,
  "goal_v1_phase0_cell": "(b) drop chain item 12",
  "bases": [
    "lgb",
    "xgb",
    "et"
  ],
  "n_subjects": 92,
  "item_order_chain_baseline": [
    9,
    10,
    11,
    12,
    13,
    14,
    15,
    18
  ],
  "chain_items_after_drop": [
    9,
    10,
    11,
    13,
    14,
    15,
    18
  ],
  "preregistration_file": "preregistration_t1_iter34_phase0_drop12_20260512_121953.json",
  "is_phase0_ablation": true,
  "is_canonical_update": false,
  "n_seeds": 3,
  "per_seed": [
    {
      "seed": 42,
      "ccc_mt": 0.689573818636112,
      "wall": 449.04752111434937
    },
    {
      "seed": 1337,
      "ccc_mt": 0.6903064723117637,
      "wall": 448.7101743221283
    },
    {
      "seed": 7,
      "ccc_mt": 0.6902228623569218,
      "wall": 447.7274408340454
    }
  ],
  "wall_time_total_s": 1345.4852504730225,
  "bootstrap_delta_vs_iter34_hygiene": {
    "n_boot": 5000,
    "delta_mean": -0.02818640595135296,
    "delta_ci_low": -0.07103038425268707,
    "delta_ci_high": 0.006269333329343611,
    "frac_above_zero": 0.0602,
    "frac_above_0.025": 0.0002,
    "ccc_iter34_hygiene": 0.717,
    "delta_meanof_predmeans": -0.0269
  },
  "per_subject": {
    "sids": [
      "NLS142",
      "NLS179",
      "NLS146",
      "NLS157",
      "NLS130",
      "NLS175",
      "WPD022",
      "NLS121",
      "NLS150",
      "WPD020",
      "NLS197",
      "NLS184",
      "NLS143",
      "NLS102",
      "NLS183",
      "NLS192",
      "WPD018",
      "NLS163",
      "NLS189",
      "NLS144",
      "WPD024",
      "WPD012",
      "WPD010",
      "NLS176",
      "NLS160",
      "NLS135",
      "NLS190",
      "NLS069",
      "WPD023",
      "WPD005",
      "NLS198",
      "WPD027",
      "NLS149",
      "NLS185",
      "NLS172",
      "NLS164",
      "NLS182",
      "WPD025",
      "WPD003",
      "NLS170",
      "NLS127",
      "WPD015",
      "NLS167",
      "NLS186",
      "WPD016",
      "NLS169",
      "NLS035",
      "NLS153",
      "WPD021",
      "NLS155",
      "NLS166",
      "NLS191",
      "WPD004",
      "WPD009",
      "WPD029",
      "NLS211",
      "NLS201",
      "NLS152",
      "NLS174",
      "NLS165",
      "NLS148",
      "NLS161",
      "NLS159",
      "WPD019",
      "NLS208",
      "WPD026",
      "NLS154",
      "NLS173",
      "WPD006",
      "NLS177",
      "WPD008",
      "NLS101",
      "NLS033",
      "NLS022",
      "NLS124",
      "NLS056",
      "NLS209",
      "NLS162",
      "NLS195",
      "NLS139",
      "NLS002",
      "NLS210",
      "NLS141",
      "WPD007",
      "WPD001",
      "NLS147",
      "WPD011",
      "WPD014",
      "NLS158",
      "NLS196",
      "NLS140",
      "NLS187"
    ],
    "y_true": [
      4.0,
      5.0,
      2.0,
      3.0,
      3.0,
      3.0,
      4.0,
      2.0,
      9.0,
      2.0,
      3.0,
      4.0,
      7.0,
      1.0,
      1.0,
      0.0,
      5.0,
      5.0,
      2.0,
      7.0,
      3.0,
      3.0,
      4.0,
      1.0,
      6.0,
      4.0,
      5.0,
      10.0,
      0.0,
      3.0,
      3.0,
      2.0,
      4.0,
      7.0,
      3.0,
      3.0,
      0.0,
      7.0,
      6.0,
      3.0,
      5.0,
      1.0,
      2.0,
      3.0,
      1.0,
      3.0,
      2.0,
      4.0,
      1.0,
      1.0,
      5.0,
      9.0,
      2.0,
      8.0,
      4.0,
      2.0,
      12.0,
      4.0,
      4.0,
      7.0,
      5.0,
      7.0,
      4.0,
      0.0,
      5.0,
      2.0,
      0.0,
      1.0,
      6.0,
      4.0,
      0.0,
      4.0,
      11.0,
      5.0,
      9.0,
      8.0,
      5.0,
      3.0,
      1.0,
      3.0,
      2.0,
      5.0,
      5.0,
      2.0,
      3.0,
      3.0,
      3.0,
      4.0,
      4.0,
      14.0,
      8.0,
      6.0
    ],
    "y_pred": [
      4.4081391624838355,
      9.210370503123277,
      4.813075076612056,
      2.1648425724519114,
      6.030300954193822,
      4.837902102281605,
      1.9100522910892448,
      7.001946503863039,
      5.112156184929167,
      2.8613526634961914,
      1.7049648873486734,
      1.6412306977843436,
      6.352956392284036,
      0.36273274694394503,
      2.8054683130491056,
      4.440753665336374,
      2.2461796744492957,
      2.706561548282336,
      1.9589244931842085,
      4.232795882144749,
      1.4036919074854606,
      2.509152307342473,
      5.425710522482724,
      2.440996896484704,
      1.8975872228484718,
      5.345876306572824,
      2.752510933728086,
      4.963383441485858,
      3.7967567086772185,
      2.0217435641596313,
      4.677719330952251,
      1.907163184159918,
      6.6372091119111625,
      6.489551613115668,
      3.869146303574523,
      2.769888691397103,
      0.5283964067984109,
      9.188255784231822,
      3.6349024187570325,
      3.291925553825084,
      5.237341423922309,
      2.092277313339561,
      3.1148147410465863,
      3.619410435841841,
      1.2983820136615494,
      2.436656811604788,
      1.4152450453635073,
      4.5091851729569425,
      -0.023459603919342875,
      4.394296859859185,
      5.894344914197312,
      5.081796265711586,
      2.159579076278626,
      6.5077245500458005,
      3.722454578487604,
      3.855361385886797,
      9.255304437332773,
      3.5330305655038576,
      4.735770276587217,
      5.35577181137313,
      3.0092398167386762,
      7.17623504701118,
      3.228880850164449,
      4.051479845201393,
      7.360479184777713,
      2.328434302651669,
      1.2779576877761825,
      1.906733436963534,
      3.0931763338641396,
      1.1610347031619341,
      1.1081803006373034,
      6.975417597060215,
      13.540149080614308,
      3.0571379150129054,
      12.33753720359504,
      2.694607810713357,
      3.8267802097787276,
      3.2562761041405905,
      1.8650001811859394,
      2.2000005631210535,
      2.338227495076772,
      3.8025158585228684,
      7.526346697674458,
      1.4499726689633647,
      0.9208567645087354,
      2.916862721341674,
      2.2080873184228875,
      1.876332576524515,
      3.663077972120345,
      13.081580218291379,
      7.3181863865003605,
      10.238560255572473
    ]
  }
}