{
  "name": "lockbox_t1_X2b_intercept_only_shift",
  "created_at_utc": "20260516T072945Z",
  "preregistration": "results/preregistration_t1_post_closure_X_series_20260516.json (X2b = X2 fix, intercept-only)",
  "null_mode": "sid_shuffle",
  "sanity_y_nan": false,
  "formula_sha256": "fda51f6ba24da34cd6d50305b22cc3a3260056047bd019506058539e2702ffa9",
  "fix_motivation": "X2 had \u0394_CCC=-0.051 but \u0394_MAE=-0.17 + D4_corr=+0.47. Slope=1 constraint preserves scale.",
  "duration_threshold_yr": 7.0,
  "stratum_info": {
    "n_intercepts_long": 92,
    "n_intercepts_short": 92,
    "n_intercepts_full": 0,
    "mean_intercept_long": 0.09431075225307942,
    "mean_intercept_short": -0.16106778694157783
  },
  "n_cohort": 92,
  "baselines": {
    "loocv_ccc_iter34": 0.7170378403014925,
    "loocv_mae_iter34": 1.7356018162374585,
    "loocv_pearson_iter34": 0.7223066495976541
  },
  "corrected": {
    "loocv_ccc": 0.7105409955649941,
    "loocv_mae": 1.7752391598595958,
    "loocv_pearson": 0.7171958639776723,
    "delta_ccc": -0.006496844736498475,
    "delta_mae": 0.03963734362213733,
    "delta_pearson_r": -0.005110785619981795
  },
  "bootstrap_seed_A": {
    "median": -0.006395211748349505,
    "ci95": [
      -0.013135306293433773,
      -0.0011375695099483999
    ],
    "frac_pos": 0.0084
  },
  "bootstrap_seed_B": {
    "median": -0.006506455505902675,
    "ci95": [
      -0.013124438249542927,
      -0.001092244127689417
    ],
    "frac_pos": 0.008
  },
  "d4_audit": {
    "corr_correction_T1_sum_residual": -0.3050289184246552
  },
  "verdict_provisional": "VARIANCE_COMPRESSION_MIRAGE_LIKELY"
}