{
  "item": 18,
  "variant": "hy_residual_item",
  "eval": "loocv",
  "n_subjects": 93,
  "seeds": [
    42,
    1337,
    7
  ],
  "ccc_mean": 0.46290000000000003,
  "ccc_std": 0.012298238356230815,
  "mae_mean": 0.8902333333333333,
  "per_seed": [
    {
      "n": 93,
      "ccc": 0.4783,
      "cal_slope": 0.3245,
      "mae": 0.8822,
      "r": 0.5459,
      "pred_mean": 0.93,
      "pred_std": 0.806,
      "true_mean": 1.011,
      "true_std": 1.356,
      "label": ""
    },
    {
      "n": 93,
      "ccc": 0.4622,
      "cal_slope": 0.3101,
      "mae": 0.8834,
      "r": 0.5318,
      "pred_mean": 0.952,
      "pred_std": 0.791,
      "true_mean": 1.011,
      "true_std": 1.356,
      "label": ""
    },
    {
      "n": 93,
      "ccc": 0.4482,
      "cal_slope": 0.3037,
      "mae": 0.9051,
      "r": 0.5144,
      "pred_mean": 0.901,
      "pred_std": 0.8,
      "true_mean": 1.011,
      "true_std": 1.356,
      "label": ""
    }
  ],
  "wall_time_s": 304.65244245529175,
  "pre_registration": "preregistration_peritem_18_20260430_143044.json"
}