{
  "site": [
    {
      "ccc": 0.12247299223918263,
      "mae": 2.2164085239259017,
      "cal_slope": 0.0785592742492674,
      "r": 0.4830780621978747,
      "n_train": 26,
      "n_test": 68,
      "per_subject": {
        "y_true": [
          4.0,
          5.0,
          2.0,
          3.0,
          3.0,
          3.0,
          2.0,
          9.0,
          3.0,
          4.0,
          11.0,
          7.0,
          1.0,
          1.0,
          0.0,
          5.0,
          2.0,
          7.0,
          1.0,
          6.0,
          4.0,
          5.0,
          10.0,
          3.0,
          4.0,
          7.0,
          3.0,
          3.0,
          0.0,
          3.0,
          5.0,
          2.0,
          3.0,
          3.0,
          2.0,
          4.0,
          1.0,
          5.0,
          9.0,
          2.0,
          12.0,
          4.0,
          4.0,
          7.0,
          5.0,
          7.0,
          4.0,
          5.0,
          0.0,
          1.0,
          4.0,
          4.0,
          11.0,
          5.0,
          9.0,
          8.0,
          5.0,
          3.0,
          1.0,
          3.0,
          2.0,
          5.0,
          5.0,
          3.0,
          4.0,
          14.0,
          8.0,
          6.0
        ],
        "y_pred": [
          3.5955117875111613,
          2.839225807181393,
          2.7842988544176968,
          3.7735904250395604,
          3.0754032540905034,
          2.9173774592175508,
          2.814467608032005,
          3.5478488224914564,
          2.4819493285602645,
          3.1775838227134874,
          3.1918904392375858,
          4.110533852489025,
          2.854024564685708,
          2.626692189090737,
          2.5813226428594556,
          3.2331805654104953,
          2.1788255239884236,
          3.322663470152878,
          3.104446111950008,
          3.144233786484149,
          2.9664054353286047,
          2.7467332551143153,
          3.3122657712020915,
          3.2349369511943826,
          3.6883179569505034,
          3.22376885477473,
          3.5771846746503813,
          2.544083547724171,
          2.101332767087771,
          2.4003047740586,
          3.4173959779089826,
          2.678836915616227,
          2.001115765701676,
          2.9828901616179135,
          2.6933506909422,
          2.5744633052371713,
          3.074609845960004,
          2.891713329375523,
          2.5984868945418595,
          2.6089847156681,
          3.6387141482513456,
          3.0018009115553945,
          3.104735769595057,
          2.964946024465827,
          2.761459481524868,
          3.699794676939633,
          3.2673862571736634,
          3.747184015982788,
          3.5651513328949185,
          2.411209806285328,
          3.4066847248383745,
          3.0172856280871097,
          4.058167313131807,
          2.7757266062043247,
          3.463557861797509,
          2.5573258435788615,
          3.328702772265294,
          3.2788260078445064,
          1.9221806646227346,
          2.029221801171834,
          2.488238338721163,
          3.085469018712924,
          2.861363958108118,
          2.8856830545682355,
          2.4532738614678125,
          3.410315427285821,
          3.4179593947507336,
          2.865431536237581
        ],
        "sids": [
          "NLS142",
          "NLS179",
          "NLS146",
          "NLS157",
          "NLS130",
          "NLS175",
          "NLS121",
          "NLS150",
          "NLS197",
          "NLS184",
          "NLS036",
          "NLS143",
          "NLS102",
          "NLS183",
          "NLS192",
          "NLS163",
          "NLS189",
          "NLS144",
          "NLS176",
          "NLS160",
          "NLS135",
          "NLS190",
          "NLS069",
          "NLS198",
          "NLS149",
          "NLS185",
          "NLS172",
          "NLS164",
          "NLS182",
          "NLS170",
          "NLS127",
          "NLS167",
          "NLS186",
          "NLS169",
          "NLS035",
          "NLS153",
          "NLS155",
          "NLS166",
          "NLS191",
          "NLS211",
          "NLS201",
          "NLS152",
          "NLS174",
          "NLS165",
          "NLS148",
          "NLS161",
          "NLS159",
          "NLS208",
          "NLS154",
          "NLS173",
          "NLS177",
          "NLS101",
          "NLS033",
          "NLS022",
          "NLS124",
          "NLS056",
          "NLS209",
          "NLS162",
          "NLS195",
          "NLS139",
          "NLS002",
          "NLS210",
          "NLS141",
          "NLS147",
          "NLS158",
          "NLS196",
          "NLS140",
          "NLS187"
        ]
      },
      "target": "t1",
      "test_site": "NLS",
      "train_sites": [
        "WPD"
      ]
    },
    {
      "ccc": 0.6640460227484863,
      "mae": 1.2397781723958334,
      "cal_slope": 0.6064172225119768,
      "r": 0.6968113218003449,
      "n_train": 68,
      "n_test": 26,
      "per_subject": {
        "y_true": [
          4.0,
          2.0,
          5.0,
          4.0,
          3.0,
          3.0,
          4.0,
          0.0,
          3.0,
          2.0,
          7.0,
          6.0,
          1.0,
          1.0,
          1.0,
          2.0,
          8.0,
          4.0,
          0.0,
          2.0,
          6.0,
          0.0,
          2.0,
          3.0,
          3.0,
          4.0
        ],
        "y_pred": [
          2.7718065338198348,
          2.776648898683337,
          3.0717170991168485,
          2.6214487344421875,
          3.764410219772821,
          2.528419122141846,
          3.806352214435081,
          4.371350845764726,
          2.4423643816272893,
          2.8132220117705495,
          9.081497529451223,
          6.329114502373696,
          2.089612063593281,
          3.9291002513099427,
          1.681016763684753,
          3.581118658657411,
          8.311859432636712,
          4.394336104443619,
          3.412947807630817,
          2.637768780735849,
          5.590467404000142,
          2.472995394750801,
          2.555439163140413,
          2.178664764689628,
          2.7335089775694144,
          2.223456714266013
        ],
        "sids": [
          "WPD022",
          "WPD020",
          "WPD018",
          "WPD002",
          "WPD024",
          "WPD012",
          "WPD010",
          "WPD023",
          "WPD005",
          "WPD027",
          "WPD025",
          "WPD003",
          "WPD015",
          "WPD016",
          "WPD021",
          "WPD004",
          "WPD009",
          "WPD029",
          "WPD019",
          "WPD026",
          "WPD006",
          "WPD008",
          "WPD007",
          "WPD001",
          "WPD011",
          "WPD014"
        ]
      },
      "target": "t1",
      "test_site": "WPD",
      "train_sites": [
        "NLS"
      ]
    },
    {
      "ccc": 0.035695355163823037,
      "mae": 9.304109970009032,
      "cal_slope": 0.02017282156349287,
      "r": 0.2940865804676908,
      "n_train": 26,
      "n_test": 68,