{
  "phase": "sex_stratification",
  "results": [
    {
      "target": "t1",
      "group": "Male",
      "n": 62,
      "ccc": 0.8390241794775797,
      "mae": 1.0386193443175702,
      "cal_slope": 0.6466954038165498,
      "r": 0.8852306418227143
    },
    {
      "target": "t1",
      "group": "Female",
      "n": 32,
      "ccc": 0.8371085142944421,
      "mae": 1.112072345798195,
      "cal_slope": 0.6546085153889504,
      "r": 0.8934797556695878
    },
    {
      "target": "t3",
      "group": "Male",
      "n": 62,
      "ccc": 0.729600406300565,
      "mae": 4.909772317769918,
      "cal_slope": 0.5175623609067991,
      "r": 0.802531132483796
    },
    {
      "target": "t3",
      "group": "Female",
      "n": 32,
      "ccc": 0.6209615489215816,
      "mae": 5.251135464295922,
      "cal_slope": 0.4287739482941628,
      "r": 0.7349013338394409
    }
  ]
}