{
  "n_pd": 100,
  "n_hc": 85,
  "pd_age": {
    "mean": 67.04,
    "std": 8.30348594193299
  },
  "hc_age": {
    "mean": 74.14117647058823,
    "std": 9.230065961143444
  },
  "pd_sex": {
    "Male": 65,
    "Female": 35
  },
  "hc_sex": {
    "Female": 47,
    "Male": 38
  },
  "pd_dbs": {
    "No": 59,
    "Yes": 23,
    "-": 18
  },
  "dbs_column": "DBS?",
  "pd_hy": {
    "2": 58,
    "3": 12,
    "2.5": 12,
    "1": 9,
    "-": 5,
    "4": 3,
    "1.5": 1
  },
  "hy_column": "Modified Hoehn & Yahr Score",
  "pd_dx_years": {
    "mean": 7.472278481012659,
    "std": 5.93025790708389,
    "n": 79
  },
  "pd_sid_prefixes": {
    "NLS": 72,
    "WPD": 28
  }
}