{
  "phase": "dbs_stratification",
  "results": [
    {
      "target": "t1",
      "group": "dbs_yes",
      "n": 23,
      "ccc": 0.8159891123181829,
      "mae": 1.1974820169570937,
      "cal_slope": 0.6057858286683544,
      "r": 0.8706210293105543
    },
    {
      "target": "t1",
      "group": "dbs_no",
      "n": 56,
      "ccc": 0.8267949204102434,
      "mae": 1.0556142367902481,
      "cal_slope": 0.6063820795353108,
      "r": 0.8875101000685731
    },
    {
      "target": "t3",
      "group": "dbs_yes",
      "n": 23,
      "ccc": 0.7991804712487938,
      "mae": 5.088006665523169,
      "cal_slope": 0.5842101049140743,
      "r": 0.8607926737638603
    },
    {
      "target": "t3",
      "group": "dbs_no",
      "n": 56,
      "ccc": 0.6681561537782119,
      "mae": 5.025554572403887,
      "cal_slope": 0.4450498248251261,
      "r": 0.7728996715117047
    }
  ]
}