{
  "n_folds": 92,
  "per_fold_pdcor": [
    0.005397320963328334,
    0.005626793768075834,
    0.005473478200794242,
    0.005885427862136034,
    0.005668733699381177,
    0.005568832535543298,
    0.0053151402743658515,
    0.0056920140601552675,
    0.004801346757241922,
    0.005022360189749537,
    0.005369775535799356,
    0.005486172831082313,
    0.0047809729239044595,
    0.004861170696527831,
    0.0048678269370308865,
    0.0051647760670373456,
    0.005184197395090666,
    0.00557322963221137,
    0.004985764674155179,
    0.005245754613317161,
    0.005391941583183183,
    0.00531607019643528,
    0.0054554986705555005,
    0.004882628517230866,
    0.005750186633352294,
    0.005440114889175964,
    0.005590023978166236,
    0.004887462704476584,
    0.0050073657648195,
    0.0053112216751654215,
    0.00556323506916048,
    0.0049981114984197356,
    0.005545163224900612,
    0.005019381057752768,
    0.005426108489454243,
    0.0053502203664477395,
    0.004817047090776241,
    0.004755057088427945,
    0.00548308189094648,
    0.005360041415037064,
    0.005469892842007951,
    0.004822848164565192,
    0.005162593701767774,
    0.005415755170459021,
    0.004855894553187173,
    0.005308469292515434,
    0.005031270617730885,
    0.005404007120640274,
    0.0048605217165265625,
    0.005237283465619767,
    0.005466095129781047,
    0.005118380415362312,
    0.004985225160974094,
    0.0047642278030825495,
    0.005395854613007558,
    0.005168321936306761,
    0.004469179156596376,
    0.005397842653219091,
    0.0054199501500510755,
    0.00510754300963434,
    0.005570758922140808,
    0.004940650340516114,
    0.005397170590689186,
    0.005040955498678988,
    0.0022184776252682087,
    0.004978632402983972,
    0.004807551158879669,
    0.0048432558336113886,
    0.005495831662005376,
    0.005498135560322024,
    0.0048094550388359004,
    0.005571197647775634,
    0.004510894356321218,
    0.005581344640867968,
    0.004726304374273124,
    0.005354051164197802,
    0.005516552832796367,
    0.005383155616433952,
    0.0048306908729637485,
    0.0039477277822488124,
    0.004978489273813792,
    0.005533210023980175,
    0.005477778836534855,
    0.005031775117645664,
    0.005403093753204772,
    0.005395420505195357,
    0.005305118290900926,
    0.005471998070497673,
    0.005396990225652548,
    0.004466282731938669,
    0.004770699450900394,
    0.00539744158385186
  ],
  "per_fold_delta_iimb": [
    -0.10288612486414694,
    -0.09467455621301779,
    -0.11810167854123899,
    -0.11206376041540878,
    -0.11399589421567435,
    -0.12003381234150479,
    -0.1270377973674678,
    -0.13017751479289952,
    -0.12293201304190315,
    -0.12027532906653793,
    -0.08114961961115807,
    -0.10964859316507669,
    -0.1152034778408404,
    -0.12993599806786627,
    -0.11979229561647142,
    -0.10940707644004344,
    -0.11568651129090679,
    -0.0997464074387151,
    -0.12438111339210234,
    -0.09346697258785175,
    -0.10505977538944566,
    -0.12896993116773336,
    -0.10940707644004344,
    -0.12534718029223524,
    -0.10602584228957845,
    -0.11423741094070783,
    -0.0932254558628185,
    -0.10216157468904719,
    -0.1207583625166041,
    -0.09370848931288489,
    -0.1161695447409733,
    -0.12003381234150479,
    -0.11616954474097341,
    -0.13887211689409484,
    -0.11423741094070772,
    -0.10530129211447903,
    -0.10940707644004344,
    -0.1062673590146117,
    -0.11955077889143817,
    -0.11810167854123887,
    -0.14007970051926089,
    -0.11544499456587365,
    -0.1475667189952905,
    -0.10892404298997704,
    -0.0862214708368555,
    -0.11085617679024273,
    -0.14974036952058944,
    -0.12872841444270022,
    -0.1251056635672021,
    -0.1222074628668035,
    -0.1265547639174014,
    -0.16568047337278113,
    -0.12099987924163746,
    -0.1156865112909069,
    -0.12824538099263383,
    -0.12655476391740128,
    -0.1386306001690617,
    -0.1292114478927665,
    -0.1316266151430987,
    -0.11230527714044214,
    -0.12293201304190315,
    -0.11061466006520937,
    -0.1152034778408405,
    -0.12583021374230163,
    -0.12244897959183665,
    -0.1371814998188624,
    -0.12341504649196966,
    -0.09636517328825023,
    -0.1325926820432316,
    -0.11061466006520959,
    -0.1371814998188624,
    -0.1475667189952904,
    -0.13235116531819835,
    -0.1101316266151432,
    -0.13380026566839753,
    -0.1340417823934308,
    -0.14877430262045643,
    -0.1282453809926336,
    -0.169061707523246,
    -0.11230527714044192,
    -0.14032121724429403,
    -0.11786016181620573,
    -0.13283419876826474,
    -0.12848689771766697,
    -0.12969448134283312,
    -0.14225335104455983,
    -0.13838908344402845,
    -0.12244897959183687,
    -0.14442700156985888,
    -0.13041903151793266,
    -0.1321096485931651,
    -0.1311435816930322
  ],
  "pdcor_median": 0.005313180974765637,
  "pdcor_ci_lower": 0.005140487058565043,
  "pdcor_ci_upper": 0.005396205365423953,
  "delta_iimb_median": -0.12160367105422049,
  "delta_iimb_ci_lower": -0.12558869701726844,
  "delta_iimb_ci_upper": -0.1179809201787223,
  "cohort_pdcor": 0.005169046251810236,
  "cohort_perm_pvalue": 0.3176823176823177,
  "decision_pdcor_ci_excludes_zero": true,
  "decision_delta_iimb_ci_excludes_zero": false,
  "decision_perm_p_lt_001": false,
  "scoring_seconds": 127.6783652305603,
  "n_subjects_aligned": 92,
  "n_subjects_missing_features": 0,
  "feature_dim": 952,
  "v2_dim": 1873,
  "downstream_ridge_sanity": {
    "baseline_metrics": {
      "n": 92,
      "ccc": 0.717,
      "cal_slope": 0.8151,
      "mae": 1.7356,
      "r": 0.7223,
      "pred_mean": 4.058,
      "pred_std": 3.106,
      "true_mean": 4.033,
      "true_std": 2.752,
      "label": "canonical_oof"
    },
    "stacked_metrics": {
      "n": 92,
      "ccc": 0.0,
      "cal_slope": 76.2969,
      "mae": 529.6604,
      "r": 0.0429,
      "pred_mean": -494.06,
      "pred_std": 4893.162,
      "true_mean": 4.033,
      "true_std": 2.752,
      "label": "canonical_oof_plus_F_ridge"
    },
    "delta_ccc": -0.717
  },
  "top_columns_by_pdcor": [
    {
      "col": "task_HurriedPace_mat_spd_pc8_evr",
      "dcor": 0.6094102485284361,
      "pdcor_cond_oof": 0.2491283785950391
    },
    {
      "col": "task_HurriedPace_mat_spd_pc9_evr",
      "dcor": 0.610030294412895,
      "pdcor_cond_oof": 0.23947552821943627
    },
    {
      "col": "task_SelfPace_spd_pc9_singular",
      "dcor": 0.6002736399071381,
      "pdcor_cond_oof": 0.23048300919364045
    },
    {
      "col": "task_HurriedPace_mat_spd_pc7_evr",
      "dcor": 0.59394607082673,
      "pdcor_cond_oof": 0.2220043559374313
    },
    {
      "col": "task_SelfPace_spd_pc5_singular",
      "dcor": 0.6109252351703778,
      "pdcor_cond_oof": 0.22007006713158161
    },
    {
      "col": "task_SelfPace_mat_spd_pc7_singular",
      "dcor": 0.5753737646088765,
      "pdcor_cond_oof": 0.2195040783444803
    },
    {
      "col": "task_SelfPace_spd_pc8_singular",
      "dcor": 0.5922006982682699,
      "pdcor_cond_oof": 0.21600889616776667
    },
    {
      "col": "task_SelfPace_mat_spd_pc9_singular",
      "dcor": 0.5713272400608455,
      "pdcor_cond_oof": 0.21483090111447856
    },
    {
      "col": "task_HurriedPace_mat_spd_pc7_singular",
      "dcor": 0.5912033523669183,
      "pdcor_cond_oof": 0.21246707110374138
    },
    {
      "col": "task_SelfPace_spd_pc6_singular",
      "dcor": 0.594528563890963,
      "pdcor_cond_oof": 0.20970802879521555
    },
    {
      "col": "task_SelfPace_mat_spd_pc8_singular",
      "dcor": 0.5622872765695056,
      "pdcor_cond_oof": 0.20206794890462476
    },
    {
      "col": "task_HurriedPace_mat_spd_pc3_evr",
      "dcor": 0.5431712927981576,
      "pdcor_cond_oof": 0.20167681969964246
    },
    {
      "col": "task_SelfPace_mat_spd_pc6_singular",
      "dcor": 0.5628183714245748,
      "pdcor_cond_oof": 0.19848237817838746
    },
    {
      "col": "task_HurriedPace_mat_spd_pc5_evr",