{
  "target": "t3",
  "threshold": 0.08,
  "max_k": 100,
  "ridge_alpha": 10.0,
  "N": 95,
  "baseline": {
    "n": 95,
    "ccc": 0.3784,
    "cal_slope": 0.2692,
    "mae": 7.528,
    "r": 0.4141,
    "pred_mean": 24.815,
    "pred_std": 6.446,
    "true_mean": 25.0,
    "true_std": 9.913,
    "label": "canonical_OOF"
  },
  "stacked": {
    "n": 95,
    "ccc": 0.3082,
    "cal_slope": 0.2801,
    "mae": 9.1855,
    "r": 0.3097,
    "pred_mean": 25.105,
    "pred_std": 8.963,
    "true_mean": 25.0,
    "true_std": 9.913,
    "label": "canonical_OOF_plus_pdcor_selection"
  },
  "delta_ccc": -0.07020000000000004,
  "delta_ccc_bootstrap_median": -0.06864034097741745,
  "delta_ccc_bootstrap_ci_lower": -0.171623326271272,
  "delta_ccc_bootstrap_ci_upper": 0.020612005021091135,
  "delta_ccc_bootstrap_frac_positive": 0.072,
  "selected_count_mean": 45.11578947368421,
  "selected_count_min": 35,
  "selected_count_max": 53,
  "wall_time_seconds": 202.41190314292908
}
