{
  "target": "t1",
  "threshold": 0.2,
  "max_k": 30,
  "ridge_alpha": 100.0,
  "N": 92,
  "baseline": {
    "n": 92,
    "ccc": 0.717,
    "cal_slope": 0.8151,
    "mae": 1.7356,
    "r": 0.7223,
    "pred_mean": 4.058,
    "pred_std": 3.106,
    "true_mean": 4.033,
    "true_std": 2.752,
    "label": "canonical_OOF"
  },
  "stacked": {
    "n": 92,
    "ccc": 0.6909,
    "cal_slope": 0.7199,
    "mae": 1.7774,
    "r": 0.6915,
    "pred_mean": 4.068,
    "pred_std": 2.865,
    "true_mean": 4.033,
    "true_std": 2.752,
    "label": "canonical_OOF_plus_pdcor_selection"
  },
  "delta_ccc": -0.026100000000000012,
  "delta_ccc_bootstrap_median": -0.02583742867344302,
  "delta_ccc_bootstrap_ci_lower": -0.05657818943384568,
  "delta_ccc_bootstrap_ci_upper": -0.005256667418527735,
  "delta_ccc_bootstrap_frac_positive": 0.0065,
  "selected_count_mean": 7.228260869565218,
  "selected_count_min": 3,
  "selected_count_max": 12,
  "wall_time_seconds": 177.98231482505798
}
