{
  "n_folds": 95,
  "per_fold_pdcor": [
    0.00399927251482376,
    0.003475784490721287,
    0.0034483999634810163,
    -0.0034790881130170328,
    0.003985066544692657,
    0.003923121825990057,
    0.0029246159385888674,
    0.003634177009253355,
    0.0038999121352127214,
    0.0035601976397310396,
    0.003946117333274426,
    0.00386945604541815,
    0.003939454877037472,
    0.0036854076461494615,
    0.003537629029788256,
    0.0036170842199522058,
    0.003776491744655433,
    0.002804399947212127,
    0.0045394063803542144,
    0.004033351740003229,
    0.0034777695322207344,
    0.0039165053714507285,
    0.003710375442432197,
    0.0037354676703292428,
    0.0039741423120708335,
    0.003445607784078711,
    0.0039019035538786265,
    0.003514497962695224,
    0.0038725424537633633,
    0.003998182416643348,
    0.003579090909795008,
    0.0035414143470317476,
    0.003993896858463194,
    0.0039756056197578415,
    0.0039016175404301802,
    0.003611543507735064,
    0.0035025027674918203,
    0.003482553634997601,
    0.0035113056626075137,
    0.003648130705949105,
    0.003891372244950233,
    0.003963631496281716,
    0.003789207157609877,
    0.003946619773748936,
    0.003508285371015037,
    0.0036994459615560323,
    0.003443942795308645,
    0.003964048122438529,
    0.0038442808975642957,
    0.0038893208401084016,
    0.004076238806028387,
    0.0034490469262695705,
    0.004053787411002253,
    0.003956754149617769,
    0.0038872746791768233,
    0.003814713112085312,
    0.004067955681532048,
    0.004002199711569068,
    0.004012217421496761,
    0.0034592976853821747,
    0.00373685587831697,
    0.004017521141009765,
    0.00403595570293252,
    0.0037568060665785804,
    0.0036525151684625137,
    0.0037566157816036746,
    0.004079896419901841,
    0.0023956629402845484,
    0.003927381658196559,
    0.0034774595057618894,
    0.003941043199662638,
    0.003879490557898866,
    0.003995960930132818,
    0.003972000670533231,
    0.0035777144275015056,
    0.003923001860368421,
    0.003892312826361437,
    0.003515311196833699,
    0.004005233334864569,
    0.0039784120917473265,
    0.003901500811662254,
    0.0035845048433682182,
    0.006584953532020045,
    0.003676562040419842,
    0.0039778952463734125,
    0.003996101187690963,
    0.003515476780759757,
    0.0034739653364759086,
    0.0037433361597000283,
    0.003972305244790879,
    0.004026132329058708,
    0.0035394048550194067,
    0.0034297187821034324,
    0.0035471938234405464,
    0.0038591394061159735
  ],
  "per_fold_delta_iimb": [
    0.10162969669533728,
    0.06790402897238579,
    0.10140334993209599,
    0.08827523766410139,
    0.09732910819375273,
    0.09461294703485734,
    0.09981892258940694,
    0.08736985061113622,
    0.08669081032141235,
    0.11045722046174733,
    0.10298777727478503,
    0.09755545495699403,
    0.09732910819375273,
    0.11521050248981446,
    0.11272068809416025,
    0.1038931643277502,
    0.11407876867360778,
    0.07446808510638292,
    0.12086917157084665,
    0.10321412403802632,
    0.10027161611588953,
    0.11249434133091885,
    0.08623811679492988,
    0.05658669081032153,
    0.1009506564056134,
    0.10321412403802621,
    0.13218650973291068,
    0.10525124490719795,
    0.09416025350837476,
    0.10796740606609334,
    0.10072430964237222,
    0.11453146220009047,
    0.11000452693526486,
    0.10683567224988677,
    0.10298777727478514,
    0.09891353553644189,
    0.08488003621548201,
    0.11407876867360811,
    0.11905839746491631,
    0.14418288818469893,
    0.07627885921231348,
    0.09574468085106391,
    0.0724309642372114,
    0.10774105930285216,
    0.09891353553644178,
    0.11000452693526486,
    0.09597102761430498,
    0.08827523766410161,
    0.07650520597555477,
    0.08578542326844729,
    0.08782254413761892,
    0.05839746491625175,
    0.10547759167043924,
    0.08103214124038027,
    0.07311000452693528,
    0.10253508374830256,
    0.07899502037120887,
    0.11000452693526486,
    0.09370755998189217,
    0.1242643730194658,
    0.08239022181982802,
    0.09121774558623796,
    0.08171118153010415,
    0.09076505205975549,
    0.11475780896333188,
    0.11136260751471272,
    0.10547759167043902,
    0.10479855138071537,
    0.08284291534631061,
    0.10932548664554098,
    0.08918062471706667,
    0.10457220461747396,
    0.12811226799456765,
    0.10660932548664548,
    0.05703938433680389,
    0.12222725215029429,
    0.14033499320959708,
    0.10004526935264824,
    0.10230873698506115,
    0.09053870529651442,
    0.11068356722498873,
    0.07401539157990034,
    0.07175192394748764,
    0.10660932548664559,
    0.08397464916251707,
    0.10049796287913082,
    0.10751471253961076,
    0.10162969669533717,
    0.08940697148030774,
    0.07899502037120876,
    0.09823449524671812,
    0.11204164780443637,
    0.10185604345857857,
    0.08940697148030774,
    0.10162969669533717
  ],
  "pdcor_median": 0.0038591394061159735,
  "pdcor_ci_lower": 0.003710375442432197,
  "pdcor_ci_upper": 0.003901500811662254,
  "delta_iimb_median": 0.10072430964237222,
  "delta_iimb_ci_lower": 0.09732910819375273,
  "delta_iimb_ci_upper": 0.10298777727478514,
  "cohort_pdcor": 0.0037515700800151283,
  "cohort_perm_pvalue": 0.33766233766233766,
  "decision_pdcor_ci_excludes_zero": true,
  "decision_delta_iimb_ci_excludes_zero": true,
  "decision_perm_p_lt_001": false,
  "scoring_seconds": 134.16720032691956,
  "n_subjects_aligned": 95,
  "n_subjects_missing_features": 0,
  "feature_dim": 952,
  "v2_dim": 1873,
  "downstream_ridge_sanity": {
    "baseline_metrics": {
      "n": 95,
      "ccc": 0.3784,
      "cal_slope": 0.2692,
      "mae": 7.528,
      "r": 0.4141,
      "pred_mean": 24.815,
      "pred_std": 6.446,
      "true_mean": 25.0,
      "true_std": 9.913,
      "label": "canonical_oof"
    },
    "stacked_metrics": {
      "n": 95,
      "ccc": 0.0,
      "cal_slope": 2.8826,
      "mae": 894.2197,
      "r": 0.0034,
      "pred_mean": -810.855,
      "pred_std": 8301.381,
      "true_mean": 25.0,
      "true_std": 9.913,
      "label": "canonical_oof_plus_F_ridge"
    },
    "delta_ccc": -0.3784
  },
  "top_columns_by_pdcor": [
    {
      "col": "task_HurriedPace_klc_bilat_dist_std_p95",
      "dcor": 0.4124889718855877,
      "pdcor_cond_oof": 0.13486947237650304
    },
    {
      "col": "task_HurriedPace_klc_bilat_dist_std_mean",
      "dcor": 0.40819195941168035,
      "pdcor_cond_oof": 0.1306615372265816
    },
    {
      "col": "task_SelfPace_spd_pc5_singular",
      "dcor": 0.38737351113209945,
      "pdcor_cond_oof": 0.09805077745651535
    },
    {
      "col": "task_SelfPace_spd_pc2_singular",
      "dcor": 0.3671296113645293,
      "pdcor_cond_oof": 0.08993236897638754
    },
    {
      "col": "task_SelfPace_spd_pc6_singular",
      "dcor": 0.37465450556959723,
      "pdcor_cond_oof": 0.08800440636684793
    },
    {
      "col": "task_SelfPace_spd_pc3_singular",
      "dcor": 0.3627031129106173,
      "pdcor_cond_oof": 0.08013570527540428
    },
    {
      "col": "task_TandemGait_crqa_For_Low_tt_std",
      "dcor": 0.3079709949027765,
      "pdcor_cond_oof": 0.07502652291234285
    },
    {
      "col": "task_SelfPace_spd_pc9_singular",
      "dcor": 0.35373522014770686,
      "pdcor_cond_oof": 0.07419822415364859
    },
    {
      "col": "task_SelfPace_matTURN_klc_floor_rmse_L_std",
      "dcor": 0.32450834020459324,
      "pdcor_cond_oof": 0.07297367115510722
    },
    {
      "col": "task_SelfPace_spd_pc4_singular",
      "dcor": 0.35164410834903725,
      "pdcor_cond_oof": 0.07120314277723146
    },
    {
      "col": "task_SelfPace_spd_pc8_singular",
      "dcor": 0.34748139139257433,
      "pdcor_cond_oof": 0.06993198800255948
    },
    {
      "col": "task_SelfPace_spd_pc7_singular",
      "dcor": 0.3508652105527906,
      "pdcor_cond_oof": 0.0687423601487572
    },
    {
      "col": "task_TandemGait_crqa_R_W_L_W_det_std",