{
  "mae": 1.001,
  "rmse": 1.227,
  "r": 0.875,
  "ccc": 0.855,
  "cal_slope": 0.709,
  "cal_intercept": 1.081,
  "quartiles": [
    {
      "label": "Q1 (<2)",
      "n": 16,
      "bias": 1.764,
      "mae": 1.764
    },
    {
      "label": "Q2 (2-4)",
      "n": 31,
      "bias": 0.003,
      "mae": 0.628
    },
    {
      "label": "Q3 (4-5)",
      "n": 19,
      "bias": -1.015,
      "mae": 1.082
    },
    {
      "label": "Q4 (>=5)",
      "n": 29,
      "bias": -0.517,
      "mae": 0.925
    }
  ],
  "n": 95,
  "eval_mode": "5split",
  "runtime_s": 57.4,
  "per_subject": {
    "y_true": [
      5.0,
      3.0,
      4.0,
      9.0,
      3.0,
      7.0,
      1.0,
      1.0,
      5.0,
      3.0,
      4.0,
      3.0,
      7.0,
      6.0,
      1.0,
      4.0,
      1.0,
      2.0,
      4.0,
      2.0,
      4.0,
      4.0,
      4.0,
      3.0,
      7.0,
      0.0,
      6.0,
      1.0,
      1.0,
      4.0,
      5.0,
      9.0,
      4.0,
      5.0,
      5.0,
      5.0,
      3.0,
      8.0,
      4.0,
      3.0,
      4.0,
      7.0,
      3.0,
      4.0,
      1.0,
      6.0,
      0.0,
      3.0,
      3.0,
      3.0,
      1.0,
      2.0,
      8.0,
      1.0,
      4.0,
      3.0,
      8.0,
      5.0,
      9.0,
      3.0,
      7.0,
      6.0,
      3.0,
      3.0,
      4.0,
      2.0,
      2.0,
      4.0,
      1.0,
      0.0,
      4.0,
      11.0,
      5.0,
      3.0,
      3.0,
      4.0,
      2.0,
      2.0,
      1.0,
      0.0,
      4.0,
      5.0,
      10.0,
      2.0,
      3.0,
      2.0,
      2.0,
      7.0,
      2.0,
      11.0,
      9.0,
      3.0,
      1.0,
      3.0,
      4.0
    ],
    "y_pred": [
      4.007699432433538,
      1.9682112656931596,
      2.4402945424929285,
      6.696122486380095,
      1.915458187826264,
      5.640078242584873,
      2.884253136365143,
      2.7865246894433042,
      6.169739552414213,
      2.301626189617461,
      3.6781070646084744,
      1.949615584523034,
      5.1965987248662575,
      5.242034163155811,
      1.7932379930580855,
      3.0795807702422975,
      2.737084046694327,
      2.538105445425238,
      3.4221576079520135,
      3.195180074827272,
      2.569614625484211,
      4.001259230690186,
      2.1308272743930496,
      4.278419440527908,
      5.756411314385696,
      1.9648514273739521,
      7.0543042084197385,
      1.9099834865914915,
      2.6614701799609017,
      3.5977073612142014,
      4.732932624997821,
      7.303416639347641,
      4.629808520339848,
      4.586406945562848,
      7.516571382454511,
      5.118520508479135,
      2.8843529859747994,
      7.396726012579755,
      2.5348968718954548,
      2.1105390663089914,
      2.207232000678205,
      6.6054177311567575,
      2.667723669495358,
      2.975868380248004,
      2.260468879475291,
      5.587261080897019,
      2.5709495648834677,
      2.617645484533495,
      3.341566737535777,
      2.473234056682389,
      1.7314733885514357,
      2.835492792719879,
      7.463776719766943,
      1.6578996259309846,
      2.176492054103154,
      2.284030160543696,
      7.33843055945255,
      4.243679686519619,
      9.228868935679479,
      2.4665040911516614,
      7.5980232624485495,
      5.754270805612833,
      2.3678147370247715,
      3.036084890076567,
      3.894121516052153,
      2.027477536414227,
      2.3257977870362336,
      2.247037590073266,
      2.8619331348775434,
      2.0814969409346142,
      3.463340775419956,
      9.273279134181866,
      3.9663786487384627,
      2.116237296354889,
      2.6658851843520877,
      2.3138642934201075,
      3.5141128962531014,
      2.749992322492161,
      2.8683899365004004,
      4.157623958843872,
      2.5665260937608845,
      5.230576100449574,
      8.902708851364924,
      2.8825902251265108,
      2.900584700074839,
      2.2908427117077705,
      3.0050901084873414,
      6.129109226706759,
      2.7484275476585145,
      10.560466376603857,
      7.707582222639675,
      3.013366000701615,
      3.3003443676546134,
      2.6272213202160417,
      2.7786842573133996
    ]
  },
  "proposal": "P5_ranking",
  "target": "T1",
  "phase": 5
}