{
  "mae": 5.081,
  "rmse": 6.672,
  "r": 0.81,
  "ccc": 0.747,
  "cal_slope": 0.539,
  "cal_intercept": 12.14,
  "quartiles": [
    {
      "label": "Q1 (<17)",
      "n": 23,
      "bias": 9.117,
      "mae": 9.117
    },
    {
      "label": "Q2 (17-25)",
      "n": 23,
      "bias": 0.082,
      "mae": 3.507
    },
    {
      "label": "Q3 (25-31)",
      "n": 24,
      "bias": -3.623,
      "mae": 3.759
    },
    {
      "label": "Q4 (>=31)",
      "n": 25,
      "bias": -3.333,
      "mae": 4.083
    }
  ],
  "n": 95,
  "eval_mode": "5split",
  "runtime_s": 43.9,
  "per_subject": {
    "y_true": [
      43.0,
      27.0,
      46.0,
      13.0,
      29.0,
      24.0,
      43.0,
      26.0,
      10.0,
      27.0,
      12.0,
      10.0,
      30.0,
      19.0,
      25.0,
      39.0,
      23.0,
      31.0,
      17.0,
      43.0,
      29.0,
      27.0,
      10.0,
      30.0,
      6.0,
      30.0,
      59.0,
      25.0,
      23.0,
      14.0,
      31.0,
      26.0,
      16.0,
      13.0,
      19.0,
      26.0,
      24.0,
      33.0,
      43.0,
      25.0,
      22.0,
      14.0,
      24.0,
      24.0,
      10.0,
      14.0,
      22.0,
      25.0,
      59.0,
      38.0,
      14.0,
      31.0,
      38.0,
      26.0,
      19.0,
      24.0,
      33.0,
      24.0,
      22.0,
      29.0,
      11.0,
      46.0,
      19.0,
      13.0,
      43.0,
      10.0,
      19.0,
      30.0,
      39.0,
      13.0,
      38.0,
      32.0,
      26.0,
      18.0,
      17.0,
      19.0,
      25.0,
      46.0,
      14.0,
      29.0,
      18.0,
      19.0,
      25.0,
      15.0,
      30.0,
      6.0,
      26.0,
      24.0,
      39.0,
      13.0,
      38.0,
      14.0,
      32.0,
      16.0,
      33.0
    ],
    "y_pred": [
      40.51570286626854,
      21.45576122845279,
      41.734028858932916,
      22.160373328160226,
      25.07760980083303,
      20.346173705062377,
      39.03828812508652,
      18.850514258377338,
      22.64648325352659,
      22.01107062799504,
      25.338473568304828,
      20.099116576948397,
      31.59862384197271,
      25.651978842582537,
      23.86187151855491,
      38.69294285111097,
      22.652880823714355,
      32.356211996512215,
      22.304202796686628,
      41.868625197743825,
      23.004501807951122,
      20.935714740732127,
      19.259537745742882,
      18.75262383743071,
      20.16137820683196,
      29.659857453312547,
      40.10132707102156,
      16.59613870563882,
      23.229531412840373,
      19.304747256567957,
      30.793063698654134,
      20.899101144987032,
      24.505491420395476,
      24.437360790815564,
      23.106699149560814,
      20.76817049274079,
      16.632851127949543,
      27.986379697812612,
      39.396099376959285,
      22.37874315463338,
      20.564633525189986,
      25.6394177243682,
      20.295862314056347,
      17.54854188966067,
      20.115885145419362,
      18.93938894354357,
      20.993552945560108,
      18.559094889166328,
      39.0302683691297,
      33.378667982580275,
      19.499392882759242,
      30.992525055582185,
      34.49960891772456,
      25.23376341533603,
      22.243753578578243,
      19.64306747225597,
      28.672024063636506,
      21.70003722315534,
      23.39477446810312,
      26.20370229176546,
      22.760450349181372,
      41.325699680654395,
      17.843358409833733,
      18.792349163489227,
      39.529433082159905,
      25.580030334140755,
      18.464288667184604,
      29.62388048111262,
      36.210359534293694,
      18.361785417003667,
      34.344528473605614,
      35.08807184741417,
      25.899620524944147,
      17.725323944368917,
      26.8759072098496,
      28.067994454271286,
      22.251325777978238,
      42.42094607283003,
      24.194803446362137,
      27.173805361796298,
      19.394494239018538,
      18.946971701585362,
      25.030738790784067,
      20.242389938461407,
      27.50702161072107,
      21.549004315356097,
      22.703221350710443,
      17.248845333519558,
      42.3341872333642,
      18.867505276838774,
      35.763941860191416,
      20.255931033381586,
      32.215545568588794,
      17.97100695715556,
      34.385422733685786
    ]
  },
  "proposal": "P5_ranking",
  "target": "T3",
  "phase": 5
}