{
  "analyses": {
    "williams_test": {
      "observed_stat": 0.10651633927644621,
      "tier_means": [
        0.8648932008315787,
        0.7306767026532444,
        0.7583768615551325
      ],
      "p_value": 0.0,
      "significant_005": true,
      "significant_001": true,
      "tier_cccs_input": [
        0.865,
        0.73,
        0.759
      ],
      "tiers": [
        "direct_observable",
        "partially_observable",
        "not_observable"
      ]
    },
    "permutation_test": {
      "observed_gradient": 0.11847507882369035,
      "tier_means": [
        0.8562269058005673,
        0.7090786801513459,
        0.7377518269768769
      ],
      "p_value": 0.0021,
      "effect_size_z": 2.6473815267429797,
      "significant_005": true,
      "note": "Per-item CCCs estimated from tier means + noise (SE=0.03)"
    },
    "conformal_T1": {
      "intervals": {
        "95pct": {
          "half_width": 2.657316649408563,
          "coverage": 0.9680851063829787,
          "median_residual": 0.7727405211534972
        },
        "90pct": {
          "half_width": 2.1875719205753046,
          "coverage": 0.9148936170212766,
          "median_residual": 0.7727405211534972
        },
        "80pct": {
          "half_width": 1.5633707114777713,
          "coverage": 0.8085106382978723,
          "median_residual": 0.7727405211534972
        }
      },
      "strata": [
        {
          "quartile": "Q1",
          "range": [
            0.0,
            2.0
          ],
          "n": 15,
          "mae": 1.9060563367142767,
          "width_90": 2.609617964091858
        },
        {
          "quartile": "Q2",
          "range": [
            2.0,
            4.0
          ],
          "n": 30,
          "mae": 0.560011811080224,
          "width_90": 1.0221581466224434
        },
        {
          "quartile": "Q3",
          "range": [
            4.0,
            5.0
          ],
          "n": 16,
          "mae": 0.789369090713301,
          "width_90": 1.620405957304088
        },
        {
          "quartile": "Q4",
          "range": [
            5.0,
            14.0
          ],
          "n": 33,
          "mae": 1.0516025562992117,
          "width_90": 1.994168054600838
        }
      ],
      "bland_altman": {
        "bias": 0.060773924743796254,
        "std": 1.2886883064966732,
        "loa_lo": -2.465055155989683,
        "loa_hi": 2.5866030054772757
      },
      "target": "T1",
      "source": "compression_P5_TT1_loocv.json",
      "n": 94,
      "ccc": 0.8771367861361596,
      "mae": 0.9864254169405071
    },
    "conformal_T2": {
      "intervals": {
        "95pct": {
          "half_width": 4.085164475876733,
          "coverage": 0.9680851063829787,
          "median_residual": 0.8957192732820509
        },
        "90pct": {
          "half_width": 3.4814161697814234,
          "coverage": 0.9148936170212766,
          "median_residual": 0.8957192732820509
        },
        "80pct": {
          "half_width": 2.144168822713263,
          "coverage": 0.8085106382978723,
          "median_residual": 0.8957192732820509
        }
      },
      "strata": [
        {
          "quartile": "Q1",
          "range": [
            1.0,
            4.0
          ],
          "n": 15,
          "mae": 2.682986255319116,
          "width_90": 4.123719254601809
        },
        {
          "quartile": "Q2",
          "range": [
            4.0,
            6.0
          ],
          "n": 25,
          "mae": 0.610300021407719,
          "width_90": 1.1996308477605087
        },
        {
          "quartile": "Q3",
          "range": [
            6.0,
            8.75
          ],
          "n": 30,
          "mae": 1.2302577223419369,
          "width_90": 2.5847690035322484
        },
        {
          "quartile": "Q4",
          "range": [
            8.75,
            20.0
          ],
          "n": 24,
          "mae": 1.3760505327124617,
          "width_90": 2.740588474825637
        }
      ],
      "bland_altman": {
        "bias": -0.05148000542921541,
        "std": 1.8548086036213745,
        "loa_lo": -3.6869048685271095,
        "loa_hi": 3.5839448576686785
      },
      "target": "T2",
      "source": "compression_P5_TT2_loocv.json",
      "n": 94,
      "ccc": 0.8606572865212938,
      "mae": 1.3344174342589035
    },
    "conformal_T3": {
      "intervals": {
        "95pct": {
          "half_width": 12.154406877673663,
          "coverage": 0.9680851063829787,
          "median_residual": 3.8613036868188804
        },
        "90pct": {
          "half_width": 10.115977825255372,
          "coverage": 0.9148936170212766,
          "median_residual": 3.8613036868188804
        },
        "80pct": {
          "half_width": 6.973818400544256,
          "coverage": 0.8085106382978723,
          "median_residual": 3.8613036868188804
        }
      },
      "strata": [
        {
          "quartile": "Q1",
          "range": [
            6.0,
            18.0
          ],
          "n": 23,
          "mae": 7.388202097377578,
          "width_90": 11.31904704438196
        },
        {
          "quartile": "Q2",
          "range": [
            18.0,
            25.0
          ],
          "n": 22,
          "mae": 3.245242652010856,
          "width_90": 6.494462116990302
        },
        {
          "quartile": "Q3",
          "range": [
            25.0,
            31.75
          ],
          "n": 25,
          "mae": 3.601212328718708,
          "width_90": 5.936493113948982
        },
        {
          "quartile": "Q4",
          "range": [
            31.75,
            59.0
          ],
          "n": 24,
          "mae": 4.388552690642448,
          "width_90": 7.831064764010768
        }
      ],
      "bland_altman": {
        "bias": -0.14174839376714204,
        "std": 5.877488318098762,
        "loa_lo": -11.661625497240715,
        "loa_hi": 11.378128709706433
      },
      "target": "T3",
      "source": "compression_P5_TT3_loocv.json",
      "n": 94,
      "ccc": 0.7842457146805288,
      "mae": 4.645527227418187
    }
  }
}