{
  "iter6_ts": "20260430_182930",
  "iter8_ts": "20260430_143044",
  "n_subjects": 94,
  "composites": {
    "T1_hybrid_per_item_best_POSTHOC": {
      "n": 94,
      "ccc": 0.6813,
      "cal_slope": 0.5042,
      "mae": 1.4887,
      "r": 0.7277,
      "pred_mean": 4.091,
      "pred_std": 1.95,
      "true_mean": 4.106,
      "true_std": 2.815,
      "label": "",
      "n_items": 6,
      "method": "per-item-best (POST-HOC selection \u2014 NOT canonical)"
    },
    "T1_hybrid_per_item_mean": {
      "n": 94,
      "ccc": 0.6715,
      "cal_slope": 0.4937,
      "mae": 1.5045,
      "r": 0.7199,
      "pred_mean": 4.076,
      "pred_std": 1.93,
      "true_mean": 4.106,
      "true_std": 2.815,
      "label": "",
      "n_items": 6,
      "method": "per-item-mean (fixed rule)"
    },
    "T1_hybrid_kosher_5fold_select": {
      "n": 94,
      "ccc": 0.6809,
      "cal_slope": 0.5039,
      "mae": 1.4882,
      "r": 0.7272,
      "pred_mean": 4.097,
      "pred_std": 1.951,
      "true_mean": 4.106,
      "true_std": 2.815,
      "label": "",
      "n_items": 6,
      "method": "5-fold-pre-registered selection (iter8 for {9,11,13}, iter6 for {10,12,14})"
    },
    "T1_hybrid_v3_with_cccv2": {
      "n": 94,
      "ccc": 0.6908,
      "cal_slope": 0.5186,
      "mae": 1.4744,
      "r": 0.7326,
      "pred_mean": 4.149,
      "pred_std": 1.993,
      "true_mean": 4.106,
      "true_std": 2.815,
      "label": "",
      "n_items": 6,
      "method": "iter8 for {9,11,13}, iter6 for {10,14}, cccv2 for {12}"
    },
    "T1_hybrid_v3_item9_ccc": 0.44861182612431894,
    "T1_hybrid_v3_item10_ccc": 0.48589385337187063,
    "T1_hybrid_v3_item11_ccc": 0.38259725885517726,
    "T1_hybrid_v3_item12_ccc": 0.6823207839753584,
    "T1_hybrid_v3_item13_ccc": 0.11965660926457955,
    "T1_hybrid_v3_item14_ccc": 0.45368972747516806,
    "T1_iter6_sum": {
      "n": 94,
      "ccc": 0.6729,
      "cal_slope": 0.5047,
      "mae": 1.4857,
      "r": 0.7138,
      "pred_mean": 4.072,
      "pred_std": 1.99,
      "true_mean": 4.106,
      "true_std": 2.815,
      "label": "",
      "n_items": 6,
      "method": "iter6-only"
    },
    "T1_iter6_direct": {
      "n": 94,
      "ccc": 0.6729,
      "cal_slope": 0.5047,
      "mae": 1.4857,
      "r": 0.7138,
      "pred_mean": 4.072,
      "pred_std": 1.99,
      "true_mean": 4.106,
      "true_std": 2.815,
      "label": "",
      "n_items": 6,
      "method": "iter6-gated"
    },
    "T1_iter8_sum": {
      "n": 94,
      "ccc": 0.655,
      "cal_slope": 0.4827,
      "mae": 1.5614,
      "r": 0.7012,
      "pred_mean": 4.081,
      "pred_std": 1.938,
      "true_mean": 4.106,
      "true_std": 2.815,
      "label": "",
      "n_items": 6,
      "method": "iter8-only"
    },
    "T1_hybrid_ridge_stack": {
      "n": 94,
      "ccc": 0.6468,
      "cal_slope": 0.5049,
      "mae": 1.6001,
      "r": 0.674,
      "pred_mean": 4.096,
      "pred_std": 2.109,
      "true_mean": 4.106,
      "true_std": 2.815,
      "label": "",
      "n_features": 12,
      "method": "ridge-meta"
    }
  }
}