{
  "sum_seed_cccs": {
    "control": [
      0.635704638397247,
      0.672939221748014,
      0.6498919685543965,
      0.6223500475093035,
      0.6812051883643689
    ],
    "harnet_aug": [
      0.6229403490659404,
      0.6392393566441769,
      0.6306880809188471,
      0.5806047195870857,
      0.6313826543883051
    ]
  },
  "t1_sum_control_mean": 0.652418212914666,
  "t1_sum_control_std": 0.022089009998827472,
  "t1_sum_harnet_aug_mean": 0.620971032120871,
  "t1_sum_harnet_aug_std": 0.020832052195000693,
  "delta": -0.03144718079379494,
  "delta_threshold": 0.025,
  "std_threshold": 0.02,
  "delta_pass": false,
  "std_pass": false,
  "gate_pass": false,
  "augmented_items": [
    9,
    10,
    12,
    14
  ],
  "screen_seeds": [
    42,
    1337,
    7,
    2024,
    9001
  ],
  "n_subjects": 94
}