{
  "seed": 42,
  "n_subjects": 92,
  "probeD_real_ccc": 0.6968494813895852,
  "probeD_pl_shuffled_ccc": 0.7058488761806357,
  "iter34_v2_only_ccc": 0.7025743386912079,
  "delta_real_vs_v2": -0.005724857301622643,
  "delta_shuf_vs_v2": 0.0032745374894278534,
  "P5_pass": true,
  "explanation": "If P5 passes (shuf \u2248 v2), chain ignores randomized PL \u2192 real signal is in the join key. If P5 fails (shuf >> v2 or << v2), chain is using PL features but in a way confounded with subject identity.",
  "wall_total_s": 267.9103035926819
}