{
  "baseline_mae": 9.47,
  "best_mae": 9.682,
  "best_config": "S6_stack_orig_K150",
  "results": [
    {
      "config": "S0_baseline_K150",
      "n_raw": 1752,
      "n_sel": 150,
      "mean_mae": 9.544,
      "std_mae": 0.364,
      "ens_mae": 9.47,
      "ens_r": 0.605,
      "seed_maes": [
        9.296,
        9.248,
        10.19,
        9.278,
        9.708
      ],
      "top10": [
        "R_DorsalFoot_ay_loco",
        "cv_yrs",
        "R_DorsalFoot_ay_trem_r",
        "fc_R_st_cv",
        "R_Wrist_pi_jerk",
        "R_DorsalFoot_g_stride_reg",
        "fc_ds_pct",
        "R_Ankle_az_loco_r",
        "L_DorsalFoot_am_se",
        "Xiphoid_gm_loco"
      ],
      "ens_preds": [
        20.684108372636487,
        9.249520415900127,
        20.822943424320528,
        11.933361731704156,
        19.535711456150725,
        6.211146337313234,
        21.814817821155074,
        7.461719715129431,
        26.12904808166338,
        18.2683071252556,
        23.63095473736808,
        2.7366723650480496,
        17.15639986473546,
        17.15597879377546,
        7.0125691534950505,
        5.652093259807178,
        21.246120805543114,
        12.235438586799317,
        9.16527530129822,
        27.688179106043357,
        5.92521028535957,
        31.27178797287122,
        30.03544338594868,
        10.91635347141932,
        17.073337233082583,
        10.686502502991736,
        28.790764047373038,
        4.886776967194832,
        18.786959342360074,
        16.309149135141016,
        26.433892857589388,
        17.068148254552842,
        23.46060925677843,
        15.531029325111627,
        26.69572994038154,
        3.5935655773213413
      ]
    },
    {
      "config": "S6_stack_orig_K150",
      "n_raw": 1752,
      "n_sel": 150,
      "mean_mae": 9.725,
      "std_mae": 0.306,
      "ens_mae": 9.682,
      "ens_r": 0.579,
      "seed_maes": [
        10.016,
        10.104,
        9.266,
        9.569,
        9.67
      ],
      "top10": [
        "R_DorsalFoot_ay_loco",
        "cv_yrs",
        "R_DorsalFoot_ay_trem_r",
        "fc_R_st_cv",
        "R_Wrist_pi_jerk",
        "R_DorsalFoot_g_stride_reg",
        "fc_ds_pct",
        "R_Ankle_az_loco_r",
        "L_DorsalFoot_am_se",
        "Xiphoid_gm_loco"
      ],
      "ens_preds": [
        25.543799523320164,
        12.270621324336833,
        24.067690513886962,
        14.95625980285119,
        19.449485792035368,
        7.60590344399562,
        22.192823463273207,
        9.236867796260515,
        28.710466909050506,
        21.267689227353287,
        23.93766834366864,
        2.6568658972058556,
        18.62249933455167,
        20.127723985176186,
        4.510040414376592,
        7.135506618528974,
        18.48180475775859,
        10.35286985445643,
        9.659081155639567,
        28.71170776675267,
        9.799071443694,
        32.58259760793648,
        31.557139583809857,
        8.835934085112862,
        20.03568087870618,
        11.209994721241973,
        29.33465953508262,
        4.299811472591062,
        23.51200635572128,
        18.074666544967066,
        34.05932739228139,
        18.941902608432784,
        26.467416767410025,
        16.62656895363891,
        29.04954025415679,
        2.443002363303755
      ]
    },
    {
      "config": "S4_stack_ext_K160",
      "n_raw": 1760,
      "n_sel": 160,
      "mean_mae": 9.434,
      "std_mae": 0.273,
      "ens_mae": 9.398,
      "ens_r": 0.605,
      "seed_maes": [
        9.693,
        9.53,
        8.926,
        9.629,
        9.391
      ],
      "top10": [
        "R_DorsalFoot_ay_loco",
        "cv_yrs",
        "L_Wrist_am_se",
        "d_hp_LowerBack_ya_rms",
        "R_Ankle_az_loco_r",
        "fc_ds_pct",
        "R_DorsalFoot_g_stride_reg",
        "trn_mn_yaw",
        "fc_R_st_cv",
        "R_Wrist_pi_jerk"
      ],
      "ens_preds": [
        27.385903382552193,
        11.629608444197986,
        23.246899811841303,
        14.749491506597105,
        19.448910885440995,
        8.202066088916549,
        21.952256744271416,
        10.495480319555666,
        28.44765098487029,
        23.101905963388766,
        26.217732658471437,
        3.737074789297904,
        19.096599558975242,
        22.580731227324353,
        3.946590105316028,
        6.6351764646985485,
        18.00661421348397,
        11.169546562470307,
        9.612999747996898,
        29.601740949009933,
        10.05345336740159,
        32.96471680348009,
        32.347667204056684,
        9.121737390521039,
        19.059088678115383,
        9.567161762577202,
        29.48542546222088,
        2.5538667453408257,
        24.945979514778394,
        17.409567369405426,
        35.44110813093046,
        19.7100480384584,
        26.96320119162014,
        14.520003920442841,
        29.523338472408746,
        2.9033420642911545
      ]
    }
  ],
  "runtime_s": 270.3,
  "protocol": {
    "benchmark_type": "fresh_outer_holdout",
    "held_out_test_is_pristine": true,
    "primary_model_pre_specified": "S6_stack_orig_K150",
    "sensitivity_models_not_used_for_selection": [
      "S0_baseline_K150",
      "S4_stack_ext_K160"
    ],
    "split_file": "/root/pd-imu/results/paper3_split.json",
    "split_seed": 20260309
  }
}
