{
  "configs": [
    {
      "name": "xxl (768d/10L) SP+HP",
      "mean_mae": 9.709003257751466,
      "std_mae": 0.25494762615418615,
      "mean_r": 0.6019171357154847,
      "std_r": 0.0320977824585201,
      "ensemble_mae": 9.38931494653225,
      "ensemble_r": 0.6462940837186487,
      "individual_mae": [
        9.202939987182617,
        9.873393058776855,
        9.778804779052734,
        9.849297523498535,
        9.840580940246582
      ],
      "individual_r": [
        0.6494643688201904,
        0.5855288505554199,
        0.6190648078918457,
        0.6018596291542053,
        0.5536680221557617
      ],
      "test_true": [
        0.0,
        0.0,
        0.0,
        2.0,
        1.0,
        2.0,
        6.0,
        10.0,
        6.0,
        22.0,
        18.0,
        32.0,
        31.0,
        32.0,
        14.0,
        41.0,
        33.0,
        40.0,
        17.0,
        19.0,
        15.0,
        38.0,
        33.0,
        16.0,
        52.0,
        26.0,
        26.0,
        0.0,
        0.0,
        0.0,
        3.0,
        13.0,
        12.0,
        23.0,
        26.0,
        24.0
      ]
    },
    {
      "name": "large (384d/8L) SP+HP",
      "mean_mae": 9.879457664489745,
      "std_mae": 1.292442959819943,
      "mean_r": 0.4834399700164795,
      "std_r": 0.31483825346964395,
      "ensemble_mae": 9.361311778757306,
      "ensemble_r": 0.6661060636638558,
      "individual_mae": [
        9.440753936767578,
        9.285408973693848,
        8.704692840576172,
        12.395669937133789,
        9.570762634277344
      ],
      "individual_r": [
        0.5786868333816528,
        0.6524601578712463,
        0.7011858224868774,
        -0.14122933149337769,
        0.6260963678359985
      ],
      "test_true": [
        0.0,
        0.0,
        0.0,
        2.0,
        1.0,
        2.0,
        6.0,
        10.0,
        6.0,
        22.0,
        18.0,
        32.0,
        31.0,
        32.0,
        14.0,
        41.0,
        33.0,
        40.0,
        17.0,
        19.0,
        15.0,
        38.0,
        33.0,
        16.0,
        52.0,
        26.0,
        26.0,
        0.0,
        0.0,
        0.0,
        3.0,
        13.0,
        12.0,
        23.0,
        26.0,
        24.0
      ]
    },
    {
      "name": "xxl (768d/10L) SP+HP high-reg",
      "mean_mae": 9.793029975891113,
      "std_mae": 0.1547301582392091,
      "mean_r": 0.5909520149230957,
      "std_r": 0.02754258559313154,
      "ensemble_mae": 9.463040341271295,
      "ensemble_r": 0.6307305024788861,
      "individual_mae": [
        9.640860557556152,
        9.920833587646484,
        9.85581111907959,
        9.968165397644043,
        9.579479217529297
      ],
      "individual_r": [
        0.6192392110824585,
        0.541373074054718,
        0.5921633839607239,
        0.6138696074485779,
        0.5881147980690002
      ],
      "test_true": [
        0.0,
        0.0,
        0.0,
        2.0,
        1.0,
        2.0,
        6.0,
        10.0,
        6.0,
        22.0,
        18.0,
        32.0,
        31.0,
        32.0,
        14.0,
        41.0,
        33.0,
        40.0,
        17.0,
        19.0,
        15.0,
        38.0,
        33.0,
        16.0,
        52.0,
        26.0,
        26.0,
        0.0,
        0.0,
        0.0,
        3.0,
        13.0,
        12.0,
        23.0,
        26.0,
        24.0
      ]
    },
    {
      "name": "large (384d/8L) all tasks",
      "mean_mae": 10.515147018432618,
      "std_mae": 1.0398648578022007,
      "mean_r": 0.48631527423858645,
      "std_r": 0.1306656093706985,
      "ensemble_mae": 10.209055649571948,
      "ensemble_r": 0.613449907880695,
      "individual_mae": [
        9.234884262084961,
        9.417004585266113,
        10.666041374206543,
        11.45870590209961,
        11.79909896850586
      ],
      "individual_r": [
        0.6154658794403076,
        0.5962271690368652,
        0.559291660785675,
        0.2942589223384857,
        0.3663327395915985
      ],
      "test_true": [
        0.0,
        0.0,
        0.0,
        2.0,
        1.0,
        2.0,
        6.0,
        10.0,
        6.0,
        22.0,
        18.0,
        32.0,
        31.0,
        32.0,
        14.0,
        41.0,
        33.0,
        40.0,
        17.0,
        19.0,
        15.0,
        38.0,
        33.0,
        16.0,
        52.0,
        26.0,
        26.0,
        0.0,
        0.0,
        0.0,
        3.0,
        13.0,
        12.0,
        23.0,
        26.0,
        24.0
      ]
    },
    {
      "name": "medium (256d/6L) SP+HP",
      "mean_mae": 9.567979049682616,
      "std_mae": 0.29458631529467133,
      "mean_r": 0.5982016921043396,
      "std_r": 0.02277709145540781,
      "ensemble_mae": 9.346364757418632,
      "ensemble_r": 0.6275868904286592,
      "individual_mae": [
        9.32780647277832,
        9.537432670593262,
        10.140003204345703,
        9.453969955444336,
        9.380682945251465
      ],
      "individual_r": [
        0.6174992918968201,
        0.5989686846733093,
        0.5692094564437866,
        0.6285555958747864,
        0.5767754316329956
      ],
      "test_true": [
        0.0,
        0.0,
        0.0,
        2.0,
        1.0,
        2.0,
        6.0,
        10.0,
        6.0,
        22.0,
        18.0,
        32.0,
        31.0,
        32.0,
        14.0,
        41.0,
        33.0,
        40.0,
        17.0,
        19.0,
        15.0,
        38.0,
        33.0,
        16.0,
        52.0,
        26.0,
        26.0,
        0.0,
        0.0,
        0.0,
        3.0,
        13.0,
        12.0,
        23.0,
        26.0,
        24.0
      ]
    }
  ],
  "cross_config_mae": 8.720777586764761,
  "cross_config_r": 0.6804898120879531,
  "mega_ensemble_mae": 9.463806983100042,
  "mega_ensemble_r": 0.6449496410630112
}