{
  "item": 18,
  "variant": "self_norm_plus_item",
  "eval": "5split",
  "n_subjects": 93,
  "seeds": [
    42,
    1337,
    7
  ],
  "ccc_mean": 0.40486666666666665,
  "ccc_std": 0.08207254243790807,
  "mae_mean": 0.9547333333333333,
  "per_seed": [
    {
      "n": 93,
      "ccc": 0.293,
      "cal_slope": 0.197,
      "mae": 1.0207,
      "r": 0.3356,
      "pred_mean": 1.009,
      "pred_std": 0.796,
      "true_mean": 1.011,
      "true_std": 1.356,
      "label": ""
    },
    {
      "n": 93,
      "ccc": 0.434,
      "cal_slope": 0.3178,
      "mae": 0.9311,
      "r": 0.4662,
      "pred_mean": 1.016,
      "pred_std": 0.924,
      "true_mean": 1.011,
      "true_std": 1.356,
      "label": ""
    },
    {
      "n": 93,
      "ccc": 0.4876,
      "cal_slope": 0.3417,
      "mae": 0.9124,
      "r": 0.5417,
      "pred_mean": 1.092,
      "pred_std": 0.855,
      "true_mean": 1.011,
      "true_std": 1.356,
      "label": ""
    }
  ],
  "null_tests": {
    "scrambled_label_ccc": -0.18507491337239326,
    "canary_feature_ccc": 0.293024001148742,
    "sid_shuffle_selfnorm_ccc": 0.1167615067308869
  }
}