{
  "item": 10,
  "variant": "self_norm_plus_v2",
  "eval": "5split",
  "n_subjects": 94,
  "seeds": [
    42,
    1337,
    7
  ],
  "ccc_mean": 0.5348,
  "ccc_std": 0.04639590499171235,
  "mae_mean": 0.4898666666666667,
  "per_seed": [
    {
      "n": 94,
      "ccc": 0.573,
      "cal_slope": 0.4232,
      "mae": 0.4676,
      "r": 0.6127,
      "pred_mean": 1.049,
      "pred_std": 0.523,
      "true_mean": 1.043,
      "true_std": 0.757,
      "label": ""
    },
    {
      "n": 94,
      "ccc": 0.4695,
      "cal_slope": 0.3183,
      "mae": 0.5158,
      "r": 0.5337,
      "pred_mean": 1.033,
      "pred_std": 0.451,
      "true_mean": 1.043,
      "true_std": 0.757,
      "label": ""
    },
    {
      "n": 94,
      "ccc": 0.5619,
      "cal_slope": 0.4113,
      "mae": 0.4862,
      "r": 0.604,
      "pred_mean": 1.033,
      "pred_std": 0.515,
      "true_mean": 1.043,
      "true_std": 0.757,
      "label": ""
    }
  ],
  "null_tests": {
    "scrambled_label_ccc": 0.02884762245962089,
    "canary_feature_ccc": 0.572966333851561,
    "sid_shuffle_selfnorm_ccc": 0.5203805706928198
  }
}