{
  "item": 18,
  "variant": "self_norm_only",
  "eval": "5split",
  "n_subjects": 93,
  "seeds": [
    42,
    1337,
    7
  ],
  "ccc_mean": 0.4315666666666667,
  "ccc_std": 0.0798367640181445,
  "mae_mean": 0.9383333333333335,
  "per_seed": [
    {
      "n": 93,
      "ccc": 0.3298,
      "cal_slope": 0.2249,
      "mae": 1.0013,
      "r": 0.3727,
      "pred_mean": 0.998,
      "pred_std": 0.818,
      "true_mean": 1.011,
      "true_std": 1.356,
      "label": ""
    },
    {
      "n": 93,
      "ccc": 0.4401,
      "cal_slope": 0.3267,
      "mae": 0.931,
      "r": 0.4692,
      "pred_mean": 1.018,
      "pred_std": 0.944,
      "true_mean": 1.011,
      "true_std": 1.356,
      "label": ""
    },
    {
      "n": 93,
      "ccc": 0.5248,
      "cal_slope": 0.3625,
      "mae": 0.8827,
      "r": 0.5894,
      "pred_mean": 1.087,
      "pred_std": 0.834,
      "true_mean": 1.011,
      "true_std": 1.356,
      "label": ""
    }
  ],
  "null_tests": {
    "scrambled_label_ccc": -0.19439689285284353,
    "canary_feature_ccc": 0.3297518588423729,
    "sid_shuffle_selfnorm_ccc": 0.08246959210671088
  }
}