{
  "item": 14,
  "variant": "self_norm_cccv2",
  "eval": "5split",
  "n_subjects": 94,
  "seeds": [
    42,
    1337,
    7
  ],
  "ccc_mean": 0.2843,
  "ccc_std": 0.033424641608649545,
  "mae_mean": 0.5835,
  "per_seed": [
    {
      "n": 94,
      "ccc": 0.3262,
      "cal_slope": 0.2222,
      "mae": 0.5643,
      "r": 0.3702,
      "pred_mean": 1.022,
      "pred_std": 0.442,
      "true_mean": 0.989,
      "true_std": 0.737,
      "label": ""
    },
    {
      "n": 94,
      "ccc": 0.2823,
      "cal_slope": 0.1853,
      "mae": 0.5801,
      "r": 0.332,
      "pred_mean": 0.964,
      "pred_std": 0.411,
      "true_mean": 0.989,
      "true_std": 0.737,
      "label": ""
    },
    {
      "n": 94,
      "ccc": 0.2444,
      "cal_slope": 0.1714,
      "mae": 0.6061,
      "r": 0.2711,
      "pred_mean": 0.95,
      "pred_std": 0.466,
      "true_mean": 0.989,
      "true_std": 0.737,
      "label": ""
    }
  ],
  "null_tests": {
    "scrambled_label_ccc": -0.13852277076686834,
    "canary_feature_ccc": 0.32622111783857716,
    "sid_shuffle_selfnorm_ccc": 0.22963205211285073
  }
}