{
  "item": 18,
  "variant": "self_norm_cccv2",
  "eval": "5split",
  "n_subjects": 93,
  "seeds": [
    42,
    1337,
    7
  ],
  "ccc_mean": 0.4607333333333334,
  "ccc_std": 0.06968942212097584,
  "mae_mean": 0.8957,
  "per_seed": [
    {
      "n": 93,
      "ccc": 0.3757,
      "cal_slope": 0.2531,
      "mae": 0.9485,
      "r": 0.4297,
      "pred_mean": 0.994,
      "pred_std": 0.799,
      "true_mean": 1.011,
      "true_std": 1.356,
      "label": ""
    },
    {
      "n": 93,
      "ccc": 0.4601,
      "cal_slope": 0.3527,
      "mae": 0.9012,
      "r": 0.483,
      "pred_mean": 1.007,
      "pred_std": 0.99,
      "true_mean": 1.011,
      "true_std": 1.356,
      "label": ""
    },
    {
      "n": 93,
      "ccc": 0.5464,
      "cal_slope": 0.4127,
      "mae": 0.8374,
      "r": 0.5784,
      "pred_mean": 1.061,
      "pred_std": 0.967,
      "true_mean": 1.011,
      "true_std": 1.356,
      "label": ""
    }
  ],
  "null_tests": {
    "scrambled_label_ccc": -0.052023819311721224,
    "canary_feature_ccc": 0.3757470598892798,
    "sid_shuffle_selfnorm_ccc": 0.30684628576883594
  }
}