{
  "item": 11,
  "variant": "self_norm_plus_item",
  "eval": "5split",
  "n_subjects": 94,
  "seeds": [
    42,
    1337,
    7
  ],
  "ccc_mean": 0.18743333333333334,
  "ccc_std": 0.052070230351793985,
  "mae_mean": 0.3976,
  "per_seed": [
    {
      "n": 94,
      "ccc": 0.2502,
      "cal_slope": 0.1753,
      "mae": 0.393,
      "r": 0.278,
      "pred_mean": 0.249,
      "pred_std": 0.389,
      "true_mean": 0.213,
      "true_std": 0.617,
      "label": ""
    },
    {
      "n": 94,
      "ccc": 0.1894,
      "cal_slope": 0.1333,
      "mae": 0.3997,
      "r": 0.2088,
      "pred_mean": 0.226,
      "pred_std": 0.394,
      "true_mean": 0.213,
      "true_std": 0.617,
      "label": ""
    },
    {
      "n": 94,
      "ccc": 0.1227,
      "cal_slope": 0.084,
      "mae": 0.4001,
      "r": 0.1382,
      "pred_mean": 0.22,
      "pred_std": 0.375,
      "true_mean": 0.213,
      "true_std": 0.617,
      "label": ""
    }
  ],
  "null_tests": {
    "scrambled_label_ccc": -0.1367498708735366,
    "canary_feature_ccc": 0.25020109861525813,
    "sid_shuffle_selfnorm_ccc": 0.09077929391463231
  }
}