{
  "item": 18,
  "variant": "self_norm_hy_residual",
  "eval": "5split",
  "n_subjects": 93,
  "seeds": [
    42,
    1337,
    7
  ],
  "ccc_mean": 0.4584333333333334,
  "ccc_std": 0.07397415464576501,
  "mae_mean": 0.9360666666666666,
  "per_seed": [
    {
      "n": 93,
      "ccc": 0.3572,
      "cal_slope": 0.2409,
      "mae": 0.9761,
      "r": 0.408,
      "pred_mean": 1.031,
      "pred_std": 0.801,
      "true_mean": 1.011,
      "true_std": 1.356,
      "label": ""
    },
    {
      "n": 93,
      "ccc": 0.4862,
      "cal_slope": 0.376,
      "mae": 0.9508,
      "r": 0.5086,
      "pred_mean": 1.029,
      "pred_std": 1.003,
      "true_mean": 1.011,
      "true_std": 1.356,
      "label": ""
    },
    {
      "n": 93,
      "ccc": 0.5319,
      "cal_slope": 0.3818,
      "mae": 0.8813,
      "r": 0.5805,
      "pred_mean": 1.084,
      "pred_std": 0.892,
      "true_mean": 1.011,
      "true_std": 1.356,
      "label": ""
    }
  ],
  "null_tests": {
    "scrambled_label_ccc": -0.17511851101537815,
    "canary_feature_ccc": 0.35722720454047346,
    "sid_shuffle_selfnorm_ccc": 0.28343000907185284
  }
}