{
  "item": 9,
  "variant": "self_norm_hy_residual",
  "eval": "5split",
  "n_subjects": 94,
  "seeds": [
    42,
    1337,
    7
  ],
  "ccc_mean": 0.3083666666666667,
  "ccc_std": 0.022521150552807522,
  "mae_mean": 0.3722666666666667,
  "per_seed": [
    {
      "n": 94,
      "ccc": 0.3174,
      "cal_slope": 0.2304,
      "mae": 0.3603,
      "r": 0.3438,
      "pred_mean": 0.242,
      "pred_std": 0.327,
      "true_mean": 0.266,
      "true_std": 0.488,
      "label": ""
    },
    {
      "n": 94,
      "ccc": 0.2774,
      "cal_slope": 0.2103,
      "mae": 0.3885,
      "r": 0.2937,
      "pred_mean": 0.295,
      "pred_std": 0.349,
      "true_mean": 0.266,
      "true_std": 0.488,
      "label": ""
    },
    {
      "n": 94,
      "ccc": 0.3303,
      "cal_slope": 0.2565,
      "mae": 0.368,
      "r": 0.3449,
      "pred_mean": 0.272,
      "pred_std": 0.363,
      "true_mean": 0.266,
      "true_std": 0.488,
      "label": ""
    }
  ],
  "null_tests": {
    "scrambled_label_ccc": 0.011826668250908279,
    "canary_feature_ccc": 0.31744672692084136,
    "sid_shuffle_selfnorm_ccc": 0.33413541254931006
  }
}