{
  "item": 18,
  "variant": "self_norm_hy_residual_cccv2",
  "eval": "5split",
  "n_subjects": 93,
  "seeds": [
    42,
    1337,
    7
  ],
  "ccc_mean": 0.4499666666666666,
  "ccc_std": 0.0826463281432125,
  "mae_mean": 0.9537,
  "per_seed": [
    {
      "n": 93,
      "ccc": 0.351,
      "cal_slope": 0.2396,
      "mae": 1.018,
      "r": 0.3966,
      "pred_mean": 1.031,
      "pred_std": 0.819,
      "true_mean": 1.011,
      "true_std": 1.356,
      "label": ""
    },
    {
      "n": 93,
      "ccc": 0.4456,
      "cal_slope": 0.3554,
      "mae": 0.9948,
      "r": 0.461,
      "pred_mean": 1.046,
      "pred_std": 1.045,
      "true_mean": 1.011,
      "true_std": 1.356,
      "label": ""
    },
    {
      "n": 93,
      "ccc": 0.5533,
      "cal_slope": 0.4295,
      "mae": 0.8483,
      "r": 0.5788,
      "pred_mean": 1.072,
      "pred_std": 1.006,
      "true_mean": 1.011,
      "true_std": 1.356,
      "label": ""
    }
  ],
  "null_tests": {
    "scrambled_label_ccc": -0.09619643235576787,
    "canary_feature_ccc": 0.35099811620055066,
    "sid_shuffle_selfnorm_ccc": 0.38729999664110204
  }
}