{
  "n_subjects": 92,
  "seeds": [
    42,
    1337,
    7
  ],
  "per_seed": [
    {
      "seed": 42,
      "lgb": 0.6940805011289954,
      "xgb": 0.723996865717792,
      "et": 0.7088371850674452,
      "hybrid_avg": 0.7164576094207005
    },
    {
      "seed": 1337,
      "lgb": 0.6963937747536668,
      "xgb": 0.7238209690884655,
      "et": 0.7073571161105127,
      "hybrid_avg": 0.7169036923480564
    },
    {
      "seed": 7,
      "lgb": 0.6979893914700998,
      "xgb": 0.7244053601757626,
      "et": 0.7068693435127268,
      "hybrid_avg": 0.7174916602124872
    }
  ],
  "per_base_summary": {
    "lgb": {
      "ccc": 0.6964,
      "mae": 1.8604,
      "r": 0.7058,
      "cal_slope": 0.8302,
      "delta_vs_iter34_hybrid_n92": -0.02059999999999995,
      "delta_vs_iter12_honest_n94": 0.04139999999999999,
      "paired_bootstrap_vs_iter34_hybrid": {
        "delta_mean": -0.02020710721307145,
        "delta_ci_low": -0.04138665530616909,
        "delta_ci_high": 0.002182301143277042,
        "frac_above_zero": 0.0352
      },
      "per_seed_ccc": [
        0.6940805011289954,
        0.6963937747536668,
        0.6979893914700998
      ]
    },
    "xgb": {
      "ccc": 0.7242,
      "mae": 1.6783,
      "r": 0.7318,
      "cal_slope": 0.8451,
      "delta_vs_iter34_hybrid_n92": 0.007199999999999984,
      "delta_vs_iter12_honest_n94": 0.06919999999999993,
      "paired_bootstrap_vs_iter34_hybrid": {
        "delta_mean": 0.007140621528317092,
        "delta_ci_low": -0.01593827049719957,
        "delta_ci_high": 0.031667711308494516,
        "frac_above_zero": 0.7278
      },
      "per_seed_ccc": [
        0.723996865717792,
        0.7238209690884655,
        0.7244053601757626
      ]
    },
    "et": {
      "ccc": 0.708,
      "mae": 1.7461,
      "r": 0.7103,
      "cal_slope": 0.77,
      "delta_vs_iter34_hybrid_n92": -0.009000000000000008,
      "delta_vs_iter12_honest_n94": 0.052999999999999936,
      "paired_bootstrap_vs_iter34_hybrid": {
        "delta_mean": -0.009547659600912226,
        "delta_ci_low": -0.030789926611984833,
        "delta_ci_high": 0.008005724423052273,
        "frac_above_zero": 0.157
      },
      "per_seed_ccc": [
        0.7088371850674452,
        0.7073571161105127,
        0.7068693435127268
      ]
    }
  },
  "hybrid_check_ccc": 0.717,
  "iter34_lockbox_n92_ccc": 0.717,
  "iter12_honest_n94_ccc": 0.655,
  "item_x_base_ccc_matrix": {
    "9": {
      "lgb": 0.2292429979685041,
      "xgb": 0.22323433283076682,
      "et": 0.2225282809826625
    },
    "10": {
      "lgb": 0.4123376156759204,
      "xgb": 0.46105714779394624,
      "et": 0.4250710875776623
    },
    "11": {
      "lgb": 0.21807877536947484,
      "xgb": 0.2552038677068578,
      "et": 0.17953776820209827
    },
    "12": {
      "lgb": 0.5383600733000588,
      "xgb": 0.5692203869188011,
      "et": 0.5271962951609243
    },
    "13": {
      "lgb": 0.046634405563322906,
      "xgb": 0.03358235904294192,
      "et": 0.12339846491379325
    },
    "14": {
      "lgb": 0.3661595990120741,
      "xgb": 0.2986655921289336,
      "et": 0.253958334007091
    }
  },
  "fwer_family_n8": true,
  "bonferroni_alpha_per_test": 0.00625,
  "loocv_gate_frac_above_zero": 0.99375,
  "wall_s_total": 1521.1872825622559
}