{
  "script": "audit_t3_iter47_residual_anatomy.py",
  "created_at_utc": "2026-05-09T03:06:25+00:00",
  "scope": "diagnostic_only_no_model_selection",
  "inputs": {
    "predictions": "/home/fiod/medical/results/iter47_invalidcode_subject_preds_20260508_194605.csv",
    "features": "/home/fiod/medical/results/ablation_v3_features.csv",
    "target_integrity_audit": "/home/fiod/medical/results/t3_iter47_target_integrity_audit_20260508.json"
  },
  "cohort": {
    "name": "drop_allmissing_validrange",
    "stage2_policy": "stage2_current",
    "n": 95,
    "sites": {
      "NLS": 68,
      "WPD": 27
    },
    "target_changed_sids": [
      "NLS036"
    ]
  },
  "overall_metrics": {
    "n": 95,
    "ccc": 0.3783671177953899,
    "mae": 7.528022830280761,
    "r": 0.4140570278396842,
    "cal_slope_pred_on_true": 0.26924232265178977,
    "mean_error_pred_minus_true": -0.185412419612919,
    "prediction_sd": 6.446170478634331,
    "target_sd": 9.913308439190537,
    "residual_corr_with_true": -0.7770738735166363,
    "residual_corr_with_pred": 0.25116760252743836
  },
  "severity_quartile_summary": [
    {
      "group": "Q1_low",
      "n": 26,
      "mean_y": 13.384615384615385,
      "mean_pred": 23.408891311799433,
      "mean_residual_pred_minus_true": 10.024275927184046,
      "mae": 10.318850530073593,
      "ccc": 0.013558379377399121,
      "r": 0.05810485543942431
    },
    {
      "group": "Q2",
      "n": 26,
      "mean_y": 22.46153846153846,
      "mean_pred": 21.944841036317744,
      "mean_residual_pred_minus_true": -0.5166974252207157,
      "mae": 4.597604768712322,
      "ccc": -0.1995638886913158,
      "r": -0.2554293792150994
    },
    {
      "group": "Q3",
      "n": 19,
      "mean_y": 27.736842105263158,
      "mean_pred": 25.418497605239008,
      "mean_residual_pred_minus_true": -2.3183445000241503,
      "mae": 3.906659665561464,
      "ccc": 0.1296469576637329,
      "r": 0.2609908291202885
    },
    {
      "group": "Q4_high",
      "n": 24,
      "mean_y": 38.166666666666664,
      "mean_pred": 28.968221857757708,
      "mean_residual_pred_minus_true": -9.198444808908958,
      "mae": 10.546158227607103,
      "ccc": 0.25515877882845395,
      "r": 0.48002207480186426
    }
  ],
  "site_summary": [
    {
      "group": "NLS",
      "n": 68,
      "mean_y": 26.058823529411764,
      "mean_pred": 25.634343712465743,
      "mean_residual_pred_minus_true": -0.42447981694602466,
      "mae": 8.001835114550506,
      "ccc": 0.406754506394133,
      "r": 0.45304867500663687
    },
    {
      "group": "WPD",
      "n": 27,
      "mean_y": 22.333333333333332,
      "mean_pred": 22.750016581077862,
      "mean_residual_pred_minus_true": 0.4166832477445321,
      "mae": 6.334717818045839,
      "ccc": 0.05146167615096947,
      "r": 0.0531030131827848
    }
  ],
  "site_by_quartile_mean_residual": {
    "Q1_low": {
      "NLS": 10.4543,
      "WPD": 8.857
    },
    "Q2": {
      "NLS": -0.1444,
      "WPD": -1.1124
    },
    "Q3": {
      "NLS": -1.3618,
      "WPD": -3.3811
    },
    "Q4_high": {
      "NLS": -9.1986,
      "WPD": -9.1942
    }
  },
  "clinical_covariate_correlations": [
    {
      "variable": "hy",
      "corr_with_residual": 0.06992144755922675,
      "corr_with_target": 0.3634167276381388,
      "corr_with_prediction": 0.660004382237419
    },
    {
      "variable": "cv_yrs",
      "corr_with_residual": -0.018316583033931164,
      "corr_with_target": 0.2669114433699867,
      "corr_with_prediction": 0.383983046390566
    },
    {
      "variable": "cv_sex",
      "corr_with_residual": 0.03388153662677101,
      "corr_with_target": 0.20893878542433586,
      "corr_with_prediction": 0.3703180514170942
    },
    {
      "variable": "cv_dbs",
      "corr_with_residual": -0.03820050055569023,
      "corr_with_target": 0.1636044644078783,
      "corr_with_prediction": 0.19635527240496695
    },
    {
      "variable": "cv_age",
      "corr_with_residual": -0.035836095170113914,
      "corr_with_target": 0.12542681699958352,
      "corr_with_prediction": 0.14106279093207721
    },
    {
      "variable": "obs_subscore",
      "corr_with_residual": -0.5114915059965108,
      "corr_with_target": 0.7644950969223904,
      "corr_with_prediction": 0.43596825724978455
    },
    {
      "variable": "raw_part3_missing_validrange",
      "corr_with_residual": -0.025387309940915228,
      "corr_with_target": 0.01918276020766831,
      "corr_with_prediction": -0.007214688216492801
    },
    {
      "variable": "target_delta_original_minus_validrange",
      "corr_with_residual": 0.053315267437239924,
      "corr_with_target": 0.031213229748241793,
      "corr_with_prediction": 0.12510604151133026
    }
  ],
  "global_diagnostic_feature_correlations": [
    {
      "feature": "fq_R_Wris_dw5",
      "corr_with_residual": -0.28994771858567786,
      "abs_corr_with_residual": 0.28994771858567786,
      "corr_with_target": 0.34025589096828474,
      "corr_with_prediction": 0.1039440017896262,
      "nonmissing": 95
    },
    {
      "feature": "R_Wrist_ax_dom",
      "corr_with_residual": -0.2803217090464867,
      "abs_corr_with_residual": 0.2803217090464867,
      "corr_with_target": 0.32410817395747965,
      "corr_with_prediction": 0.09303219263626979,
      "nonmissing": 95
    },
    {
      "feature": "R_LatShank_am_trem_r",
      "corr_with_residual": -0.27513752384499846,
      "abs_corr_with_residual": 0.27513752384499846,
      "corr_with_target": 0.29564112408624404,
      "corr_with_prediction": 0.05675121313866855,
      "nonmissing": 95
    },
    {
      "feature": "Forehead_ay_se",
      "corr_with_residual": -0.26543413147323125,
      "abs_corr_with_residual": 0.26543413147323125,
      "corr_with_target": 0.41305376472055005,
      "corr_with_prediction": 0.25134846117783893,
      "nonmissing": 95
    },
    {
      "feature": "Forehead_ay_trem_r",
      "corr_with_residual": -0.261867942803806,
      "abs_corr_with_residual": 0.261867942803806,
      "corr_with_target": 0.42281060817247046,
      "corr_with_prediction": 0.2715105382762657,
      "nonmissing": 95
    },
    {
      "feature": "d_tug_R_Wrist_ax_jerk",
      "corr_with_residual": 0.2616565877770176,
      "abs_corr_with_residual": 0.2616565877770176,
      "corr_with_target": -0.2601485744116995,
      "corr_with_prediction": -0.021664746524480655,
      "nonmissing": 95
    },
    {
      "feature": "L_Wrist_ro_kurt",
      "corr_with_residual": 0.25424211943100994,
      "abs_corr_with_residual": 0.25424211943100994,
      "corr_with_target": -0.24664962833706025,
      "corr_with_prediction": -0.011628048944333624,
      "nonmissing": 95
    },
    {
      "feature": "Forehead_ay_loco_r",
      "corr_with_residual": 0.25004731162774535,
      "abs_corr_with_residual": 0.25004731162774535,
      "corr_with_target": -0.2631204488920724,
      "corr_with_prediction": -0.04302439166458625,
      "nonmissing": 95
    },
    {
      "feature": "L_Wrist_ay_trem_r",
      "corr_with_residual": -0.24764648350405796,
      "abs_corr_with_residual": 0.24764648350405796,
      "corr_with_target": 0.42816162275777686,
      "corr_with_prediction": 0.30030670347184246,
      "nonmissing": 95
    },
    {
      "feature": "L_Wrist_am_loco_r",
      "corr_with_residual": 0.24387306866243236,
      "abs_corr_with_residual": 0.24387306866243236,
      "corr_with_target": -0.432945420064478,
      "corr_with_prediction": -0.3131206214624924,
      "nonmissing": 95
    },
    {
      "feature": "r_hp_LowerBack_g_cadence",
      "corr_with_residual": 0.24322173441579065,
      "abs_corr_with_residual": 0.24322173441579065,
      "corr_with_target": -0.170427083592985,
      "corr_with_prediction": 0.08965389763239845,
      "nonmissing": 95
    },
    {
      "feature": "d_tg_R_Wrist_ax_jerk",
      "corr_with_residual": 0.2401794641731809,
      "abs_corr_with_residual": 0.2401794641731809,
      "corr_with_target": -0.26008446403556373,