{
  "config": "xxl_768d_10L_all_tasks_aug",
  "seeds": [
    42,
    123,
    456,
    789,
    2024
  ],
  "test_maes": [
    9.210575103759766,
    8.123822212219238,
    9.84475326538086,
    12.036170959472656,
    12.013096809387207
  ],
  "test_rs": [
    0.6031225323677063,
    0.683626651763916,
    0.5694251656532288,
    0.29160627722740173,
    0.1925964057445526
  ],
  "mean_mae": 10.245683670043945,
  "std_mae": 1.5533244940004753,
  "mean_r": 0.46807536482810974,
  "std_r": 0.19078882038593292,
  "ensemble_mae": 10.022893905639648,
  "ensemble_r": 0.6358423233032227
}