{
  "nested_cv_4way_ccc": 0.7210754904118928,
  "nested_cv_4way_delta": 0.004075490411892813,
  "nested_cv_4way_mean_weights": {
    "V2": 0.3378814309768593,
    "GSP": 0.3355922887356884,
    "mos": 0.26839135206414244,
    "titd": 0.05813492822330995
  },
  "nested_cv_7way_ccc": 5.020068201638134e-05,
  "nested_cv_7way_delta": -0.7169497993179836,
  "nested_cv_7way_mean_weights": {
    "V2": 0.1894426785660725,
    "GSP": 0.21543529278686593,
    "mos": 0.18279843714958915,
    "titd": 0.113349297307306,
    "pm": 0.09530046509525963,
    "rec": 0.09371729364555122,
    "psi": 0.10995653544935521
  },
  "adaptive_hy_ccc": 0.7241442089720345,
  "adaptive_hy_delta": 0.007144208972034494,
  "adaptive_site_ccc": 0.7054132701499122,
  "adaptive_site_delta": -0.011586729850087796,
  "grid_loocv_overfit_4way_ccc": 0.7412
}