{"V2_chain": [4.025412326303354, 9.096018575787012, 5.554488245644539, 1.8364209240701215, 5.899899414097539, 5.139141114758982, 1.666533864790307, 6.915195765367709, 6.596031294766308, 2.295522289489013, 1.2558649324029718, 1.2792128193362076, 6.880814838662624, -0.14112060475915333, 2.2635644692764134, 4.281895725364751, 1.929447417251163, 2.691617996175101, 1.941316503736245, 4.575005787118154, 0.9039569697454543, 2.134263979999791, 5.374889736983607, 2.3608454069593336, 1.3441614991669324, 5.106542504477855, 2.4664496199434205, 5.879962234356646, 3.332442446838506, 1.7619587746253587, 5.094970727294942, 1.565771853948668, 6.619877332950634, 6.499289457656599, 3.6737469292025993, 2.6489987811196, 0.2774204962041848, 10.2259348051756, 3.177047050346502, 2.8241730235704607, 6.417090082013183, 1.795603652008391, 3.412200199591626, 3.5192701926640666, 0.9530350188764026, 1.9842063749129928, 1.059117879969375, 4.300929469814182, -0.5340227873535425, 4.562961133372251, 5.996291837682915, 4.768205365388941, 1.9404881028634733, 8.213971382791556, 3.287597114857041, 3.457114905171968, 10.808973898938739, 3.54101557989395, 4.7035105018530565, 5.5084020781199925, 2.7426665864794657, 8.212474028194224, 3.3826609349338175, 3.5652644892893384, 7.733744278392006, 1.8518004340681273, 1.173313280994515, 1.3656487237493398, 3.032034927644999, 1.180801006771283, 0.6547408303647315, 7.066787356289704, 15.85586939364903, 2.579303291959946, 13.385458363707203, 3.760772602474244, 3.747218691785267, 3.1197597554361565, 1.5116560381260797, 1.8566944138636368, 1.8517791661715182, 3.5153689688688226, 7.535982863013452, 1.102054008870158, 0.653871909804247, 3.2616503728580724, 1.8156601489529585, 1.3811613524095083, 3.4238573633534295, 13.753093004963276, 7.649663984248851, 10.630926092762936], "V3GSP_chain": [3.636054518875707, 7.484851877827816, 6.876555615216501, 1.802775961258935, 6.605783654792968, 2.436110608818138, 2.7257884357699855, 4.837931268853976, 8.189573727171561, 1.9956267746270848, 1.6876148841581686, 2.0391742504105395, 11.602353247924142, -0.2938991542726403, 3.2389660955959143, 3.1514249902101867, 1.9215841138915242, 3.0007229587578195, 0.08351693029535297, 3.660712736361089, 1.3568573937394326, 2.1733278862566134, 6.563287353795913, 1.0941026418072173, 1.4115471464465699, 4.644617802685939, 3.4453186778479155, 6.634382515224135, 3.5880150341999335, 0.39436854410998484, 3.537521845166911, 2.3608253432465225, 5.322291771468634, 6.1555059567483115, 5.234060876451511, 2.3572687221248025, 0.6408883522134635, 9.505716418436926, 6.179567194112781, 1.8479350126604797, 6.272049072373927, 3.081464493440056, 4.348334973906641, 5.712677247480055, -0.5843452605676697, 2.136051102694721, 1.0948934495001632, 5.632005517944248, -0.19101868493181673, 3.5785296886221367, 5.542582425048296, 7.071374751927895, 2.332097642186373, 7.671822057306141, 3.5760859522222384, 4.065702891789003, 11.211577370876313, 4.049929380338402, 6.460599282725318, 5.590116416958243, 2.5204245760260275, 9.428183612282405, 1.4335521300655047, 2.618443315421825, 7.538347871338477, 2.7607041206703493, 0.2772818382661593, 1.6853337387379643, 2.3410431652639794, 0.5811693005836357, 0.6411852430410317, 5.7210965150430475, 15.173329628286844, 1.9506256969573323, 12.844917897254414, 2.7560367193449746, 3.1223295845059305, 2.8167885177802883, 1.2085433354317925, 1.7243072449978198, 1.8510441268655582, 2.674280887934563, 7.348806857554043, 1.3297199332058722, 0.31778680587310265, 3.940555334749611, 2.263443511316129, 2.4718569983349936, 3.21812674721958, 14.224363555652483, 6.180833610635834, 12.455115161729777], "v3_gsp": [3.9643177926361504, 11.752249119060085, -3.5210341712097115, 55228.49009984453, 8.02590391132276, 9.248170881547907, 7.775260967895544, 1.4243085743297481, 5.103250217734007, 4.739970628877675, 2.947307800139444, 2.0463011639695314, 1114.491695496305, 1.626612111727271, 4.323323329315552, 3.4865439852501714, 0.6921912568329143, 7.110364446149897, 3.506471717890726, 4.676059503677507, 3.770277006088664, 0.439611681492281, -80.96151323557555, 1.3594035894609633, 4.003359480820004, -1.4451130948198534, 2.387957783064981, 5.909148789521009, 4.4610320291289565, -0.052360958897575305, 8.658887843931312, 4.537006978205574, 5.192034577767068, 3.1471444034065565, 1.4917695345581352, 2.8833456984204964, -3.7626370406742162, 5.353165084205637, 4.132105435577513, 2.9044530168455136, 7.747009345232626, -2.1367641555319183, 6.976732399082808, 4.041999853614171, 2.532599098726325, 4.40643579958326, 2.2992694584468625, 3.5239505657945362, -1.2691040746931943, 3.619381032240138, -1.256594453635996, 2.588084890889441, 2.7094974851739377, 5.444929797204162, 4.240577188773639, 7.148848013348156, 6.042878238433298, 8.276201619035174, 6.689262503952436, 5.970910607400496, 7.168740008948099, 11.26320007172135, 3.247683560013619, 4.645991600520674, 17.42922988737087, 2.949864499896765, 0.5194335461995983, 4.229702100127259, 1.8235585366488891, 0.19053784846456767, -0.12837090235829574, 3.5334502309696387, 16.708654007608217, -0.10899553558473496, 3.752668945967435, 2.677160880485668, 2.3247556460527927, 4.8853906460734, 1.5172785575569896, -4.404396229786935, 2.098710510388942, 5.567122159762702, 6.7574993657079, 5.127596750765429, 1.9024496829743196, 7.12950651420918, 1.321990205858545, 3.5902381840903628, 0.7078571464432164, 13.700985736137742, 5.890302549776811, 8.167166251520662], "v3_mos": [4.596002175677845, 7.663263210657933, 4.599944574246948, 3.3683759287934474, 4.677248014810923, -3.514697303682919, 4.406434526818647, 6.22642515222191, 7.161918119455608, 2.411050891527493, 0.38325677559454085, 0.014143466621281409, 6.449589969507681, -3.7565425035362914, 1.8137065006403388, 4.325930714917055, 2.6027639659150483, 0.6146736720894754, -2.861002988889955, 5.330087395379945, -1.3262508783519453, 2.7960703840035226, 5.345494229777638, 2.04000574977084, 1.6977577710675313, 5.929150288560134, 2.49358189714415, 6.236354820304858, 1.9836977245859355, 1.0626989031947758, 5.854460021748144, 4.125586502232572, 8.176555902556768, 7.195494015660949, 3.9210498153517133, 4.958638623625295, -0.09733738138079584, 10.451556936596344, 0.9444514510384587, 1.1299227992592185, 6.367149268480304, 3.554982536915779, 3.3431194530493773, 5.8300917741101, 1.9752146665296264, 5.146529309971099, 5.450262255137634, 4.602931182656882, 2.5941772830050045, 1.6774930203747438, 3.084353469231404, 7.170794574228695, 1.5428340893129766, 8.002131311137742, 3.069827962564075, 5.202053298908902, 11.14752122961821, 2.969799546750161, 4.564015707198322, 3.189747414164003, 5.680645379427213, 6.680516169167827, 2.440106988068287, 4.469386860356527, 7.0035551089904935, 3.55194599272368, 3.414688543499169, 6.5748111210054265, 3.9447706617337923, 3.4776448794531207, -1.9626227153157232, 6.524992479445032, 11.142992790204074, 0.7646119511034914, 12.274046072751503, 1.0334726682359134, 6.522952178903061, 7.001956325641965, 1.6415863844753453, 6.255209725269456, 1.5919635040432312, 2.4223765674047595, 5.130592910894189, 1.4679781473638334, 0.00742646968980476, 3.155209811163053, 2.0758413823399318, 1.543842064343305, 3.642719828477814, 12.437992356280914, 7.046546098571565, 6.0631351856414595],